device_id,window_id,sample_index,timestamp_ms,ax,ay,az,gx,gy,gz
esp32-c3-002,0,0,120428,0.584185,0.380678,-9.830592,-0.02638,-0.026113,0.021051
esp32-c3-002,0,1,120447,0.555455,0.37589,-9.854534,-0.026646,-0.026113,0.022116
esp32-c3-002,0,2,120467,0.545878,0.380678,-9.868899,-0.02638,-0.026113,0.022383
esp32-c3-002,0,3,120487,0.519542,0.354342,-9.880871,-0.027179,-0.026113,0.02185
esp32-c3-002,0,4,120507,0.54109,0.351948,-9.844957,-0.026913,-0.024781,0.020784
esp32-c3-002,0,5,120527,0.500388,0.344765,-9.864111,-0.026113,-0.026646,0.019185
esp32-c3-002,0,6,120547,0.579397,0.371101,-9.818622,-0.025847,-0.027712,0.019718
esp32-c3-002,0,7,120567,0.627281,0.435745,-9.837775,-0.026113,-0.026913,0.022916
esp32-c3-002,0,8,120587,0.600945,0.40462,-9.844957,-0.027979,-0.025047,0.023982
esp32-c3-002,0,9,120607,0.505177,0.349553,-9.909601,-0.02638,-0.026646,0.025047
esp32-c3-002,0,10,120627,0.471658,0.318429,-9.864111,-0.027712,-0.024781,0.022116
esp32-c3-002,0,11,120647,0.452504,0.318429,-9.844957,-0.02558,-0.027179,0.017853
esp32-c3-002,0,12,120667,0.591368,0.380678,-9.861717,-0.026113,-0.02638,0.016521
esp32-c3-002,0,13,120687,0.632069,0.426168,-9.854534,-0.026646,-0.026646,0.020518
esp32-c3-002,0,14,120707,0.632069,0.40462,-9.878476,-0.026913,-0.025047,0.024248
esp32-c3-002,0,15,120727,0.54109,0.35913,-9.868899,-0.026913,-0.02558,0.025314
esp32-c3-002,0,16,120747,0.493206,0.339977,-9.849746,-0.026646,-0.025314,0.023982
esp32-c3-002,0,17,120767,0.4956,0.339977,-9.868899,-0.02638,-0.02558,0.021583
esp32-c3-002,0,18,120787,0.531513,0.361524,-9.828198,-0.026113,-0.025847,0.019185
esp32-c3-002,0,19,120807,0.572214,0.383072,-9.876082,-0.02638,-0.02558,0.018652
esp32-c3-002,0,20,120827,0.636858,0.416591,-9.873688,-0.026113,-0.02558,0.020518
esp32-c3-002,0,21,120847,0.581791,0.385466,-9.837775,-0.026646,-0.027179,0.023715
esp32-c3-002,0,22,120867,0.545878,0.35913,-9.871294,-0.027712,-0.025847,0.023449
esp32-c3-002,0,23,120887,0.464475,0.344765,-9.873688,-0.027446,-0.025847,0.022116
esp32-c3-002,0,24,120907,0.514753,0.347159,-9.880871,-0.025314,-0.02558,0.020251
esp32-c3-002,0,25,120927,0.536301,0.383072,-9.89763,-0.025847,-0.02558,0.019185
esp32-c3-002,0,26,120947,0.620098,0.428562,-9.856929,-0.026113,-0.026113,0.019718
esp32-c3-002,0,27,120967,0.584185,0.397437,-9.856929,-0.027179,-0.025314,0.023182
esp32-c3-002,0,28,120987,0.550666,0.356736,-9.880871,-0.026113,-0.026113,0.022916
esp32-c3-002,0,29,121007,0.500388,0.349553,-9.830592,-0.026913,-0.026113,0.021583
esp32-c3-002,0,30,121027,0.543484,0.35913,-9.873688,-0.026646,-0.026913,0.021051
esp32-c3-002,0,31,121047,0.565032,0.37589,-9.842564,-0.026913,-0.02558,0.020518
esp32-c3-002,0,32,121067,0.557849,0.37589,-9.866506,-0.026913,-0.026646,0.02185
esp32-c3-002,0,33,121087,0.555455,0.363919,-9.849746,-0.027179,-0.025847,0.021583
esp32-c3-002,0,34,121107,0.54109,0.354342,-9.844957,-0.02638,-0.026913,0.020784
esp32-c3-002,0,35,121127,0.562637,0.385466,-9.854534,-0.026646,-0.02638,0.021051
esp32-c3-002,0,36,121147,0.557849,0.383072,-9.866506,-0.026113,-0.026913,0.022116
esp32-c3-002,0,37,121167,0.545878,0.368707,-9.876082,-0.027446,-0.02638,0.021583
esp32-c3-002,0,38,121187,0.531513,0.37589,-9.849746,-0.025847,-0.02638,0.02185
esp32-c3-002,0,39,121207,0.536301,0.349553,-9.847352,-0.026113,-0.026913,0.020518
esp32-c3-002,0,40,121227,0.545878,0.368707,-9.885659,-0.026646,-0.023982,0.020518
esp32-c3-002,0,41,121247,0.548272,0.373495,-9.859323,-0.026113,-0.026646,0.02185
esp32-c3-002,0,42,121267,0.545878,0.366313,-9.861717,-0.026913,-0.025847,0.022116
esp32-c3-002,0,43,121287,0.52433,0.368707,-9.861717,-0.02638,-0.02558,0.022383
esp32-c3-002,0,44,121307,0.545878,0.349553,-9.825804,-0.02558,-0.026646,0.02185
esp32-c3-002,0,45,121328,0.54109,0.368707,-9.837775,-0.025047,-0.027979,0.021051
esp32-c3-002,0,46,121347,0.584185,0.354342,-9.847352,-0.02638,-0.025314,0.020784
esp32-c3-002,0,47,121367,0.574608,0.397437,-9.866506,-0.026913,-0.025847,0.021583
esp32-c3-002,0,48,121388,0.543484,0.366313,-9.859323,-0.02638,-0.026646,0.020784
esp32-c3-002,0,49,121407,0.54109,0.368707,-9.861717,-0.02638,-0.02558,0.02185
esp32-c3-002,0,50,121428,0.533907,0.371101,-9.840169,-0.02638,-0.027179,0.020251
esp32-c3-002,0,51,121447,0.545878,0.385466,-9.868899,-0.02558,-0.02558,0.021317
esp32-c3-002,0,52,121467,0.548272,0.373495,-9.892841,-0.025847,-0.027179,0.021317
esp32-c3-002,0,53,121488,0.553061,0.351948,-9.837775,-0.027446,-0.026646,0.021583
esp32-c3-002,0,54,121507,0.54109,0.383072,-9.830592,-0.02638,-0.02638,0.021583
esp32-c3-002,0,55,121527,0.543484,0.335188,-9.859323,-0.02638,-0.025847,0.021317
esp32-c3-002,0,56,121547,0.514753,0.35913,-9.85214,-0.025847,-0.026913,0.021051
esp32-c3-002,0,57,121567,0.52433,0.390255,-9.844957,-0.026913,-0.025847,0.020784
esp32-c3-002,0,58,121587,0.565032,0.35913,-9.868899,-0.026113,-0.026113,0.020518
esp32-c3-002,0,59,121607,0.586579,0.409408,-9.847352,-0.027179,-0.024515,0.020251
esp32-c3-002,0,60,121627,0.562637,0.385466,-9.880871,-0.026646,-0.026646,0.022383
esp32-c3-002,0,61,121647,0.536301,0.366313,-9.871294,-0.027446,-0.024781,0.02185
esp32-c3-002,0,62,121667,0.54109,0.371101,-9.835381,-0.026913,-0.025314,0.021051
esp32-c3-002,0,63,121687,0.536301,0.371101,-9.849746,-0.027179,-0.02558,0.021317
esp32-c3-002,0,64,121707,0.567426,0.363919,-9.861717,-0.026913,-0.024248,0.02185
esp32-c3-002,0,65,121727,0.567426,0.385466,-9.868899,-0.026913,-0.025314,0.022916
esp32-c3-002,0,66,121747,0.56982,0.368707,-9.876082,-0.026113,-0.025847,0.022916
esp32-c3-002,0,67,121767,0.519542,0.356736,-9.859323,-0.027712,-0.025047,0.021317
esp32-c3-002,0,68,121787,0.557849,0.351948,-9.866506,-0.02638,-0.02558,0.021583
esp32-c3-002,0,69,121807,0.543484,0.37589,-9.856929,-0.02638,-0.024781,0.021317
esp32-c3-002,0,70,121827,0.553061,0.387861,-9.895236,-0.027446,-0.02558,0.021317
esp32-c3-002,0,71,121847,0.550666,0.371101,-9.844957,-0.026913,-0.025047,0.022116
esp32-c3-002,0,72,121867,0.562637,0.349553,-9.832987,-0.02638,-0.024781,0.022916
esp32-c3-002,0,73,121887,0.519542,0.371101,-9.859323,-0.026913,-0.02558,0.021583
esp32-c3-002,0,74,121907,0.509965,0.347159,-9.85214,-0.026913,-0.026113,0.02185
esp32-c3-002,0,75,121927,0.54109,0.373495,-9.856929,-0.026913,-0.02558,0.020518
esp32-c3-002,0,76,121947,0.567426,0.361524,-9.864111,-0.026646,-0.026913,0.020518
esp32-c3-002,0,77,121967,0.577003,0.397437,-9.85214,-0.026913,-0.025047,0.021051
esp32-c3-002,0,78,121987,0.56982,0.392649,-9.856929,-0.026113,-0.026646,0.022916
esp32-c3-002,0,79,122007,0.536301,0.349553,-9.842564,-0.027446,-0.024515,0.023449
esp32-c3-002,0,80,122027,0.509965,0.339977,-9.842564,-0.025847,-0.025847,0.021583
esp32-c3-002,0,81,122047,0.529119,0.339977,-9.835381,-0.025847,-0.02638,0.019718
esp32-c3-002,0,82,122067,0.574608,0.344765,-9.847352,-0.025847,-0.027179,0.018919
esp32-c3-002,0,83,122087,0.584185,0.378284,-9.873688,-0.026646,-0.025314,0.020518
esp32-c3-002,0,84,122107,0.579397,0.385466,-9.859323,-0.026113,-0.02638,0.02185
esp32-c3-002,0,85,122127,0.538695,0.37589,-9.876082,-0.02638,-0.02558,0.022116
esp32-c3-002,0,86,122147,0.531513,0.325611,-9.859323,-0.026113,-0.025314,0.021317
esp32-c3-002,0,87,122167,0.521936,0.35913,-9.866506,-0.025847,-0.02638,0.020784
esp32-c3-002,0,88,122187,0.553061,0.380678,-9.856929,-0.026113,-0.026646,0.019985
esp32-c3-002,0,89,122207,0.574608,0.397437,-9.892841,-0.026113,-0.025047,0.020784
esp32-c3-002,0,90,122227,0.56982,0.37589,-9.861717,-0.027179,-0.02558,0.022383
esp32-c3-002,0,91,122247,0.526724,0.354342,-9.89763,-0.027446,-0.02558,0.022383
esp32-c3-002,0,92,122267,0.519542,0.349553,-9.837775,-0.027179,-0.02558,0.02185
esp32-c3-002,0,93,122287,0.531513,0.371101,-9.866506,-0.025847,-0.02638,0.021051
esp32-c3-002,0,94,122307,0.557849,0.363919,-9.902418,-0.02558,-0.026646,0.019452
esp32-c3-002,0,95,122328,0.574608,0.390255,-9.866506,-0.02638,-0.027179,0.020518
esp32-c3-002,0,96,122347,0.536301,0.356736,-9.847352,-0.026646,-0.027446,0.021583
esp32-c3-002,0,97,122367,0.538695,0.361524,-9.871294,-0.02638,-0.026113,0.021051
esp32-c3-002,0,98,122387,0.565032,0.414197,-9.883265,-0.026113,-0.026646,0.020784
esp32-c3-002,0,99,122408,0.61531,0.414197,-9.859323,-0.02638,-0.026113,0.022383
esp32-c3-002,1,0,126875,0.557849,0.366313,-9.840169,-0.026646,-0.026113,0.021317
esp32-c3-002,1,1,126894,0.536301,0.366313,-9.888053,-0.026113,-0.025847,0.02185
esp32-c3-002,1,2,126915,0.543484,0.371101,-9.85214,-0.025847,-0.02638,0.022116
esp32-c3-002,1,3,126934,0.536301,0.351948,-9.837775,-0.026913,-0.02638,0.020518
esp32-c3-002,1,4,126954,0.54109,0.35913,-9.835381,-0.025847,-0.02638,0.020784
esp32-c3-002,1,5,126974,0.538695,0.371101,-9.880871,-0.026113,-0.025847,0.021317
esp32-c3-002,1,6,126994,0.54109,0.354342,-9.864111,-0.026646,-0.026646,0.021583
esp32-c3-002,1,7,127015,0.577003,0.363919,-9.861717,-0.02638,-0.02558,0.021317
esp32-c3-002,1,8,127034,0.536301,0.383072,-9.830592,-0.02638,-0.02638,0.02185
esp32-c3-002,1,9,127054,0.52433,0.371101,-9.828198,-0.026113,-0.02638,0.021317
esp32-c3-002,1,10,127074,0.54109,0.349553,-9.864111,-0.026913,-0.026113,0.020784
esp32-c3-002,1,11,127094,0.565032,0.366313,-9.861717,-0.027179,-0.025847,0.021051
esp32-c3-002,1,12,127115,0.572214,0.349553,-9.840169,-0.026913,-0.026113,0.020784
esp32-c3-002,1,13,127134,0.562637,0.361524,-9.85214,-0.026913,-0.02638,0.021583
esp32-c3-002,1,14,127154,0.505177,0.438139,-9.847352,-0.02638,-0.02638,0.022649
esp32-c3-002,1,15,127175,0.555455,0.383072,-9.85214,-0.026913,-0.025047,0.022649
esp32-c3-002,1,16,127194,0.500388,0.378284,-9.837775,-0.026113,-0.026646,0.021317
esp32-c3-002,1,17,127214,0.560243,0.349553,-9.871294,-0.026913,-0.025047,0.021051
esp32-c3-002,1,18,127234,0.581791,0.385466,-9.856929,-0.02638,-0.026113,0.020518
esp32-c3-002,1,19,127254,0.579397,0.383072,-9.842564,-0.026913,-0.026113,0.020518
esp32-c3-002,1,20,127274,0.579397,0.397437,-9.856929,-0.026646,-0.02558,0.022116
esp32-c3-002,1,21,127294,0.591368,0.368707,-9.856929,-0.02638,-0.025847,0.022649
esp32-c3-002,1,22,127314,0.519542,0.366313,-9.873688,-0.026113,-0.025847,0.022383
esp32-c3-002,1,23,127335,0.488417,0.351948,-9.861717,-0.027179,-0.025847,0.022916
esp32-c3-002,1,24,127354,0.507571,0.35913,-9.849746,-0.027179,-0.02558,0.02185
esp32-c3-002,1,25,127374,0.536301,0.354342,-9.856929,-0.026913,-0.02638,0.021051
esp32-c3-002,1,26,127394,0.560243,0.354342,-9.854534,-0.026913,-0.025314,0.020251
esp32-c3-002,1,27,127414,0.545878,0.390255,-9.85214,-0.026646,-0.026646,0.020784
esp32-c3-002,1,28,127434,0.596156,0.342371,-9.837775,-0.026913,-0.02558,0.02185
esp32-c3-002,1,29,127454,0.54109,0.426168,-9.864111,-0.026646,-0.026646,0.021317
esp32-c3-002,1,30,127474,0.521936,0.373495,-9.847352,-0.026913,-0.02638,0.02185
esp32-c3-002,1,31,127494,0.553061,0.354342,-9.871294,-0.026113,-0.026913,0.02185
esp32-c3-002,1,32,127514,0.536301,0.349553,-9.835381,-0.02638,-0.025314,0.020518
esp32-c3-002,1,33,127534,0.550666,0.373495,-9.861717,-0.027179,-0.02638,0.020251
esp32-c3-002,1,34,127554,0.555455,0.373495,-9.868899,-0.02638,-0.025847,0.020251
esp32-c3-002,1,35,127574,0.565032,0.385466,-9.856929,-0.02638,-0.02638,0.021583
esp32-c3-002,1,36,127594,0.560243,0.363919,-9.840169,-0.02638,-0.02638,0.021051
esp32-c3-002,1,37,127614,0.548272,0.363919,-9.849746,-0.026113,-0.026646,0.021317
esp32-c3-002,1,38,127634,0.517148,0.378284,-9.885659,-0.02638,-0.026646,0.020784
esp32-c3-002,1,39,127654,0.509965,0.361524,-9.856929,-0.025847,-0.027179,0.020518
esp32-c3-002,1,40,127674,0.529119,0.356736,-9.85214,-0.02558,-0.02638,0.020251
esp32-c3-002,1,41,127694,0.545878,0.371101,-9.85214,-0.02638,-0.02638,0.021317
esp32-c3-002,1,42,127714,0.646434,0.397437,-9.82341,-0.026646,-0.02558,0.020251
esp32-c3-002,1,43,127734,0.560243,0.397437,-9.864111,-0.027446,-0.02638,0.021317
esp32-c3-002,1,44,127754,0.588974,0.378284,-9.864111,-0.026646,-0.025047,0.022916
esp32-c3-002,1,45,127774,0.502782,0.378284,-9.849746,-0.02638,-0.025847,0.022649
esp32-c3-002,1,46,127794,0.512359,0.339977,-9.842564,-0.026913,-0.025847,0.02185
esp32-c3-002,1,47,127814,0.526724,0.378284,-9.842564,-0.026646,-0.026646,0.021317
esp32-c3-002,1,48,127834,0.550666,0.380678,-9.856929,-0.026646,-0.025314,0.019452
esp32-c3-002,1,49,127854,0.560243,0.383072,-9.813833,-0.02638,-0.025847,0.020784
esp32-c3-002,1,50,127874,0.562637,0.397437,-9.840169,-0.026913,-0.02638,0.02185
esp32-c3-002,1,51,127894,0.555455,0.373495,-9.859323,-0.02638,-0.025847,0.022383
esp32-c3-002,1,52,127914,0.514753,0.373495,-9.873688,-0.026913,-0.025847,0.022116
esp32-c3-002,1,53,127934,0.529119,0.361524,-9.856929,-0.027446,-0.025047,0.021317
esp32-c3-002,1,54,127954,0.574608,0.354342,-9.859323,-0.027179,-0.025314,0.020518
esp32-c3-002,1,55,127974,0.548272,0.356736,-9.885659,-0.027179,-0.025047,0.021051
esp32-c3-002,1,56,127994,0.574608,0.37589,-9.837775,-0.02638,-0.025047,0.022649
esp32-c3-002,1,57,128014,0.567426,0.378284,-9.854534,-0.026913,-0.025047,0.022916
esp32-c3-002,1,58,128034,0.574608,0.371101,-9.866506,-0.026913,-0.024781,0.022649
esp32-c3-002,1,59,128054,0.562637,0.366313,-9.85214,-0.027179,-0.02558,0.023449
esp32-c3-002,1,60,128074,0.536301,0.35913,-9.835381,-0.026113,-0.026913,0.023982
esp32-c3-002,1,61,128094,0.531513,0.342371,-9.880871,-0.026646,-0.02558,0.023449
esp32-c3-002,1,62,128114,0.486023,0.356736,-9.871294,-0.026646,-0.025847,0.021051
esp32-c3-002,1,63,128134,0.529119,0.35913,-9.864111,-0.026646,-0.026646,0.019185
esp32-c3-002,1,64,128154,0.548272,0.373495,-9.844957,-0.02638,-0.026113,0.019452
esp32-c3-002,1,65,128174,0.591368,0.395043,-9.880871,-0.026646,-0.025047,0.021317
esp32-c3-002,1,66,128194,0.591368,0.399832,-9.854534,-0.026646,-0.02558,0.022116
esp32-c3-002,1,67,128214,0.550666,0.380678,-9.844957,-0.027446,-0.02558,0.022916
esp32-c3-002,1,68,128235,0.521936,0.339977,-9.861717,-0.025847,-0.026113,0.022116
esp32-c3-002,1,69,128254,0.514753,0.351948,-9.85214,-0.026913,-0.025047,0.020251
esp32-c3-002,1,70,128274,0.548272,0.368707,-9.837775,-0.02638,-0.027179,0.019452
esp32-c3-002,1,71,128294,0.584185,0.387861,-9.861717,-0.026913,-0.02558,0.020518
esp32-c3-002,1,72,128314,0.577003,0.383072,-9.866506,-0.026913,-0.025847,0.020784
esp32-c3-002,1,73,128334,0.572214,0.380678,-9.849746,-0.02638,-0.02638,0.022649
esp32-c3-002,1,74,128354,0.529119,0.366313,-9.844957,-0.026913,-0.026113,0.022649
esp32-c3-002,1,75,128374,0.514753,0.354342,-9.849746,-0.026113,-0.02638,0.02185
esp32-c3-002,1,76,128394,0.536301,0.371101,-9.835381,-0.025847,-0.02558,0.019718
esp32-c3-002,1,77,128414,0.555455,0.387861,-9.861717,-0.025847,-0.025847,0.021317
esp32-c3-002,1,78,128434,0.574608,0.402226,-9.866506,-0.026913,-0.025847,0.021317
esp32-c3-002,1,79,128455,0.567426,0.380678,-9.873688,-0.026913,-0.026113,0.02185
esp32-c3-002,1,80,128474,0.54109,0.366313,-9.883265,-0.02638,-0.02558,0.022916
esp32-c3-002,1,81,128494,0.533907,0.354342,-9.849746,-0.025847,-0.025847,0.020518
esp32-c3-002,1,82,128514,0.567426,0.366313,-9.825804,-0.02638,-0.02638,0.020784
esp32-c3-002,1,83,128534,0.548272,0.37589,-9.847352,-0.02638,-0.02638,0.020251
esp32-c3-002,1,84,128554,0.562637,0.380678,-9.883265,-0.027446,-0.025847,0.020251
esp32-c3-002,1,85,128574,0.553061,0.380678,-9.842564,-0.025847,-0.02638,0.02185
esp32-c3-002,1,86,128594,0.533907,0.349553,-9.847352,-0.02638,-0.025847,0.021583
esp32-c3-002,1,87,128614,0.545878,0.363919,-9.876082,-0.026646,-0.02558,0.021051
esp32-c3-002,1,88,128634,0.562637,0.368707,-9.89763,-0.02638,-0.026113,0.022383
esp32-c3-002,1,89,128655,0.567426,0.371101,-9.854534,-0.027179,-0.026913,0.021051
esp32-c3-002,1,90,128674,0.562637,0.371101,-9.866506,-0.027179,-0.026113,0.02185
esp32-c3-002,1,91,128694,0.54109,0.371101,-9.868899,-0.027179,-0.02638,0.021583
esp32-c3-002,1,92,128714,0.555455,0.35913,-9.82341,-0.026113,-0.025847,0.021583
esp32-c3-002,1,93,128734,0.543484,0.354342,-9.847352,-0.025847,-0.026913,0.021583
esp32-c3-002,1,94,128754,0.529119,0.361524,-9.849746,-0.02638,-0.02638,0.021317
esp32-c3-002,1,95,128774,0.543484,0.373495,-9.880871,-0.026113,-0.026646,0.020784
esp32-c3-002,1,96,128794,0.557849,0.371101,-9.866506,-0.02638,-0.02638,0.021317
esp32-c3-002,1,97,128814,0.545878,0.363919,-9.880871,-0.02638,-0.026646,0.020784
esp32-c3-002,1,98,128834,0.533907,0.383072,-9.878476,-0.025847,-0.026113,0.02185
esp32-c3-002,1,99,128855,0.548272,0.390255,-9.849746,-0.025847,-0.026646,0.02185
esp32-c3-002,2,0,128952,0.545878,0.383072,-9.842564,-0.025314,-0.026113,0.021317
esp32-c3-002,2,1,128971,0.560243,0.371101,-9.85214,-0.02638,-0.02638,0.021317
esp32-c3-002,2,2,128991,0.54109,0.366313,-9.895236,-0.02638,-0.027446,0.020784
esp32-c3-002,2,3,129012,0.572214,0.371101,-9.868899,-0.025847,-0.027446,0.021317
esp32-c3-002,2,4,129031,0.54109,0.35913,-9.871294,-0.02638,-0.02638,0.021051
esp32-c3-002,2,5,129051,0.52433,0.383072,-9.871294,-0.026113,-0.025847,0.021317
esp32-c3-002,2,6,129071,0.533907,0.368707,-9.878476,-0.025847,-0.025314,0.022116
esp32-c3-002,2,7,129091,0.531513,0.371101,-9.866506,-0.02638,-0.026913,0.021317
esp32-c3-002,2,8,129111,0.536301,0.361524,-9.854534,-0.026646,-0.026913,0.021317
esp32-c3-002,2,9,129131,0.545878,0.356736,-9.849746,-0.025314,-0.027179,0.021317
esp32-c3-002,2,10,129151,0.560243,0.373495,-9.866506,-0.026113,-0.027446,0.019985
esp32-c3-002,2,11,129171,0.562637,0.380678,-9.883265,-0.026113,-0.026913,0.019452
esp32-c3-002,2,12,129191,0.562637,0.390255,-9.842564,-0.025847,-0.026913,0.020251
esp32-c3-002,2,13,129211,0.557849,0.378284,-9.844957,-0.025847,-0.026113,0.021583
esp32-c3-002,2,14,129231,0.550666,0.368707,-9.876082,-0.02638,-0.025847,0.022916
esp32-c3-002,2,15,129251,0.507571,0.363919,-9.880871,-0.02638,-0.025847,0.022116
esp32-c3-002,2,16,129271,0.52433,0.361524,-9.840169,-0.02638,-0.026646,0.021317
esp32-c3-002,2,17,129291,0.526724,0.361524,-9.861717,-0.026646,-0.026913,0.020784
esp32-c3-002,2,18,129311,0.548272,0.356736,-9.844957,-0.026113,-0.026113,0.020518
esp32-c3-002,2,19,129331,0.56982,0.37589,-9.837775,-0.026113,-0.02558,0.020518
esp32-c3-002,2,20,129351,0.565032,0.383072,-9.854534,-0.026113,-0.026113,0.02185
esp32-c3-002,2,21,129371,0.557849,0.363919,-9.859323,-0.02638,-0.026913,0.022383
esp32-c3-002,2,22,129391,0.54109,0.390255,-9.878476,-0.02638,-0.025847,0.022116
esp32-c3-002,2,23,129411,0.550666,0.361524,-9.873688,-0.02638,-0.026113,0.021317
esp32-c3-002,2,24,129431,0.553061,0.37589,-9.856929,-0.02558,-0.025847,0.021583
esp32-c3-002,2,25,129451,0.565032,0.371101,-9.85214,-0.026113,-0.027179,0.021051
esp32-c3-002,2,26,129471,0.56982,0.378284,-9.849746,-0.027179,-0.026113,0.021317
esp32-c3-002,2,27,129491,0.555455,0.373495,-9.844957,-0.026646,-0.02638,0.022383
esp32-c3-002,2,28,129511,0.548272,0.371101,-9.842564,-0.026113,-0.025314,0.021583
esp32-c3-002,2,29,129531,0.538695,0.368707,-9.859323,-0.026113,-0.025847,0.021051
esp32-c3-002,2,30,129551,0.538695,0.351948,-9.854534,-0.026113,-0.02638,0.021051
esp32-c3-002,2,31,129571,0.550666,0.354342,-9.837775,-0.025047,-0.02638,0.020518
esp32-c3-002,2,32,129591,0.56982,0.356736,-9.876082,-0.026113,-0.025847,0.021051
esp32-c3-002,2,33,129611,0.557849,0.387861,-9.902418,-0.026113,-0.02558,0.021583
esp32-c3-002,2,34,129631,0.560243,0.387861,-9.85214,-0.026113,-0.025847,0.021583
esp32-c3-002,2,35,129651,0.550666,0.356736,-9.840169,-0.026913,-0.026113,0.022916
esp32-c3-002,2,36,129671,0.536301,0.366313,-9.849746,-0.027179,-0.025847,0.022383
esp32-c3-002,2,37,129691,0.531513,0.371101,-9.85214,-0.026913,-0.026113,0.021583
esp32-c3-002,2,38,129711,0.536301,0.37589,-9.878476,-0.02638,-0.026113,0.021317
esp32-c3-002,2,39,129731,0.545878,0.380678,-9.876082,-0.026113,-0.026113,0.021317
esp32-c3-002,2,40,129751,0.560243,0.354342,-9.856929,-0.026646,-0.026113,0.021583
esp32-c3-002,2,41,129771,0.560243,0.363919,-9.856929,-0.026646,-0.02558,0.021317
esp32-c3-002,2,42,129792,0.550666,0.35913,-9.821015,-0.02558,-0.02558,0.022383
esp32-c3-002,2,43,129811,0.545878,0.371101,-9.842564,-0.027712,-0.025847,0.021051
esp32-c3-002,2,44,129831,0.555455,0.373495,-9.842564,-0.02638,-0.025847,0.022116
esp32-c3-002,2,45,129851,0.531513,0.361524,-9.849746,-0.026646,-0.02638,0.02185
esp32-c3-002,2,46,129871,0.562637,0.385466,-9.85214,-0.026913,-0.026646,0.021583
esp32-c3-002,2,47,129891,0.560243,0.363919,-9.844957,-0.026646,-0.026113,0.021317
esp32-c3-002,2,48,129911,0.553061,0.35913,-9.859323,-0.026913,-0.026113,0.02185
esp32-c3-002,2,49,129931,0.533907,0.371101,-9.854534,-0.026913,-0.02558,0.021051
esp32-c3-002,2,50,129951,0.538695,0.37589,-9.854534,-0.026113,-0.026646,0.021317
esp32-c3-002,2,51,129971,0.545878,0.363919,-9.849746,-0.026913,-0.02558,0.020784
esp32-c3-002,2,52,129991,0.555455,0.354342,-9.864111,-0.027179,-0.02638,0.021051
esp32-c3-002,2,53,130011,0.553061,0.37589,-9.844957,-0.026913,-0.026646,0.021317
esp32-c3-002,2,54,130031,0.567426,0.368707,-9.859323,-0.02638,-0.02558,0.021051
esp32-c3-002,2,55,130051,0.543484,0.378284,-9.856929,-0.026646,-0.025847,0.020784
esp32-c3-002,2,56,130071,0.550666,0.373495,-9.859323,-0.026113,-0.025847,0.021317
esp32-c3-002,2,57,130091,0.52433,0.368707,-9.849746,-0.025847,-0.025847,0.021583
esp32-c3-002,2,58,130111,0.529119,0.363919,-9.864111,-0.026646,-0.026646,0.021051
esp32-c3-002,2,59,130131,0.536301,0.366313,-9.82341,-0.026913,-0.02638,0.021583
esp32-c3-002,2,60,130151,0.557849,0.361524,-9.878476,-0.026913,-0.025847,0.021317
esp32-c3-002,2,61,130171,0.550666,0.380678,-9.847352,-0.026113,-0.02638,0.021317
esp32-c3-002,2,62,130191,0.543484,0.378284,-9.849746,-0.027179,-0.025314,0.021317
esp32-c3-002,2,63,130211,0.553061,0.378284,-9.849746,-0.026646,-0.026113,0.020518
esp32-c3-002,2,64,130231,0.557849,0.356736,-9.885659,-0.02638,-0.027446,0.020784
esp32-c3-002,2,65,130251,0.565032,0.380678,-9.859323,-0.026646,-0.02558,0.02185
esp32-c3-002,2,66,130271,0.56982,0.354342,-9.837775,-0.02638,-0.026913,0.022116
esp32-c3-002,2,67,130291,0.550666,0.368707,-9.844957,-0.026113,-0.02638,0.021317
esp32-c3-002,2,68,130311,0.557849,0.373495,-9.849746,-0.026913,-0.027179,0.021051
esp32-c3-002,2,69,130331,0.562637,0.356736,-9.842564,-0.025847,-0.026113,0.022116
esp32-c3-002,2,70,130351,0.543484,0.366313,-9.880871,-0.026913,-0.02558,0.02185
esp32-c3-002,2,71,130371,0.548272,0.37589,-9.868899,-0.02638,-0.026113,0.021051
esp32-c3-002,2,72,130391,0.545878,0.366313,-9.859323,-0.02638,-0.026113,0.02185
esp32-c3-002,2,73,130411,0.543484,0.361524,-9.856929,-0.026646,-0.02558,0.021583
esp32-c3-002,2,74,130431,0.536301,0.373495,-9.878476,-0.026913,-0.02638,0.02185
esp32-c3-002,2,75,130451,0.54109,0.354342,-9.85214,-0.026913,-0.025314,0.021583
esp32-c3-002,2,76,130471,0.536301,0.366313,-9.892841,-0.026113,-0.026646,0.021051
esp32-c3-002,2,77,130491,0.538695,0.363919,-9.859323,-0.02638,-0.025847,0.021051
esp32-c3-002,2,78,130511,0.529119,0.368707,-9.849746,-0.026646,-0.025314,0.021583
esp32-c3-002,2,79,130531,0.545878,0.373495,-9.880871,-0.025847,-0.026913,0.021317
esp32-c3-002,2,80,130551,0.545878,0.35913,-9.847352,-0.026646,-0.02638,0.021051
esp32-c3-002,2,81,130571,0.54109,0.35913,-9.871294,-0.02638,-0.026646,0.02185
esp32-c3-002,2,82,130591,0.548272,0.368707,-9.856929,-0.02638,-0.02638,0.022116
esp32-c3-002,2,83,130611,0.555455,0.371101,-9.861717,-0.025847,-0.02558,0.020784
esp32-c3-002,2,84,130631,0.555455,0.356736,-9.85214,-0.025847,-0.02638,0.021051
esp32-c3-002,2,85,130651,0.543484,0.37589,-9.861717,-0.026646,-0.02558,0.021317
esp32-c3-002,2,86,130671,0.555455,0.380678,-9.830592,-0.026913,-0.026113,0.02185
esp32-c3-002,2,87,130691,0.529119,0.368707,-9.837775,-0.026646,-0.025847,0.021317
esp32-c3-002,2,88,130712,0.533907,0.351948,-9.813833,-0.02638,-0.02638,0.021317
esp32-c3-002,2,89,130731,0.531513,0.356736,-9.828198,-0.02638,-0.02638,0.021317
esp32-c3-002,2,90,130751,0.550666,0.356736,-9.85214,-0.02638,-0.026646,0.021317
esp32-c3-002,2,91,130771,0.543484,0.397437,-9.866506,-0.02638,-0.024248,0.022116
esp32-c3-002,2,92,130791,0.553061,0.371101,-9.890448,-0.026646,-0.02638,0.021051
esp32-c3-002,2,93,130811,0.557849,0.378284,-9.854534,-0.02638,-0.025314,0.022116
esp32-c3-002,2,94,130831,0.545878,0.371101,-9.880871,-0.02638,-0.025314,0.021583
esp32-c3-002,2,95,130851,0.557849,0.373495,-9.854534,-0.026113,-0.026113,0.021317
esp32-c3-002,2,96,130871,0.536301,0.349553,-9.844957,-0.02558,-0.02558,0.02185
esp32-c3-002,2,97,130891,0.550666,0.387861,-9.842564,-0.02558,-0.025847,0.021583
esp32-c3-002,2,98,130911,0.555455,0.35913,-9.85214,-0.025847,-0.027446,0.020784
esp32-c3-002,2,99,130931,0.562637,0.366313,-9.888053,-0.025314,-0.02558,0.021583
esp32-c3-002,3,0,131027,0.548272,0.361524,-9.85214,-0.02638,-0.02558,0.021317
esp32-c3-002,3,1,131046,0.54109,0.37589,-9.82341,-0.02638,-0.026113,0.021051
esp32-c3-002,3,2,131066,0.550666,0.361524,-9.876082,-0.02638,-0.026913,0.020518
esp32-c3-002,3,3,131086,0.557849,0.378284,-9.861717,-0.026646,-0.025847,0.022116
esp32-c3-002,3,4,131107,0.560243,0.37589,-9.878476,-0.026913,-0.025047,0.021317
esp32-c3-002,3,5,131126,0.538695,0.339977,-9.878476,-0.02638,-0.02558,0.021583
esp32-c3-002,3,6,131146,0.536301,0.37589,-9.854534,-0.027446,-0.025047,0.021317
esp32-c3-002,3,7,131166,0.54109,0.385466,-9.866506,-0.027179,-0.025047,0.02185
esp32-c3-002,3,8,131186,0.550666,0.373495,-9.866506,-0.026646,-0.025847,0.022116
esp32-c3-002,3,9,131206,0.553061,0.361524,-9.856929,-0.026113,-0.025314,0.021583
esp32-c3-002,3,10,131226,0.54109,0.371101,-9.85214,-0.026646,-0.024515,0.022116
esp32-c3-002,3,11,131246,0.543484,0.371101,-9.840169,-0.026913,-0.025047,0.022116
esp32-c3-002,3,12,131266,0.555455,0.368707,-9.818622,-0.027179,-0.02558,0.022383
esp32-c3-002,3,13,131286,0.543484,0.378284,-9.878476,-0.027712,-0.025047,0.022916
esp32-c3-002,3,14,131306,0.531513,0.371101,-9.837775,-0.026646,-0.02558,0.021583
esp32-c3-002,3,15,131326,0.543484,0.35913,-9.844957,-0.026913,-0.026113,0.021051
esp32-c3-002,3,16,131346,0.526724,0.368707,-9.85214,-0.026913,-0.025847,0.021051
esp32-c3-002,3,17,131366,0.543484,0.373495,-9.844957,-0.026646,-0.02558,0.021051
esp32-c3-002,3,18,131386,0.567426,0.373495,-9.864111,-0.02638,-0.026646,0.021583
esp32-c3-002,3,19,131406,0.555455,0.37589,-9.861717,-0.026913,-0.026113,0.021583
esp32-c3-002,3,20,131426,0.543484,0.383072,-9.840169,-0.02638,-0.02638,0.021583
esp32-c3-002,3,21,131446,0.545878,0.37589,-9.885659,-0.027979,-0.02558,0.022116
esp32-c3-002,3,22,131466,0.538695,0.385466,-9.861717,-0.025847,-0.026913,0.021051
esp32-c3-002,3,23,131486,0.54109,0.380678,-9.854534,-0.026113,-0.026646,0.020784
esp32-c3-002,3,24,131506,0.54109,0.383072,-9.883265,-0.025847,-0.02638,0.020784
esp32-c3-002,3,25,131526,0.579397,0.371101,-9.856929,-0.02638,-0.027446,0.020784
esp32-c3-002,3,26,131546,0.54109,0.35913,-9.890448,-0.02558,-0.026913,0.022116
esp32-c3-002,3,27,131566,0.531513,0.356736,-9.840169,-0.02638,-0.026913,0.021583
esp32-c3-002,3,28,131586,0.521936,0.344765,-9.868899,-0.026113,-0.027179,0.019985
esp32-c3-002,3,29,131606,0.538695,0.368707,-9.859323,-0.026113,-0.026913,0.019452
esp32-c3-002,3,30,131626,0.565032,0.378284,-9.849746,-0.025847,-0.027179,0.019718
esp32-c3-002,3,31,131646,0.574608,0.363919,-9.890448,-0.026113,-0.026113,0.020784
esp32-c3-002,3,32,131666,0.577003,0.390255,-9.854534,-0.026113,-0.025314,0.022916
esp32-c3-002,3,33,131686,0.545878,0.35913,-9.868899,-0.02558,-0.025847,0.02185
esp32-c3-002,3,34,131706,0.519542,0.371101,-9.871294,-0.026646,-0.026113,0.022116
esp32-c3-002,3,35,131726,0.517148,0.361524,-9.821015,-0.026646,-0.026646,0.021051
esp32-c3-002,3,36,131746,0.548272,0.351948,-9.864111,-0.02638,-0.025847,0.021317
esp32-c3-002,3,37,131766,0.555455,0.35913,-9.866506,-0.026646,-0.025847,0.020251
esp32-c3-002,3,38,131786,0.555455,0.366313,-9.868899,-0.025847,-0.026646,0.021051
esp32-c3-002,3,39,131806,0.543484,0.390255,-9.856929,-0.025847,-0.02638,0.021051
esp32-c3-002,3,40,131827,0.560243,0.35913,-9.847352,-0.026646,-0.025847,0.02185
esp32-c3-002,3,41,131846,0.536301,0.354342,-9.868899,-0.026913,-0.02558,0.021317
esp32-c3-002,3,42,131866,0.526724,0.371101,-9.849746,-0.025847,-0.026113,0.021317
esp32-c3-002,3,43,131886,0.536301,0.347159,-9.866506,-0.02638,-0.02558,0.021051
esp32-c3-002,3,44,131906,0.538695,0.37589,-9.854534,-0.02638,-0.02638,0.020784
esp32-c3-002,3,45,131926,0.54109,0.351948,-9.868899,-0.025847,-0.025314,0.021051
esp32-c3-002,3,46,131946,0.567426,0.373495,-9.830592,-0.026646,-0.026113,0.021317
esp32-c3-002,3,47,131966,0.538695,0.371101,-9.868899,-0.027446,-0.02638,0.021583
esp32-c3-002,3,48,131986,0.548272,0.361524,-9.847352,-0.026913,-0.026913,0.022383
esp32-c3-002,3,49,132006,0.533907,0.363919,-9.859323,-0.026913,-0.02558,0.021317
esp32-c3-002,3,50,132026,0.538695,0.356736,-9.864111,-0.026646,-0.025314,0.022116
esp32-c3-002,3,51,132046,0.533907,0.361524,-9.871294,-0.026913,-0.027446,0.021583
esp32-c3-002,3,52,132066,0.543484,0.366313,-9.890448,-0.026646,-0.025847,0.021051
esp32-c3-002,3,53,132086,0.545878,0.383072,-9.854534,-0.02638,-0.026113,0.02185
esp32-c3-002,3,54,132106,0.555455,0.380678,-9.880871,-0.026646,-0.02558,0.022116
esp32-c3-002,3,55,132127,0.560243,0.373495,-9.832987,-0.026646,-0.025047,0.021051
esp32-c3-002,3,56,132146,0.538695,0.363919,-9.864111,-0.026646,-0.025314,0.020784
esp32-c3-002,3,57,132166,0.553061,0.361524,-9.861717,-0.02638,-0.02558,0.021051
esp32-c3-002,3,58,132186,0.553061,0.378284,-9.885659,-0.02638,-0.026113,0.021051
esp32-c3-002,3,59,132206,0.545878,0.37589,-9.859323,-0.026113,-0.02638,0.021583
esp32-c3-002,3,60,132226,0.548272,0.349553,-9.825804,-0.02638,-0.026113,0.021051
esp32-c3-002,3,61,132246,0.550666,0.373495,-9.825804,-0.026913,-0.026113,0.022116
esp32-c3-002,3,62,132266,0.533907,0.35913,-9.842564,-0.026646,-0.026113,0.021583
esp32-c3-002,3,63,132286,0.521936,0.351948,-9.837775,-0.026913,-0.02638,0.021317
esp32-c3-002,3,64,132306,0.555455,0.37589,-9.849746,-0.026646,-0.02558,0.021051
esp32-c3-002,3,65,132326,0.555455,0.378284,-9.866506,-0.026646,-0.024781,0.021317
esp32-c3-002,3,66,132346,0.548272,0.373495,-9.885659,-0.026646,-0.025847,0.02185
esp32-c3-002,3,67,132366,0.538695,0.383072,-9.866506,-0.026646,-0.02638,0.020784
esp32-c3-002,3,68,132386,0.545878,0.351948,-9.854534,-0.026646,-0.02558,0.021051
esp32-c3-002,3,69,132406,0.548272,0.380678,-9.883265,-0.02638,-0.027179,0.021051
esp32-c3-002,3,70,132426,0.54109,0.361524,-9.837775,-0.026646,-0.026113,0.021051
esp32-c3-002,3,71,132446,0.565032,0.37589,-9.854534,-0.026113,-0.027446,0.021051
esp32-c3-002,3,72,132466,0.548272,0.37589,-9.868899,-0.02638,-0.026913,0.02185
esp32-c3-002,3,73,132486,0.555455,0.378284,-9.861717,-0.025847,-0.02638,0.022383
esp32-c3-002,3,74,132506,0.56982,0.371101,-9.890448,-0.026646,-0.027446,0.023982
esp32-c3-002,3,75,132526,0.519542,0.342371,-9.859323,-0.02638,-0.025847,0.023449
esp32-c3-002,3,76,132546,0.497994,0.337582,-9.873688,-0.02638,-0.025314,0.021051
esp32-c3-002,3,77,132566,0.521936,0.347159,-9.854534,-0.027446,-0.026113,0.019452
esp32-c3-002,3,78,132586,0.567426,0.373495,-9.847352,-0.02638,-0.027179,0.019185
esp32-c3-002,3,79,132606,0.574608,0.395043,-9.825804,-0.025847,-0.027179,0.020251
esp32-c3-002,3,80,132626,0.574608,0.395043,-9.854534,-0.02638,-0.025314,0.02185
esp32-c3-002,3,81,132646,0.565032,0.371101,-9.873688,-0.026646,-0.025847,0.022383
esp32-c3-002,3,82,132666,0.533907,0.347159,-9.878476,-0.026646,-0.026113,0.023182
esp32-c3-002,3,83,132686,0.531513,0.356736,-9.859323,-0.026113,-0.026646,0.021583
esp32-c3-002,3,84,132706,0.517148,0.356736,-9.861717,-0.02558,-0.027712,0.021317
esp32-c3-002,3,85,132726,0.54109,0.368707,-9.864111,-0.02638,-0.027446,0.020784
esp32-c3-002,3,86,132746,0.553061,0.373495,-9.854534,-0.025847,-0.026646,0.020251
esp32-c3-002,3,87,132766,0.565032,0.354342,-9.856929,-0.02638,-0.027446,0.020784
esp32-c3-002,3,88,132786,0.550666,0.371101,-9.866506,-0.026913,-0.026913,0.021317
esp32-c3-002,3,89,132806,0.521936,0.361524,-9.854534,-0.025847,-0.026913,0.021051
esp32-c3-002,3,90,132826,0.557849,0.351948,-9.847352,-0.02638,-0.026113,0.021317
esp32-c3-002,3,91,132846,0.56982,0.368707,-9.849746,-0.02638,-0.025847,0.021317
esp32-c3-002,3,92,132866,0.557849,0.35913,-9.844957,-0.02558,-0.026113,0.021583
esp32-c3-002,3,93,132886,0.536301,0.361524,-9.859323,-0.026113,-0.026113,0.02185
esp32-c3-002,3,94,132906,0.54109,0.361524,-9.842564,-0.02638,-0.025847,0.021317
esp32-c3-002,3,95,132926,0.533907,0.35913,-9.864111,-0.026913,-0.025314,0.022383
esp32-c3-002,3,96,132946,0.548272,0.383072,-9.854534,-0.026113,-0.02638,0.021051
esp32-c3-002,3,97,132967,0.54109,0.361524,-9.842564,-0.026113,-0.026913,0.021051
esp32-c3-002,3,98,132986,0.536301,0.368707,-9.856929,-0.02558,-0.026913,0.021051
esp32-c3-002,3,99,133006,0.560243,0.378284,-9.828198,-0.02558,-0.02638,0.020784
esp32-c3-002,4,0,133109,0.548272,0.35913,-9.873688,-0.026646,-0.026646,0.022116
esp32-c3-002,4,1,133129,0.543484,0.371101,-9.85214,-0.027179,-0.025047,0.021317
esp32-c3-002,4,2,133148,0.545878,0.373495,-9.861717,-0.025847,-0.025047,0.021317
esp32-c3-002,4,3,133168,0.543484,0.361524,-9.864111,-0.026646,-0.02558,0.021583
esp32-c3-002,4,4,133188,0.555455,0.361524,-9.876082,-0.026646,-0.02638,0.02185
esp32-c3-002,4,5,133209,0.555455,0.368707,-9.868899,-0.025847,-0.025847,0.021317
esp32-c3-002,4,6,133228,0.533907,0.37589,-9.864111,-0.02638,-0.025314,0.022116
esp32-c3-002,4,7,133248,0.545878,0.373495,-9.821015,-0.026913,-0.025847,0.021317
esp32-c3-002,4,8,133268,0.533907,0.354342,-9.873688,-0.026646,-0.025847,0.021317
esp32-c3-002,4,9,133288,0.562637,0.361524,-9.868899,-0.027179,-0.02638,0.022116
esp32-c3-002,4,10,133308,0.557849,0.371101,-9.849746,-0.02638,-0.025047,0.02185
esp32-c3-002,4,11,133328,0.543484,0.380678,-9.818622,-0.027179,-0.02558,0.021051
esp32-c3-002,4,12,133348,0.54109,0.373495,-9.85214,-0.025847,-0.02558,0.021317
esp32-c3-002,4,13,133368,0.545878,0.354342,-9.859323,-0.02638,-0.02638,0.021051
esp32-c3-002,4,14,133388,0.557849,0.356736,-9.854534,-0.02638,-0.026113,0.021317
esp32-c3-002,4,15,133408,0.550666,0.37589,-9.849746,-0.026913,-0.025847,0.02185
esp32-c3-002,4,16,133428,0.562637,0.368707,-9.864111,-0.025847,-0.026113,0.021051
esp32-c3-002,4,17,133448,0.555455,0.37589,-9.85214,-0.025847,-0.025847,0.021583
esp32-c3-002,4,18,133468,0.531513,0.35913,-9.904813,-0.026646,-0.025847,0.021583
esp32-c3-002,4,19,133488,0.538695,0.35913,-9.861717,-0.025847,-0.026646,0.021317
esp32-c3-002,4,20,133508,0.54109,0.371101,-9.859323,-0.025847,-0.025314,0.021583
esp32-c3-002,4,21,133528,0.550666,0.363919,-9.811439,-0.02638,-0.02558,0.02185
esp32-c3-002,4,22,133548,0.553061,0.366313,-9.837775,-0.027179,-0.025314,0.02185
esp32-c3-002,4,23,133568,0.574608,0.361524,-9.883265,-0.027179,-0.02558,0.021051
esp32-c3-002,4,24,133588,0.555455,0.35913,-9.868899,-0.027179,-0.025847,0.021583
esp32-c3-002,4,25,133608,0.557849,0.368707,-9.866506,-0.027179,-0.025847,0.021583
esp32-c3-002,4,26,133628,0.543484,0.349553,-9.868899,-0.026646,-0.026113,0.021583
esp32-c3-002,4,27,133648,0.553061,0.373495,-9.82341,-0.026113,-0.026113,0.020784
esp32-c3-002,4,28,133668,0.548272,0.368707,-9.854534,-0.02638,-0.025847,0.021051
esp32-c3-002,4,29,133688,0.54109,0.35913,-9.866506,-0.02638,-0.026113,0.021317
esp32-c3-002,4,30,133708,0.531513,0.371101,-9.854534,-0.02638,-0.025847,0.021583
esp32-c3-002,4,31,133728,0.550666,0.373495,-9.842564,-0.02638,-0.025847,0.021583
esp32-c3-002,4,32,133748,0.54109,0.349553,-9.871294,-0.026913,-0.02558,0.021583
esp32-c3-002,4,33,133768,0.538695,0.373495,-9.885659,-0.025847,-0.02558,0.021583
esp32-c3-002,4,34,133788,0.553061,0.363919,-9.883265,-0.026913,-0.024515,0.021051
esp32-c3-002,4,35,133808,0.565032,0.356736,-9.861717,-0.027179,-0.02558,0.021583
esp32-c3-002,4,36,133828,0.545878,0.342371,-9.880871,-0.026646,-0.026113,0.022116
esp32-c3-002,4,37,133848,0.543484,0.356736,-9.861717,-0.026113,-0.026113,0.020518
esp32-c3-002,4,38,133868,0.553061,0.366313,-9.864111,-0.025847,-0.025047,0.020784
esp32-c3-002,4,39,133888,0.545878,0.390255,-9.878476,-0.026913,-0.025314,0.021583
esp32-c3-002,4,40,133908,0.545878,0.37589,-9.864111,-0.026913,-0.02638,0.022383
esp32-c3-002,4,41,133928,0.567426,0.361524,-9.844957,-0.026913,-0.026646,0.02185
esp32-c3-002,4,42,133948,0.550666,0.380678,-9.849746,-0.02638,-0.02558,0.021583
esp32-c3-002,4,43,133968,0.533907,0.366313,-9.854534,-0.026646,-0.02638,0.021317
esp32-c3-002,4,44,133988,0.536301,0.361524,-9.837775,-0.027179,-0.026113,0.020784
esp32-c3-002,4,45,134008,0.543484,0.385466,-9.854534,-0.026913,-0.026646,0.021051
esp32-c3-002,4,46,134028,0.545878,0.368707,-9.866506,-0.025847,-0.026646,0.021051
esp32-c3-002,4,47,134048,0.543484,0.366313,-9.844957,-0.027179,-0.027446,0.021051
esp32-c3-002,4,48,134068,0.550666,0.361524,-9.864111,-0.026913,-0.026113,0.021583
esp32-c3-002,4,49,134089,0.54109,0.380678,-9.856929,-0.026646,-0.025847,0.02185
esp32-c3-002,4,50,134108,0.548272,0.373495,-9.856929,-0.02638,-0.026113,0.021583
esp32-c3-002,4,51,134128,0.550666,0.371101,-9.842564,-0.026913,-0.026113,0.02185
esp32-c3-002,4,52,134148,0.538695,0.378284,-9.856929,-0.02558,-0.02638,0.021051
esp32-c3-002,4,53,134168,0.543484,0.371101,-9.871294,-0.026113,-0.025314,0.02185
esp32-c3-002,4,54,134189,0.555455,0.354342,-9.866506,-0.02638,-0.026113,0.021583
esp32-c3-002,4,55,134208,0.545878,0.371101,-9.854534,-0.026113,-0.025847,0.021317
esp32-c3-002,4,56,134228,0.543484,0.349553,-9.832987,-0.026113,-0.026913,0.021583
esp32-c3-002,4,57,134248,0.543484,0.368707,-9.866506,-0.025847,-0.02638,0.021583
esp32-c3-002,4,58,134268,0.548272,0.363919,-9.873688,-0.026646,-0.026913,0.02185
esp32-c3-002,4,59,134288,0.557849,0.363919,-9.849746,-0.02638,-0.026113,0.02185
esp32-c3-002,4,60,134308,0.553061,0.368707,-9.847352,-0.026113,-0.02558,0.021583
esp32-c3-002,4,61,134328,0.52433,0.378284,-9.873688,-0.026646,-0.026646,0.021051
esp32-c3-002,4,62,134348,0.545878,0.351948,-9.878476,-0.026913,-0.02558,0.021317
esp32-c3-002,4,63,134368,0.533907,0.351948,-9.871294,-0.026913,-0.026113,0.02185
esp32-c3-002,4,64,134388,0.529119,0.37589,-9.849746,-0.026113,-0.02558,0.02185
esp32-c3-002,4,65,134408,0.531513,0.35913,-9.864111,-0.026646,-0.026113,0.021583
esp32-c3-002,4,66,134428,0.548272,0.37589,-9.840169,-0.026913,-0.026913,0.021583
esp32-c3-002,4,67,134448,0.531513,0.37589,-9.864111,-0.026113,-0.026113,0.021051
esp32-c3-002,4,68,134468,0.553061,0.37589,-9.866506,-0.02638,-0.026113,0.021583
esp32-c3-002,4,69,134489,0.555455,0.35913,-9.85214,-0.026913,-0.025847,0.020784
esp32-c3-002,4,70,134508,0.545878,0.37589,-9.842564,-0.026646,-0.02558,0.02185
esp32-c3-002,4,71,134528,0.550666,0.363919,-9.830592,-0.027179,-0.025847,0.022116
esp32-c3-002,4,72,134548,0.550666,0.363919,-9.844957,-0.026646,-0.025847,0.021583
esp32-c3-002,4,73,134568,0.531513,0.366313,-9.854534,-0.02638,-0.026113,0.02185
esp32-c3-002,4,74,134588,0.550666,0.361524,-9.878476,-0.027179,-0.02638,0.021317
esp32-c3-002,4,75,134608,0.565032,0.351948,-9.864111,-0.026646,-0.026113,0.021317
esp32-c3-002,4,76,134628,0.550666,0.368707,-9.868899,-0.02638,-0.026646,0.021051
esp32-c3-002,4,77,134648,0.548272,0.35913,-9.871294,-0.027179,-0.025314,0.02185
esp32-c3-002,4,78,134668,0.543484,0.35913,-9.856929,-0.026913,-0.026646,0.021583
esp32-c3-002,4,79,134688,0.550666,0.342371,-9.85214,-0.025847,-0.02558,0.021051
esp32-c3-002,4,80,134708,0.553061,0.37589,-9.847352,-0.026113,-0.02638,0.021317
esp32-c3-002,4,81,134728,0.562637,0.361524,-9.876082,-0.027179,-0.025047,0.022116
esp32-c3-002,4,82,134748,0.557849,0.380678,-9.871294,-0.026646,-0.026113,0.022116
esp32-c3-002,4,83,134768,0.543484,0.361524,-9.871294,-0.026113,-0.025314,0.021317
esp32-c3-002,4,84,134789,0.562637,0.363919,-9.873688,-0.02638,-0.02558,0.021583
esp32-c3-002,4,85,134808,0.536301,0.356736,-9.85214,-0.026113,-0.026646,0.021317
esp32-c3-002,4,86,134828,0.557849,0.385466,-9.856929,-0.027179,-0.026113,0.021583
esp32-c3-002,4,87,134848,0.548272,0.363919,-9.856929,-0.026646,-0.02558,0.021583
esp32-c3-002,4,88,134868,0.550666,0.366313,-9.866506,-0.026646,-0.025847,0.020518
esp32-c3-002,4,89,134888,0.54109,0.363919,-9.842564,-0.027179,-0.026113,0.021583
esp32-c3-002,4,90,134908,0.538695,0.361524,-9.85214,-0.027446,-0.025847,0.02185
esp32-c3-002,4,91,134928,0.54109,0.368707,-9.85214,-0.02638,-0.025847,0.021317
esp32-c3-002,4,92,134948,0.555455,0.347159,-9.878476,-0.026113,-0.026113,0.022116
esp32-c3-002,4,93,134968,0.550666,0.373495,-9.849746,-0.02638,-0.02558,0.02185
esp32-c3-002,4,94,134988,0.560243,0.354342,-9.871294,-0.026646,-0.026113,0.020784
esp32-c3-002,4,95,135008,0.536301,0.37589,-9.866506,-0.026646,-0.025047,0.02185
esp32-c3-002,4,96,135028,0.52433,0.363919,-9.821015,-0.026113,-0.02558,0.021317
esp32-c3-002,4,97,135048,0.545878,0.368707,-9.825804,-0.026646,-0.02558,0.020518
esp32-c3-002,4,98,135068,0.54109,0.371101,-9.837775,-0.026113,-0.026113,0.021583
esp32-c3-002,4,99,135088,0.54109,0.378284,-9.844957,-0.02638,-0.025314,0.021583
esp32-c3-002,5,0,135195,0.548272,0.366313,-9.876082,-0.026913,-0.026113,0.021317
esp32-c3-002,5,1,135214,0.562637,0.366313,-9.856929,-0.026913,-0.026113,0.02185
esp32-c3-002,5,2,135235,0.584185,0.356736,-9.830592,-0.026646,-0.026113,0.021317
esp32-c3-002,5,3,135254,0.550666,0.371101,-9.868899,-0.026113,-0.025847,0.021051
esp32-c3-002,5,4,135274,0.54109,0.373495,-9.840169,-0.025847,-0.026113,0.021583
esp32-c3-002,5,5,135294,0.553061,0.35913,-9.816227,-0.026646,-0.025847,0.021317
esp32-c3-002,5,6,135315,0.545878,0.363919,-9.861717,-0.02558,-0.025314,0.021583
esp32-c3-002,5,7,135334,0.536301,0.371101,-9.849746,-0.026913,-0.026113,0.021583
esp32-c3-002,5,8,135354,0.555455,0.361524,-9.873688,-0.02638,-0.025847,0.02185
esp32-c3-002,5,9,135374,0.54109,0.35913,-9.871294,-0.02638,-0.025847,0.021051
esp32-c3-002,5,10,135394,0.538695,0.371101,-9.861717,-0.026113,-0.02558,0.021051
esp32-c3-002,5,11,135415,0.538695,0.399832,-9.861717,-0.02638,-0.025847,0.020784
esp32-c3-002,5,12,135434,0.560243,0.371101,-9.861717,-0.026113,-0.026646,0.021583
esp32-c3-002,5,13,135454,0.548272,0.378284,-9.830592,-0.026113,-0.025847,0.021317
esp32-c3-002,5,14,135474,0.545878,0.387861,-9.849746,-0.026646,-0.02638,0.021583
esp32-c3-002,5,15,135494,0.560243,0.351948,-9.861717,-0.02638,-0.026113,0.021051
esp32-c3-002,5,16,135514,0.560243,0.361524,-9.871294,-0.026113,-0.025847,0.02185
esp32-c3-002,5,17,135534,0.533907,0.368707,-9.883265,-0.026646,-0.025847,0.021317
esp32-c3-002,5,18,135554,0.538695,0.37589,-9.866506,-0.026646,-0.02558,0.021583
esp32-c3-002,5,19,135574,0.543484,0.363919,-9.866506,-0.025847,-0.025847,0.021583
esp32-c3-002,5,20,135594,0.550666,0.371101,-9.864111,-0.026913,-0.02558,0.021317
esp32-c3-002,5,21,135614,0.545878,0.363919,-9.883265,-0.026646,-0.026113,0.02185
esp32-c3-002,5,22,135634,0.557849,0.35913,-9.868899,-0.026913,-0.02558,0.02185
esp32-c3-002,5,23,135654,0.514753,0.371101,-9.840169,-0.026913,-0.026113,0.02185
esp32-c3-002,5,24,135674,0.536301,0.373495,-9.864111,-0.02638,-0.026113,0.021317
esp32-c3-002,5,25,135694,0.531513,0.378284,-9.849746,-0.027179,-0.025314,0.02185
esp32-c3-002,5,26,135714,0.550666,0.383072,-9.866506,-0.026913,-0.02558,0.02185
esp32-c3-002,5,27,135734,0.536301,0.373495,-9.844957,-0.026913,-0.02558,0.022116
esp32-c3-002,5,28,135754,0.54109,0.366313,-9.837775,-0.026113,-0.026113,0.02185
esp32-c3-002,5,29,135774,0.550666,0.380678,-9.864111,-0.02558,-0.026113,0.022383
esp32-c3-002,5,30,135794,0.526724,0.37589,-9.895236,-0.02638,-0.026646,0.021051
esp32-c3-002,5,31,135814,0.54109,0.383072,-9.847352,-0.026646,-0.02638,0.020518
esp32-c3-002,5,32,135834,0.545878,0.361524,-9.844957,-0.026646,-0.02638,0.021317
esp32-c3-002,5,33,135854,0.555455,0.366313,-9.861717,-0.027179,-0.02638,0.02185
esp32-c3-002,5,34,135874,0.565032,0.366313,-9.888053,-0.02638,-0.02558,0.02185
esp32-c3-002,5,35,135894,0.54109,0.35913,-9.866506,-0.025847,-0.025847,0.021317
esp32-c3-002,5,36,135915,0.553061,0.354342,-9.832987,-0.02638,-0.025847,0.02185
esp32-c3-002,5,37,135934,0.567426,0.368707,-9.85214,-0.02638,-0.025047,0.02185
esp32-c3-002,5,38,135954,0.545878,0.344765,-9.847352,-0.026113,-0.026113,0.02185
esp32-c3-002,5,39,135974,0.536301,0.371101,-9.880871,-0.026646,-0.025847,0.02185
esp32-c3-002,5,40,135994,0.54109,0.356736,-9.854534,-0.026646,-0.025847,0.021583
esp32-c3-002,5,41,136014,0.567426,0.35913,-9.844957,-0.026646,-0.026113,0.021317
esp32-c3-002,5,42,136034,0.538695,0.371101,-9.830592,-0.026646,-0.025847,0.021583
esp32-c3-002,5,43,136054,0.550666,0.368707,-9.842564,-0.026646,-0.026913,0.021317
esp32-c3-002,5,44,136074,0.572214,0.385466,-9.842564,-0.026646,-0.025314,0.021051
esp32-c3-002,5,45,136094,0.536301,0.383072,-9.868899,-0.026113,-0.026646,0.020784
esp32-c3-002,5,46,136114,0.550666,0.368707,-9.85214,-0.025314,-0.027712,0.021317
esp32-c3-002,5,47,136135,0.538695,0.361524,-9.866506,-0.02558,-0.027446,0.02185
esp32-c3-002,5,48,136154,0.54109,0.366313,-9.878476,-0.025847,-0.026646,0.020784
esp32-c3-002,5,49,136174,0.526724,0.368707,-9.871294,-0.026113,-0.026913,0.021051
esp32-c3-002,5,50,136194,0.555455,0.368707,-9.849746,-0.02638,-0.026113,0.021051
esp32-c3-002,5,51,136214,0.565032,0.366313,-9.854534,-0.027179,-0.026113,0.020784
esp32-c3-002,5,52,136234,0.572214,0.378284,-9.847352,-0.026113,-0.025047,0.021317
esp32-c3-002,5,53,136254,0.560243,0.387861,-9.840169,-0.026646,-0.026113,0.021317
esp32-c3-002,5,54,136274,0.555455,0.383072,-9.876082,-0.026646,-0.026113,0.02185
esp32-c3-002,5,55,136294,0.536301,0.366313,-9.892841,-0.026913,-0.025847,0.022649
esp32-c3-002,5,56,136314,0.529119,0.349553,-9.868899,-0.027446,-0.023449,0.022383
esp32-c3-002,5,57,136334,0.490811,0.335188,-9.842564,-0.02558,-0.027179,0.021317
esp32-c3-002,5,58,136354,0.560243,0.347159,-9.861717,-0.027712,-0.025314,0.020251
esp32-c3-002,5,59,136374,0.557849,0.371101,-9.837775,-0.02638,-0.025047,0.020784
esp32-c3-002,5,60,136394,0.56982,0.37589,-9.849746,-0.027446,-0.024781,0.02185
esp32-c3-002,5,61,136414,0.56982,0.385466,-9.883265,-0.027446,-0.025047,0.022649
esp32-c3-002,5,62,136434,0.545878,0.37589,-9.835381,-0.027712,-0.023449,0.023449
esp32-c3-002,5,63,136454,0.517148,0.354342,-9.866506,-0.027712,-0.023982,0.022916
esp32-c3-002,5,64,136474,0.517148,0.347159,-9.864111,-0.028245,-0.022383,0.021317
esp32-c3-002,5,65,136494,0.52433,0.371101,-9.856929,-0.027712,-0.025847,0.020784
esp32-c3-002,5,66,136514,0.555455,0.37589,-9.844957,-0.027179,-0.023449,0.020251
esp32-c3-002,5,67,136535,0.56982,0.387861,-9.861717,-0.026913,-0.025047,0.021051
esp32-c3-002,5,68,136554,0.54109,0.361524,-9.888053,-0.027979,-0.025047,0.021317
esp32-c3-002,5,69,136574,0.526724,0.368707,-9.868899,-0.026913,-0.025847,0.021051
esp32-c3-002,5,70,136594,0.543484,0.373495,-9.849746,-0.026646,-0.02558,0.020518
esp32-c3-002,5,71,136614,0.550666,0.373495,-9.876082,-0.026646,-0.02638,0.021051
esp32-c3-002,5,72,136634,0.56982,0.390255,-9.832987,-0.026646,-0.02638,0.020784
esp32-c3-002,5,73,136654,0.560243,0.380678,-9.854534,-0.02638,-0.025847,0.021583
esp32-c3-002,5,74,136674,0.557849,0.351948,-9.837775,-0.026913,-0.026646,0.021583
esp32-c3-002,5,75,136694,0.519542,0.366313,-9.830592,-0.026646,-0.026646,0.021051
esp32-c3-002,5,76,136714,0.521936,0.366313,-9.883265,-0.02638,-0.026646,0.020518
esp32-c3-002,5,77,136734,0.545878,0.373495,-9.871294,-0.026913,-0.02638,0.020251
esp32-c3-002,5,78,136754,0.555455,0.380678,-9.880871,-0.025847,-0.026646,0.019985
esp32-c3-002,5,79,136774,0.553061,0.356736,-9.830592,-0.02638,-0.026646,0.020518
esp32-c3-002,5,80,136794,0.56982,0.371101,-9.864111,-0.026646,-0.025314,0.020518
esp32-c3-002,5,81,136814,0.584185,0.385466,-9.871294,-0.02638,-0.026113,0.022383
esp32-c3-002,5,82,136834,0.560243,0.349553,-9.859323,-0.025847,-0.026646,0.022649
esp32-c3-002,5,83,136854,0.529119,0.356736,-9.849746,-0.02638,-0.026113,0.022116
esp32-c3-002,5,84,136874,0.531513,0.373495,-9.854534,-0.025847,-0.027179,0.020518
esp32-c3-002,5,85,136894,0.538695,0.385466,-9.859323,-0.026913,-0.02558,0.020784
esp32-c3-002,5,86,136914,0.56982,0.378284,-9.847352,-0.02638,-0.02638,0.021317
esp32-c3-002,5,87,136934,0.579397,0.397437,-9.861717,-0.026646,-0.025314,0.021051
esp32-c3-002,5,88,136954,0.572214,0.399832,-9.85214,-0.026113,-0.02638,0.021051
esp32-c3-002,5,89,136974,0.548272,0.366313,-9.885659,-0.026113,-0.02638,0.021583
esp32-c3-002,5,90,136994,0.553061,0.339977,-9.883265,-0.026913,-0.02638,0.022116
esp32-c3-002,5,91,137014,0.536301,0.347159,-9.868899,-0.02638,-0.026113,0.020784
esp32-c3-002,5,92,137034,0.529119,0.351948,-9.842564,-0.026646,-0.026113,0.019452
esp32-c3-002,5,93,137054,0.545878,0.366313,-9.866506,-0.02638,-0.027446,0.018919
esp32-c3-002,5,94,137074,0.565032,0.378284,-9.840169,-0.02638,-0.026646,0.019185
esp32-c3-002,5,95,137094,0.553061,0.385466,-9.847352,-0.025847,-0.026113,0.019985
esp32-c3-002,5,96,137114,0.560243,0.383072,-9.842564,-0.02638,-0.027179,0.021317
esp32-c3-002,5,97,137134,0.574608,0.392649,-9.847352,-0.026646,-0.02558,0.021583
esp32-c3-002,5,98,137154,0.567426,0.385466,-9.873688,-0.025847,-0.02638,0.022649
esp32-c3-002,5,99,137174,0.545878,0.363919,-9.840169,-0.02638,-0.027446,0.022916
esp32-c3-002,6,0,137281,0.476446,0.349553,-9.832987,-0.027179,-0.025314,0.02185
esp32-c3-002,6,1,137300,0.526724,0.351948,-9.856929,-0.025847,-0.026646,0.020518
esp32-c3-002,6,2,137320,0.526724,0.383072,-9.861717,-0.026113,-0.027179,0.019185
esp32-c3-002,6,3,137340,0.521936,0.373495,-9.82341,-0.026913,-0.027446,0.018652
esp32-c3-002,6,4,137360,0.545878,0.366313,-9.849746,-0.025314,-0.027712,0.019452
esp32-c3-002,6,5,137380,0.593762,0.368707,-9.847352,-0.023982,-0.03011,0.020251
esp32-c3-002,6,6,137400,0.596156,0.392649,-9.878476,-0.026113,-0.027712,0.02185
esp32-c3-002,6,7,137420,0.565032,0.385466,-9.854534,-0.02638,-0.026646,0.023182
esp32-c3-002,6,8,137440,0.545878,0.35913,-9.832987,-0.026913,-0.026913,0.023449
esp32-c3-002,6,9,137461,0.519542,0.361524,-9.85214,-0.02558,-0.02638,0.023182
esp32-c3-002,6,10,137480,0.481235,0.316035,-9.85214,-0.02558,-0.027446,0.02185
esp32-c3-002,6,11,137500,0.469264,0.344765,-9.878476,-0.026113,-0.026913,0.019452
esp32-c3-002,6,12,137520,0.529119,0.366313,-9.847352,-0.026113,-0.02638,0.018652
esp32-c3-002,6,13,137540,0.572214,0.378284,-9.847352,-0.02638,-0.027179,0.018386
esp32-c3-002,6,14,137561,0.603339,0.395043,-9.854534,-0.026113,-0.027979,0.020518
esp32-c3-002,6,15,137580,0.579397,0.40462,-9.878476,-0.02558,-0.026646,0.021051
esp32-c3-002,6,16,137600,0.553061,0.378284,-9.864111,-0.026113,-0.026913,0.022649
esp32-c3-002,6,17,137620,0.54109,0.351948,-9.871294,-0.026113,-0.026646,0.022916
esp32-c3-002,6,18,137640,0.538695,0.361524,-9.883265,-0.02558,-0.027179,0.022116
esp32-c3-002,6,19,137660,0.509965,0.339977,-9.868899,-0.027179,-0.026113,0.021317
esp32-c3-002,6,20,137680,0.502782,0.371101,-9.864111,-0.026646,-0.026646,0.021051
esp32-c3-002,6,21,137700,0.572214,0.373495,-9.840169,-0.02638,-0.02638,0.02185
esp32-c3-002,6,22,137720,0.586579,0.37589,-9.856929,-0.02638,-0.027179,0.021583
esp32-c3-002,6,23,137740,0.514753,0.368707,-9.835381,-0.026646,-0.027446,0.020784
esp32-c3-002,6,24,137760,0.500388,0.342371,-9.871294,-0.024781,-0.026646,0.02185
esp32-c3-002,6,25,137780,0.526724,0.351948,-9.864111,-0.02638,-0.026913,0.019718
esp32-c3-002,6,26,137800,0.557849,0.378284,-9.866506,-0.026646,-0.026646,0.019718
esp32-c3-002,6,27,137820,0.560243,0.361524,-9.878476,-0.02638,-0.025314,0.019985
esp32-c3-002,6,28,137840,0.565032,0.368707,-9.868899,-0.027179,-0.024515,0.021317
esp32-c3-002,6,29,137860,0.538695,0.385466,-9.880871,-0.028511,-0.023715,0.02185
esp32-c3-002,6,30,137880,0.550666,0.371101,-9.85214,-0.028778,-0.022116,0.021051
esp32-c3-002,6,31,137900,0.555455,0.37589,-9.849746,-0.027979,-0.023715,0.022649
esp32-c3-002,6,32,137920,0.533907,0.35913,-9.89763,-0.026646,-0.025314,0.022916
esp32-c3-002,6,33,137940,0.517148,0.37589,-9.847352,-0.02638,-0.025847,0.022383
esp32-c3-002,6,34,137960,0.536301,0.373495,-9.856929,-0.02638,-0.027179,0.021583
esp32-c3-002,6,35,137980,0.538695,0.35913,-9.847352,-0.02558,-0.02638,0.020518
esp32-c3-002,6,36,138000,0.529119,0.373495,-9.835381,-0.026646,-0.02558,0.021317
esp32-c3-002,6,37,138020,0.557849,0.387861,-9.840169,-0.026646,-0.026913,0.021051
esp32-c3-002,6,38,138040,0.56982,0.373495,-9.828198,-0.02638,-0.026913,0.02185
esp32-c3-002,6,39,138060,0.531513,0.371101,-9.82341,-0.026646,-0.02558,0.022649
esp32-c3-002,6,40,138080,0.533907,0.361524,-9.866506,-0.026646,-0.02638,0.023449
esp32-c3-002,6,41,138100,0.555455,0.354342,-9.849746,-0.02638,-0.02558,0.022383
esp32-c3-002,6,42,138120,0.560243,0.361524,-9.873688,-0.026113,-0.025847,0.02185
esp32-c3-002,6,43,138140,0.517148,0.349553,-9.871294,-0.02638,-0.025847,0.021583
esp32-c3-002,6,44,138160,0.526724,0.368707,-9.864111,-0.02638,-0.02638,0.021583
esp32-c3-002,6,45,138181,0.538695,0.35913,-9.859323,-0.026646,-0.026113,0.021317
esp32-c3-002,6,46,138200,0.550666,0.363919,-9.85214,-0.026646,-0.026646,0.021317
esp32-c3-002,6,47,138220,0.577003,0.368707,-9.868899,-0.02638,-0.025314,0.020784
esp32-c3-002,6,48,138240,0.543484,0.383072,-9.873688,-0.027446,-0.023715,0.021583
esp32-c3-002,6,49,138260,0.548272,0.351948,-9.876082,-0.027979,-0.023982,0.022116
esp32-c3-002,6,50,138280,0.529119,0.349553,-9.85214,-0.027979,-0.023982,0.022649
esp32-c3-002,6,51,138300,0.521936,0.363919,-9.885659,-0.026913,-0.024515,0.021051
esp32-c3-002,6,52,138320,0.533907,0.383072,-9.856929,-0.027979,-0.025314,0.021583
esp32-c3-002,6,53,138340,0.545878,0.392649,-9.871294,-0.026646,-0.026113,0.022116
esp32-c3-002,6,54,138360,0.543484,0.361524,-9.864111,-0.026913,-0.025047,0.021051
esp32-c3-002,6,55,138380,0.555455,0.37589,-9.85214,-0.026646,-0.026113,0.021583
esp32-c3-002,6,56,138400,0.543484,0.378284,-9.849746,-0.026913,-0.026113,0.022649
esp32-c3-002,6,57,138420,0.529119,0.35913,-9.859323,-0.027446,-0.025847,0.022116
esp32-c3-002,6,58,138440,0.538695,0.339977,-9.868899,-0.02638,-0.026113,0.020784
esp32-c3-002,6,59,138460,0.548272,0.35913,-9.864111,-0.02638,-0.026646,0.020518
esp32-c3-002,6,60,138480,0.553061,0.354342,-9.876082,-0.026913,-0.026646,0.020251
esp32-c3-002,6,61,138500,0.557849,0.371101,-9.849746,-0.02638,-0.026113,0.020784
esp32-c3-002,6,62,138520,0.550666,0.385466,-9.883265,-0.026646,-0.025314,0.021583
esp32-c3-002,6,63,138540,0.553061,0.37589,-9.847352,-0.027179,-0.026113,0.022116
esp32-c3-002,6,64,138560,0.555455,0.361524,-9.849746,-0.026913,-0.026646,0.02185
esp32-c3-002,6,65,138580,0.531513,0.366313,-9.85214,-0.025847,-0.025847,0.022116
esp32-c3-002,6,66,138600,0.550666,0.366313,-9.842564,-0.02638,-0.02558,0.020784
esp32-c3-002,6,67,138620,0.550666,0.368707,-9.849746,-0.026646,-0.025847,0.020784
esp32-c3-002,6,68,138640,0.550666,0.371101,-9.873688,-0.026646,-0.025847,0.020784
esp32-c3-002,6,69,138660,0.536301,0.37589,-9.876082,-0.026113,-0.02638,0.021317
esp32-c3-002,6,70,138680,0.54109,0.371101,-9.830592,-0.026646,-0.026113,0.021317
esp32-c3-002,6,71,138700,0.543484,0.373495,-9.854534,-0.027179,-0.026113,0.02185
esp32-c3-002,6,72,138720,0.543484,0.356736,-9.828198,-0.026646,-0.02638,0.02185
esp32-c3-002,6,73,138740,0.533907,0.366313,-9.854534,-0.026646,-0.02558,0.021317
esp32-c3-002,6,74,138760,0.550666,0.35913,-9.842564,-0.02638,-0.026113,0.021583
esp32-c3-002,6,75,138780,0.550666,0.368707,-9.847352,-0.026113,-0.02638,0.022116
esp32-c3-002,6,76,138800,0.553061,0.349553,-9.830592,-0.026913,-0.026113,0.021583
esp32-c3-002,6,77,138820,0.548272,0.356736,-9.821015,-0.026913,-0.02638,0.021583
esp32-c3-002,6,78,138840,0.555455,0.366313,-9.859323,-0.026113,-0.025314,0.020784
esp32-c3-002,6,79,138860,0.548272,0.371101,-9.856929,-0.025847,-0.02638,0.020784
esp32-c3-002,6,80,138880,0.555455,0.35913,-9.873688,-0.027179,-0.02558,0.020518
esp32-c3-002,6,81,138900,0.557849,0.363919,-9.876082,-0.026646,-0.026113,0.021317
esp32-c3-002,6,82,138920,0.557849,0.371101,-9.876082,-0.026913,-0.026113,0.021583
esp32-c3-002,6,83,138940,0.553061,0.366313,-9.864111,-0.026646,-0.025847,0.021583
esp32-c3-002,6,84,138960,0.548272,0.371101,-9.847352,-0.026913,-0.025847,0.022116
esp32-c3-002,6,85,138980,0.536301,0.366313,-9.864111,-0.02638,-0.02638,0.021583
esp32-c3-002,6,86,139000,0.550666,0.37589,-9.868899,-0.026646,-0.025847,0.021583
esp32-c3-002,6,87,139020,0.553061,0.37589,-9.866506,-0.02638,-0.026113,0.020784
esp32-c3-002,6,88,139040,0.548272,0.385466,-9.880871,-0.026113,-0.026113,0.021317
esp32-c3-002,6,89,139060,0.543484,0.373495,-9.864111,-0.026113,-0.026113,0.021583
esp32-c3-002,6,90,139080,0.548272,0.380678,-9.883265,-0.026913,-0.026646,0.020784
esp32-c3-002,6,91,139100,0.543484,0.344765,-9.82341,-0.025847,-0.02558,0.021583
esp32-c3-002,6,92,139120,0.548272,0.378284,-9.868899,-0.026913,-0.025847,0.02185
esp32-c3-002,6,93,139140,0.543484,0.37589,-9.832987,-0.026113,-0.02638,0.022116
esp32-c3-002,6,94,139160,0.538695,0.368707,-9.849746,-0.025847,-0.02558,0.020518
esp32-c3-002,6,95,139180,0.545878,0.378284,-9.847352,-0.025847,-0.02638,0.020518
esp32-c3-002,6,96,139200,0.56982,0.383072,-9.859323,-0.026913,-0.025314,0.021051
esp32-c3-002,6,97,139220,0.545878,0.37589,-9.856929,-0.027179,-0.026646,0.021317
esp32-c3-002,6,98,139240,0.56982,0.371101,-9.859323,-0.027179,-0.025847,0.021583
esp32-c3-002,6,99,139260,0.543484,0.37589,-9.825804,-0.026913,-0.026646,0.022383
esp32-c3-002,7,0,139369,0.538695,0.378284,-9.854534,-0.026113,-0.02638,0.021583
esp32-c3-002,7,1,139388,0.562637,0.366313,-9.844957,-0.026913,-0.025847,0.021583
esp32-c3-002,7,2,139409,0.548272,0.356736,-9.828198,-0.02638,-0.026113,0.020784
esp32-c3-002,7,3,139428,0.550666,0.347159,-9.864111,-0.026913,-0.026646,0.021051
esp32-c3-002,7,4,139448,0.536301,0.366313,-9.85214,-0.026913,-0.025047,0.021051
esp32-c3-002,7,5,139468,0.545878,0.378284,-9.883265,-0.027712,-0.02558,0.020784
esp32-c3-002,7,6,139488,0.560243,0.383072,-9.856929,-0.027179,-0.026113,0.021051
esp32-c3-002,7,7,139508,0.562637,0.378284,-9.840169,-0.027446,-0.02558,0.02185
esp32-c3-002,7,8,139528,0.553061,0.368707,-9.85214,-0.026646,-0.025314,0.021583
esp32-c3-002,7,9,139548,0.545878,0.342371,-9.861717,-0.026646,-0.026113,0.021317
esp32-c3-002,7,10,139568,0.557849,0.356736,-9.861717,-0.026646,-0.02558,0.021051
esp32-c3-002,7,11,139588,0.543484,0.361524,-9.868899,-0.027179,-0.026113,0.021317
esp32-c3-002,7,12,139608,0.536301,0.380678,-9.842564,-0.026913,-0.02638,0.021051
esp32-c3-002,7,13,139628,0.550666,0.351948,-9.876082,-0.027446,-0.026646,0.020518
esp32-c3-002,7,14,139648,0.565032,0.361524,-9.89763,-0.026646,-0.026113,0.02185
esp32-c3-002,7,15,139668,0.543484,0.368707,-9.85214,-0.02638,-0.02558,0.021317
esp32-c3-002,7,16,139688,0.519542,0.356736,-9.868899,-0.026646,-0.02558,0.021583
esp32-c3-002,7,17,139708,0.54109,0.380678,-9.830592,-0.027179,-0.02558,0.021583
esp32-c3-002,7,18,139728,0.543484,0.349553,-9.876082,-0.026646,-0.02638,0.021317
esp32-c3-002,7,19,139748,0.553061,0.35913,-9.85214,-0.026113,-0.026113,0.021317
esp32-c3-002,7,20,139768,0.560243,0.368707,-9.895236,-0.026646,-0.024515,0.021051
esp32-c3-002,7,21,139788,0.543484,0.351948,-9.880871,-0.027179,-0.02558,0.02185
esp32-c3-002,7,22,139809,0.567426,0.363919,-9.856929,-0.026913,-0.025314,0.020518
esp32-c3-002,7,23,139828,0.560243,0.383072,-9.885659,-0.026646,-0.02638,0.021051
esp32-c3-002,7,24,139848,0.562637,0.380678,-9.878476,-0.026113,-0.026113,0.02185
esp32-c3-002,7,25,139868,0.545878,0.380678,-9.864111,-0.02638,-0.02638,0.02185
esp32-c3-002,7,26,139888,0.538695,0.344765,-9.873688,-0.026913,-0.027179,0.021583
esp32-c3-002,7,27,139909,0.550666,0.356736,-9.830592,-0.025847,-0.025847,0.022383
esp32-c3-002,7,28,139928,0.533907,0.354342,-9.864111,-0.026913,-0.026113,0.021317
esp32-c3-002,7,29,139948,0.54109,0.366313,-9.856929,-0.026646,-0.026113,0.021317
esp32-c3-002,7,30,139968,0.54109,0.368707,-9.868899,-0.02638,-0.02638,0.019985
esp32-c3-002,7,31,139988,0.550666,0.395043,-9.861717,-0.026646,-0.025314,0.02185
esp32-c3-002,7,32,140008,0.550666,0.385466,-9.856929,-0.026113,-0.02558,0.02185
esp32-c3-002,7,33,140028,0.557849,0.390255,-9.856929,-0.026913,-0.02638,0.021051
esp32-c3-002,7,34,140048,0.550666,0.378284,-9.856929,-0.02638,-0.025847,0.02185
esp32-c3-002,7,35,140068,0.548272,0.385466,-9.873688,-0.026646,-0.025314,0.022649
esp32-c3-002,7,36,140088,0.531513,0.368707,-9.854534,-0.026113,-0.02558,0.02185
esp32-c3-002,7,37,140108,0.538695,0.354342,-9.847352,-0.026646,-0.02558,0.02185
esp32-c3-002,7,38,140128,0.536301,0.371101,-9.866506,-0.026113,-0.026113,0.020518
esp32-c3-002,7,39,140148,0.553061,0.368707,-9.849746,-0.026913,-0.02638,0.018919
esp32-c3-002,7,40,140168,0.536301,0.373495,-9.864111,-0.027179,-0.02558,0.019452
esp32-c3-002,7,41,140188,0.54109,0.371101,-9.856929,-0.026913,-0.027446,0.019718
esp32-c3-002,7,42,140208,0.548272,0.366313,-9.861717,-0.026646,-0.025847,0.019985
esp32-c3-002,7,43,140228,0.548272,0.368707,-9.871294,-0.026646,-0.026113,0.021051
esp32-c3-002,7,44,140248,0.557849,0.37589,-9.864111,-0.026913,-0.025314,0.022649
esp32-c3-002,7,45,140268,0.550666,0.383072,-9.868899,-0.02638,-0.025047,0.02185
esp32-c3-002,7,46,140288,0.543484,0.347159,-9.856929,-0.026646,-0.025847,0.022916
esp32-c3-002,7,47,140308,0.526724,0.356736,-9.859323,-0.027446,-0.026646,0.021583
esp32-c3-002,7,48,140328,0.529119,0.371101,-9.840169,-0.026646,-0.026913,0.020251
esp32-c3-002,7,49,140348,0.536301,0.339977,-9.866506,-0.026646,-0.025047,0.019452
esp32-c3-002,7,50,140368,0.562637,0.371101,-9.888053,-0.026646,-0.025314,0.019452
esp32-c3-002,7,51,140388,0.517148,0.3304,-9.866506,-0.026646,-0.024515,0.020251
esp32-c3-002,7,52,140408,0.620098,0.383072,-9.938332,-0.028778,-0.024781,0.020784
esp32-c3-002,7,53,140429,0.562637,0.344765,-9.818622,-0.026113,-0.02638,0.022649
esp32-c3-002,7,54,140448,0.545878,0.378284,-9.828198,-0.02638,-0.02638,0.022649
esp32-c3-002,7,55,140468,0.533907,0.380678,-9.85214,-0.027179,-0.02558,0.022649
esp32-c3-002,7,56,140488,0.517148,0.361524,-9.873688,-0.027179,-0.02558,0.022649
esp32-c3-002,7,57,140508,0.493206,0.342371,-9.876082,-0.026913,-0.026113,0.02185
esp32-c3-002,7,58,140528,0.533907,0.35913,-9.844957,-0.026113,-0.026113,0.020251
esp32-c3-002,7,59,140548,0.553061,0.37589,-9.861717,-0.02638,-0.026646,0.020251
esp32-c3-002,7,60,140568,0.562637,0.387861,-9.873688,-0.025847,-0.025847,0.019985
esp32-c3-002,7,61,140588,0.577003,0.409408,-9.888053,-0.025847,-0.02638,0.020251
esp32-c3-002,7,62,140608,0.565032,0.385466,-9.847352,-0.026646,-0.025047,0.022383
esp32-c3-002,7,63,140628,0.553061,0.361524,-9.859323,-0.027179,-0.02638,0.022649
esp32-c3-002,7,64,140648,0.553061,0.371101,-9.85214,-0.026646,-0.02638,0.022383
esp32-c3-002,7,65,140668,0.512359,0.35913,-9.828198,-0.02638,-0.026113,0.021583
esp32-c3-002,7,66,140688,0.497994,0.35913,-9.868899,-0.02638,-0.026646,0.019985
esp32-c3-002,7,67,140708,0.512359,0.356736,-9.837775,-0.025047,-0.026646,0.020518
esp32-c3-002,7,68,140729,0.565032,0.35913,-9.854534,-0.02638,-0.026113,0.019452
esp32-c3-002,7,69,140748,0.572214,0.366313,-9.866506,-0.026913,-0.026113,0.020251
esp32-c3-002,7,70,140768,0.545878,0.378284,-9.871294,-0.026113,-0.025314,0.021317
esp32-c3-002,7,71,140788,0.560243,0.385466,-9.864111,-0.02558,-0.025847,0.021317
esp32-c3-002,7,72,140808,0.560243,0.37589,-9.82341,-0.026646,-0.025847,0.022383
esp32-c3-002,7,73,140828,0.565032,0.363919,-9.847352,-0.025314,-0.02638,0.02185
esp32-c3-002,7,74,140848,0.545878,0.371101,-9.902418,-0.026113,-0.026113,0.02185
esp32-c3-002,7,75,140868,0.538695,0.335188,-9.907207,-0.026646,-0.026913,0.021583
esp32-c3-002,7,76,140888,0.533907,0.35913,-9.830592,-0.026646,-0.025847,0.020784
esp32-c3-002,7,77,140908,0.536301,0.356736,-9.856929,-0.027446,-0.026646,0.021583
esp32-c3-002,7,78,140928,0.533907,0.363919,-9.835381,-0.02638,-0.026646,0.020518
esp32-c3-002,7,79,140948,0.519542,0.35913,-9.835381,-0.025847,-0.025847,0.021051
esp32-c3-002,7,80,140968,0.562637,0.363919,-9.856929,-0.026646,-0.025314,0.020518
esp32-c3-002,7,81,140988,0.555455,0.371101,-9.85214,-0.02638,-0.02638,0.019718
esp32-c3-002,7,82,141008,0.560243,0.373495,-9.842564,-0.025847,-0.026646,0.020784
esp32-c3-002,7,83,141028,0.56982,0.387861,-9.844957,-0.026113,-0.026113,0.020518
esp32-c3-002,7,84,141048,0.543484,0.383072,-9.856929,-0.026646,-0.026113,0.022116
esp32-c3-002,7,85,141068,0.555455,0.383072,-9.856929,-0.025847,-0.025314,0.022383
esp32-c3-002,7,86,141088,0.54109,0.373495,-9.832987,-0.025847,-0.026646,0.022916
esp32-c3-002,7,87,141108,0.52433,0.373495,-9.835381,-0.026113,-0.025047,0.022916
esp32-c3-002,7,88,141128,0.529119,0.354342,-9.842564,-0.026646,-0.026646,0.02185
esp32-c3-002,7,89,141148,0.519542,0.354342,-9.866506,-0.026646,-0.025314,0.022116
esp32-c3-002,7,90,141168,0.548272,0.363919,-9.864111,-0.027446,-0.025847,0.021051
esp32-c3-002,7,91,141188,0.545878,0.37589,-9.837775,-0.026913,-0.02638,0.02185
esp32-c3-002,7,92,141208,0.555455,0.387861,-9.85214,-0.026913,-0.02638,0.022383
esp32-c3-002,7,93,141228,0.543484,0.373495,-9.864111,-0.02638,-0.026913,0.022649
esp32-c3-002,7,94,141248,0.514753,0.349553,-9.861717,-0.026113,-0.026646,0.022383
esp32-c3-002,7,95,141268,0.512359,0.3304,-9.835381,-0.026913,-0.025314,0.021583
esp32-c3-002,7,96,141288,0.52433,0.349553,-9.85214,-0.02638,-0.026646,0.019985
esp32-c3-002,7,97,141308,0.545878,0.373495,-9.859323,-0.026913,-0.026646,0.019185
esp32-c3-002,7,98,141328,0.560243,0.366313,-9.878476,-0.026113,-0.025847,0.020784
esp32-c3-002,7,99,141348,0.560243,0.35913,-9.866506,-0.02638,-0.02638,0.021317
esp32-c3-002,8,0,141440,0.562637,0.380678,-9.883265,-0.026646,-0.025847,0.022383
esp32-c3-002,8,1,141459,0.521936,0.361524,-9.885659,-0.026113,-0.025847,0.021583
esp32-c3-002,8,2,141479,0.531513,0.351948,-9.890448,-0.026113,-0.02638,0.02185
esp32-c3-002,8,3,141500,0.52433,0.368707,-9.885659,-0.026913,-0.026913,0.021051
esp32-c3-002,8,4,141519,0.531513,0.383072,-9.883265,-0.02638,-0.02638,0.021317
esp32-c3-002,8,5,141539,0.536301,0.368707,-9.876082,-0.026913,-0.025314,0.020251
esp32-c3-002,8,6,141560,0.565032,0.37589,-9.856929,-0.02638,-0.025314,0.020251
esp32-c3-002,8,7,141579,0.560243,0.368707,-9.856929,-0.02638,-0.02558,0.021051
esp32-c3-002,8,8,141599,0.54109,0.368707,-9.895236,-0.026646,-0.02638,0.021583
esp32-c3-002,8,9,141619,0.548272,0.35913,-9.85214,-0.026646,-0.02638,0.021051
esp32-c3-002,8,10,141639,0.531513,0.349553,-9.864111,-0.02638,-0.026113,0.020518
esp32-c3-002,8,11,141659,0.52433,0.351948,-9.847352,-0.026913,-0.024515,0.020518
esp32-c3-002,8,12,141679,0.565032,0.363919,-9.828198,-0.026646,-0.025847,0.021317
esp32-c3-002,8,13,141699,0.572214,0.373495,-9.840169,-0.027179,-0.026113,0.021051
esp32-c3-002,8,14,141719,0.591368,0.385466,-9.866506,-0.02638,-0.025047,0.02185
esp32-c3-002,8,15,141739,0.553061,0.368707,-9.880871,-0.026113,-0.026646,0.02185
esp32-c3-002,8,16,141760,0.54109,0.368707,-9.861717,-0.026646,-0.025314,0.022116
esp32-c3-002,8,17,141779,0.548272,0.371101,-9.861717,-0.027179,-0.026113,0.022383
esp32-c3-002,8,18,141799,0.533907,0.387861,-9.864111,-0.027446,-0.026113,0.022116
esp32-c3-002,8,19,141819,0.555455,0.383072,-9.85214,-0.026113,-0.02638,0.021583
esp32-c3-002,8,20,141839,0.543484,0.380678,-9.873688,-0.026913,-0.02558,0.022383
esp32-c3-002,8,21,141860,0.536301,0.35913,-9.859323,-0.026646,-0.024515,0.023182
esp32-c3-002,8,22,141879,0.543484,0.349553,-9.830592,-0.026113,-0.025314,0.022649
esp32-c3-002,8,23,141899,0.545878,0.349553,-9.837775,-0.02638,-0.025847,0.021051
esp32-c3-002,8,24,141919,0.52433,0.356736,-9.861717,-0.02638,-0.02638,0.020784
esp32-c3-002,8,25,141939,0.529119,0.347159,-9.861717,-0.026113,-0.026646,0.020784
esp32-c3-002,8,26,141959,0.54109,0.356736,-9.854534,-0.026913,-0.026646,0.020784
esp32-c3-002,8,27,141979,0.555455,0.371101,-9.859323,-0.02558,-0.026646,0.020784
esp32-c3-002,8,28,141999,0.550666,0.383072,-9.844957,-0.026113,-0.025847,0.020784
esp32-c3-002,8,29,142019,0.550666,0.395043,-9.849746,-0.026913,-0.026913,0.02185
esp32-c3-002,8,30,142039,0.531513,0.368707,-9.871294,-0.026913,-0.02558,0.022116
esp32-c3-002,8,31,142059,0.531513,0.349553,-9.859323,-0.026913,-0.025847,0.021051
esp32-c3-002,8,32,142079,0.531513,0.373495,-9.883265,-0.026113,-0.025847,0.021583
esp32-c3-002,8,33,142099,0.555455,0.361524,-9.866506,-0.026646,-0.026646,0.022383
esp32-c3-002,8,34,142119,0.562637,0.361524,-9.866506,-0.026646,-0.02638,0.022116
esp32-c3-002,8,35,142139,0.538695,0.361524,-9.864111,-0.026646,-0.026113,0.022116
esp32-c3-002,8,36,142159,0.533907,0.383072,-9.859323,-0.026113,-0.025847,0.02185
esp32-c3-002,8,37,142179,0.543484,0.368707,-9.876082,-0.02638,-0.026646,0.02185
esp32-c3-002,8,38,142199,0.521936,0.354342,-9.856929,-0.026646,-0.025847,0.020784
esp32-c3-002,8,39,142219,0.538695,0.371101,-9.859323,-0.026913,-0.025847,0.020251
esp32-c3-002,8,40,142239,0.557849,0.363919,-9.878476,-0.026113,-0.025314,0.020518
esp32-c3-002,8,41,142259,0.572214,0.390255,-9.866506,-0.026913,-0.02558,0.021051
esp32-c3-002,8,42,142279,0.550666,0.383072,-9.844957,-0.026913,-0.02558,0.02185
esp32-c3-002,8,43,142299,0.548272,0.385466,-9.866506,-0.026913,-0.025847,0.021583
esp32-c3-002,8,44,142319,0.545878,0.373495,-9.900024,-0.026913,-0.024781,0.022649
esp32-c3-002,8,45,142339,0.521936,0.349553,-9.868899,-0.026646,-0.02638,0.022116
esp32-c3-002,8,46,142359,0.521936,0.366313,-9.871294,-0.02638,-0.025847,0.020784
esp32-c3-002,8,47,142379,0.52433,0.35913,-9.85214,-0.02638,-0.026913,0.020251
esp32-c3-002,8,48,142399,0.538695,0.35913,-9.866506,-0.026646,-0.02638,0.019452
esp32-c3-002,8,49,142419,0.562637,0.385466,-9.856929,-0.02638,-0.026646,0.020784
esp32-c3-002,8,50,142439,0.56982,0.383072,-9.880871,-0.026113,-0.026113,0.022116
esp32-c3-002,8,51,142459,0.574608,0.407014,-9.837775,-0.027179,-0.026646,0.022116
esp32-c3-002,8,52,142479,0.538695,0.35913,-9.835381,-0.026646,-0.025314,0.021317
esp32-c3-002,8,53,142499,0.553061,0.356736,-9.864111,-0.026913,-0.025314,0.021583
esp32-c3-002,8,54,142519,0.531513,0.351948,-9.873688,-0.025847,-0.02638,0.021051
esp32-c3-002,8,55,142539,0.536301,0.368707,-9.842564,-0.025847,-0.025314,0.020518
esp32-c3-002,8,56,142559,0.54109,0.354342,-9.847352,-0.025847,-0.02558,0.021317
esp32-c3-002,8,57,142579,0.557849,0.383072,-9.85214,-0.025847,-0.02638,0.021051
esp32-c3-002,8,58,142599,0.548272,0.378284,-9.864111,-0.026646,-0.026113,0.021051
esp32-c3-002,8,59,142619,0.553061,0.361524,-9.861717,-0.026646,-0.025847,0.022649
esp32-c3-002,8,60,142639,0.553061,0.383072,-9.866506,-0.027179,-0.024515,0.022116
esp32-c3-002,8,61,142659,0.54109,0.371101,-9.873688,-0.026646,-0.02558,0.02185
esp32-c3-002,8,62,142680,0.548272,0.371101,-9.861717,-0.026646,-0.02638,0.021317
esp32-c3-002,8,63,142699,0.545878,0.380678,-9.859323,-0.02638,-0.02638,0.022116
esp32-c3-002,8,64,142719,0.553061,0.373495,-9.844957,-0.026913,-0.026113,0.021317
esp32-c3-002,8,65,142739,0.531513,0.363919,-9.861717,-0.026646,-0.02638,0.021317
esp32-c3-002,8,66,142759,0.545878,0.366313,-9.861717,-0.026913,-0.026646,0.020518
esp32-c3-002,8,67,142779,0.548272,0.366313,-9.866506,-0.026913,-0.026113,0.021317
esp32-c3-002,8,68,142799,0.555455,0.373495,-9.835381,-0.026646,-0.025847,0.020784
esp32-c3-002,8,69,142819,0.567426,0.366313,-9.847352,-0.02638,-0.026113,0.02185
esp32-c3-002,8,70,142839,0.557849,0.356736,-9.842564,-0.025847,-0.026646,0.022649
esp32-c3-002,8,71,142859,0.54109,0.363919,-9.861717,-0.026646,-0.025847,0.022916
esp32-c3-002,8,72,142879,0.54109,0.373495,-9.861717,-0.026913,-0.026913,0.021583
esp32-c3-002,8,73,142899,0.555455,0.373495,-9.878476,-0.025314,-0.026113,0.02185
esp32-c3-002,8,74,142919,0.543484,0.371101,-9.883265,-0.026646,-0.025314,0.02185
esp32-c3-002,8,75,142939,0.521936,0.347159,-9.854534,-0.026646,-0.026113,0.022383
esp32-c3-002,8,76,142959,0.538695,0.347159,-9.840169,-0.026646,-0.02638,0.020784
esp32-c3-002,8,77,142979,0.529119,0.37589,-9.864111,-0.026913,-0.026646,0.020518
esp32-c3-002,8,78,142999,0.555455,0.383072,-9.82341,-0.026913,-0.026646,0.020251
esp32-c3-002,8,79,143019,0.562637,0.383072,-9.864111,-0.026113,-0.025847,0.019985
esp32-c3-002,8,80,143039,0.565032,0.387861,-9.842564,-0.026113,-0.025847,0.021051
esp32-c3-002,8,81,143059,0.581791,0.371101,-9.885659,-0.02638,-0.02638,0.022649
esp32-c3-002,8,82,143079,0.536301,0.35913,-9.878476,-0.026913,-0.026113,0.022116
esp32-c3-002,8,83,143099,0.529119,0.351948,-9.883265,-0.026646,-0.02558,0.02185
esp32-c3-002,8,84,143119,0.550666,0.347159,-9.859323,-0.027446,-0.025847,0.02185
esp32-c3-002,8,85,143139,0.538695,0.35913,-9.825804,-0.026913,-0.025314,0.022116
esp32-c3-002,8,86,143159,0.562637,0.383072,-9.878476,-0.026913,-0.025314,0.022916
esp32-c3-002,8,87,143179,0.533907,0.363919,-9.861717,-0.026113,-0.02558,0.022383
esp32-c3-002,8,88,143199,0.497994,0.342371,-9.861717,-0.02558,-0.02558,0.021583
esp32-c3-002,8,89,143219,0.486023,0.337582,-9.876082,-0.026113,-0.02558,0.019185
esp32-c3-002,8,90,143239,0.536301,0.373495,-9.85214,-0.02638,-0.025047,0.018919
esp32-c3-002,8,91,143259,0.591368,0.37589,-9.876082,-0.02638,-0.026113,0.019718
esp32-c3-002,8,92,143279,0.608127,0.40462,-9.873688,-0.027179,-0.025847,0.020784
esp32-c3-002,8,93,143299,0.581791,0.402226,-9.878476,-0.027712,-0.025047,0.022916
esp32-c3-002,8,94,143319,0.536301,0.354342,-9.866506,-0.026646,-0.025847,0.024515
esp32-c3-002,8,95,143339,0.512359,0.351948,-9.847352,-0.026113,-0.02558,0.023715
esp32-c3-002,8,96,143359,0.505177,0.356736,-9.821015,-0.026913,-0.025847,0.022649
esp32-c3-002,8,97,143379,0.514753,0.342371,-9.900024,-0.026113,-0.02558,0.020518
esp32-c3-002,8,98,143399,0.545878,0.363919,-9.890448,-0.027179,-0.02558,0.019452
esp32-c3-002,8,99,143419,0.550666,0.383072,-9.849746,-0.027446,-0.025314,0.018386
esp32-c3-002,9,0,143519,0.565032,0.380678,-9.878476,-0.026913,-0.025314,0.022916
esp32-c3-002,9,1,143538,0.52433,0.349553,-9.854534,-0.026646,-0.025314,0.022649
esp32-c3-002,9,2,143559,0.517148,0.363919,-9.871294,-0.02638,-0.025047,0.02185
esp32-c3-002,9,3,143578,0.529119,0.371101,-9.878476,-0.02638,-0.026113,0.021583
esp32-c3-002,9,4,143598,0.543484,0.387861,-9.85214,-0.026646,-0.025314,0.021583
esp32-c3-002,9,5,143618,0.560243,0.368707,-9.828198,-0.026646,-0.026646,0.020251
esp32-c3-002,9,6,143638,0.553061,0.380678,-9.844957,-0.026113,-0.02558,0.021051
esp32-c3-002,9,7,143658,0.567426,0.37589,-9.885659,-0.025847,-0.025314,0.022116
esp32-c3-002,9,8,143678,0.572214,0.371101,-9.859323,-0.026646,-0.025314,0.022916
esp32-c3-002,9,9,143698,0.555455,0.380678,-9.871294,-0.027179,-0.025314,0.023715
esp32-c3-002,9,10,143718,0.54109,0.354342,-9.856929,-0.026913,-0.024781,0.023982
esp32-c3-002,9,11,143738,0.543484,0.371101,-9.835381,-0.027179,-0.025847,0.023715
esp32-c3-002,9,12,143758,0.529119,0.339977,-9.849746,-0.02638,-0.02638,0.022383
esp32-c3-002,9,13,143778,0.521936,0.3304,-9.849746,-0.026646,-0.02638,0.021051
esp32-c3-002,9,14,143798,0.531513,0.347159,-9.895236,-0.02638,-0.026113,0.020518
esp32-c3-002,9,15,143819,0.548272,0.366313,-9.861717,-0.026113,-0.027446,0.019718
esp32-c3-002,9,16,143838,0.579397,0.385466,-9.859323,-0.025847,-0.02638,0.021051
esp32-c3-002,9,17,143858,0.581791,0.411803,-9.837775,-0.025847,-0.026646,0.021317
esp32-c3-002,9,18,143878,0.574608,0.383072,-9.847352,-0.026113,-0.027179,0.022383
esp32-c3-002,9,19,143898,0.531513,0.356736,-9.854534,-0.026913,-0.025847,0.022916
esp32-c3-002,9,20,143918,0.531513,0.344765,-9.85214,-0.026646,-0.025314,0.022116
esp32-c3-002,9,21,143938,0.538695,0.347159,-9.866506,-0.025847,-0.025847,0.02185
esp32-c3-002,9,22,143958,0.543484,0.349553,-9.854534,-0.026646,-0.026113,0.021051
esp32-c3-002,9,23,143978,0.545878,0.373495,-9.876082,-0.02638,-0.025847,0.019985
esp32-c3-002,9,24,143998,0.548272,0.378284,-9.871294,-0.026913,-0.025847,0.019985
esp32-c3-002,9,25,144018,0.562637,0.371101,-9.828198,-0.025847,-0.026913,0.020251
esp32-c3-002,9,26,144038,0.56982,0.371101,-9.830592,-0.02638,-0.026113,0.020784
esp32-c3-002,9,27,144058,0.557849,0.392649,-9.873688,-0.02638,-0.026646,0.022116
esp32-c3-002,9,28,144078,0.54109,0.380678,-9.883265,-0.027446,-0.02638,0.022649
esp32-c3-002,9,29,144098,0.572214,0.378284,-9.876082,-0.02638,-0.024781,0.022116
esp32-c3-002,9,30,144118,0.52433,0.37589,-9.876082,-0.026646,-0.025047,0.021583
esp32-c3-002,9,31,144138,0.517148,0.354342,-9.868899,-0.026646,-0.02638,0.021051
esp32-c3-002,9,32,144158,0.536301,0.351948,-9.842564,-0.027179,-0.026113,0.021051
esp32-c3-002,9,33,144178,0.536301,0.361524,-9.864111,-0.02638,-0.026113,0.019718
esp32-c3-002,9,34,144198,0.538695,0.366313,-9.840169,-0.02638,-0.025847,0.020784
esp32-c3-002,9,35,144218,0.550666,0.373495,-9.854534,-0.025847,-0.02558,0.019985
esp32-c3-002,9,36,144238,0.536301,0.378284,-9.849746,-0.02558,-0.02558,0.020518
esp32-c3-002,9,37,144258,0.579397,0.37589,-9.844957,-0.026646,-0.02558,0.021583
esp32-c3-002,9,38,144278,0.538695,0.361524,-9.861717,-0.02638,-0.026113,0.022116
esp32-c3-002,9,39,144298,0.553061,0.373495,-9.840169,-0.026913,-0.02638,0.022116
esp32-c3-002,9,40,144319,0.562637,0.371101,-9.856929,-0.026646,-0.02638,0.022383
esp32-c3-002,9,41,144338,0.538695,0.354342,-9.844957,-0.026113,-0.02558,0.022116
esp32-c3-002,9,42,144358,0.538695,0.361524,-9.85214,-0.02558,-0.02638,0.021317
esp32-c3-002,9,43,144378,0.54109,0.37589,-9.895236,-0.027179,-0.026646,0.020518
esp32-c3-002,9,44,144398,0.52433,0.371101,-9.866506,-0.026113,-0.026646,0.020518
esp32-c3-002,9,45,144418,0.567426,0.356736,-9.854534,-0.02638,-0.02558,0.021051
esp32-c3-002,9,46,144438,0.565032,0.373495,-9.849746,-0.026113,-0.02638,0.021051
esp32-c3-002,9,47,144458,0.538695,0.37589,-9.830592,-0.026113,-0.026646,0.021583
esp32-c3-002,9,48,144478,0.533907,0.351948,-9.900024,-0.02638,-0.02638,0.020784
esp32-c3-002,9,49,144498,0.536301,0.366313,-9.873688,-0.026113,-0.026913,0.022383
esp32-c3-002,9,50,144518,0.553061,0.378284,-9.866506,-0.026113,-0.02638,0.021051
esp32-c3-002,9,51,144538,0.54109,0.366313,-9.849746,-0.025847,-0.027446,0.021051
esp32-c3-002,9,52,144558,0.533907,0.37589,-9.890448,-0.02558,-0.027446,0.021051
esp32-c3-002,9,53,144578,0.555455,0.368707,-9.837775,-0.026113,-0.026913,0.02185
esp32-c3-002,9,54,144598,0.565032,0.356736,-9.856929,-0.02638,-0.02638,0.022916
esp32-c3-002,9,55,144618,0.557849,0.361524,-9.866506,-0.02638,-0.026113,0.022116
esp32-c3-002,9,56,144638,0.529119,0.347159,-9.885659,-0.026646,-0.027446,0.020784
esp32-c3-002,9,57,144658,0.538695,0.349553,-9.880871,-0.026113,-0.025847,0.020518
esp32-c3-002,9,58,144678,0.536301,0.373495,-9.859323,-0.02558,-0.026913,0.019985
esp32-c3-002,9,59,144698,0.577003,0.366313,-9.866506,-0.025847,-0.026646,0.020784
esp32-c3-002,9,60,144718,0.56982,0.368707,-9.835381,-0.02558,-0.025847,0.02185
esp32-c3-002,9,61,144738,0.536301,0.35913,-9.861717,-0.02638,-0.026646,0.022649
esp32-c3-002,9,62,144758,0.526724,0.354342,-9.85214,-0.026913,-0.025847,0.022649
esp32-c3-002,9,63,144778,0.519542,0.363919,-9.883265,-0.026113,-0.026646,0.022916
esp32-c3-002,9,64,144798,0.512359,0.366313,-9.866506,-0.026646,-0.025847,0.021051
esp32-c3-002,9,65,144818,0.536301,0.351948,-9.873688,-0.02638,-0.026113,0.021051
esp32-c3-002,9,66,144838,0.54109,0.380678,-9.859323,-0.02638,-0.025847,0.02185
esp32-c3-002,9,67,144858,0.536301,0.366313,-9.876082,-0.02638,-0.025047,0.021317
esp32-c3-002,9,68,144878,0.567426,0.356736,-9.885659,-0.02638,-0.02558,0.021051
esp32-c3-002,9,69,144898,0.54109,0.361524,-9.861717,-0.02638,-0.026646,0.021583
esp32-c3-002,9,70,144918,0.557849,0.363919,-9.842564,-0.026913,-0.025314,0.022116
esp32-c3-002,9,71,144939,0.557849,0.371101,-9.844957,-0.02638,-0.025314,0.022383
esp32-c3-002,9,72,144958,0.553061,0.378284,-9.837775,-0.026646,-0.025314,0.022116
esp32-c3-002,9,73,144978,0.538695,0.37589,-9.85214,-0.026913,-0.025847,0.022116
esp32-c3-002,9,74,144998,0.52433,0.35913,-9.876082,-0.026646,-0.025847,0.021583
esp32-c3-002,9,75,145018,0.529119,0.361524,-9.900024,-0.026646,-0.025847,0.021051
esp32-c3-002,9,76,145038,0.531513,0.349553,-9.861717,-0.02638,-0.026913,0.021317
esp32-c3-002,9,77,145058,0.560243,0.371101,-9.847352,-0.027179,-0.026113,0.021583
esp32-c3-002,9,78,145078,0.562637,0.37589,-9.868899,-0.026646,-0.02558,0.021317
esp32-c3-002,9,79,145098,0.548272,0.35913,-9.868899,-0.02638,-0.025314,0.022649
esp32-c3-002,9,80,145118,0.536301,0.368707,-9.856929,-0.026646,-0.02558,0.020784
esp32-c3-002,9,81,145138,0.517148,0.354342,-9.861717,-0.02638,-0.025847,0.021051
esp32-c3-002,9,82,145158,0.543484,0.371101,-9.854534,-0.02638,-0.026113,0.020251
esp32-c3-002,9,83,145178,0.514753,0.368707,-9.890448,-0.02558,-0.02638,0.020251
esp32-c3-002,9,84,145198,0.550666,0.363919,-9.864111,-0.026113,-0.026646,0.019985
esp32-c3-002,9,85,145218,0.553061,0.385466,-9.861717,-0.026646,-0.02558,0.020784
esp32-c3-002,9,86,145239,0.562637,0.378284,-9.849746,-0.02638,-0.02558,0.019718
esp32-c3-002,9,87,145258,0.567426,0.356736,-9.847352,-0.02638,-0.025847,0.02185
esp32-c3-002,9,88,145278,0.572214,0.383072,-9.873688,-0.026646,-0.025314,0.021317
esp32-c3-002,9,89,145298,0.555455,0.373495,-9.856929,-0.026913,-0.024781,0.02185
esp32-c3-002,9,90,145319,0.548272,0.356736,-9.876082,-0.025847,-0.026646,0.021583
esp32-c3-002,9,91,145339,0.519542,0.351948,-9.861717,-0.026646,-0.02558,0.021051
esp32-c3-002,9,92,145358,0.538695,0.390255,-9.888053,-0.026113,-0.026113,0.020784
esp32-c3-002,9,93,145378,0.545878,0.356736,-9.880871,-0.026913,-0.02638,0.019985
esp32-c3-002,9,94,145398,0.550666,0.380678,-9.832987,-0.026646,-0.026646,0.020784
esp32-c3-002,9,95,145418,0.519542,0.373495,-9.849746,-0.026113,-0.026113,0.020518
esp32-c3-002,9,96,145438,0.521936,0.371101,-9.873688,-0.026646,-0.02638,0.021051
esp32-c3-002,9,97,145458,0.560243,0.354342,-9.832987,-0.026113,-0.025047,0.022116
esp32-c3-002,9,98,145478,0.550666,0.371101,-9.900024,-0.026113,-0.026913,0.02185
esp32-c3-002,9,99,145498,0.514753,0.347159,-9.866506,-0.026646,-0.026113,0.021583
esp32-c3-002,10,0,145593,0.521936,0.35913,-9.878476,-0.026913,-0.025314,0.02185
esp32-c3-002,10,1,145612,0.531513,0.347159,-9.880871,-0.026646,-0.025314,0.022116
esp32-c3-002,10,2,145632,0.54109,0.368707,-9.837775,-0.026113,-0.025847,0.021051
esp32-c3-002,10,3,145652,0.531513,0.356736,-9.844957,-0.026113,-0.02638,0.020784
esp32-c3-002,10,4,145672,0.52433,0.356736,-9.842564,-0.02558,-0.025847,0.019985
esp32-c3-002,10,5,145692,0.593762,0.399832,-9.854534,-0.02638,-0.025847,0.020251
esp32-c3-002,10,6,145712,0.591368,0.385466,-9.832987,-0.027446,-0.025847,0.022116
esp32-c3-002,10,7,145732,0.548272,0.37589,-9.864111,-0.025847,-0.025847,0.022383
esp32-c3-002,10,8,145752,0.52433,0.356736,-9.864111,-0.02638,-0.025314,0.022649
esp32-c3-002,10,9,145772,0.531513,0.339977,-9.842564,-0.026646,-0.024515,0.021583
esp32-c3-002,10,10,145792,0.526724,0.371101,-9.871294,-0.026113,-0.025047,0.021583
esp32-c3-002,10,11,145812,0.54109,0.368707,-9.844957,-0.027179,-0.026913,0.021051
esp32-c3-002,10,12,145832,0.557849,0.385466,-9.873688,-0.02638,-0.026913,0.02185
esp32-c3-002,10,13,145852,0.54109,0.378284,-9.868899,-0.02558,-0.027446,0.022116
esp32-c3-002,10,14,145872,0.553061,0.385466,-9.842564,-0.027179,-0.025314,0.021317
esp32-c3-002,10,15,145892,0.562637,0.35913,-9.864111,-0.025847,-0.026913,0.022116
esp32-c3-002,10,16,145912,0.536301,0.366313,-9.864111,-0.02638,-0.02638,0.021583
esp32-c3-002,10,17,145932,0.545878,0.354342,-9.859323,-0.02638,-0.025314,0.021583
esp32-c3-002,10,18,145952,0.553061,0.363919,-9.866506,-0.026113,-0.026113,0.021051
esp32-c3-002,10,19,145972,0.565032,0.368707,-9.907207,-0.026113,-0.025314,0.02185
esp32-c3-002,10,20,145992,0.562637,0.361524,-9.883265,-0.026113,-0.025847,0.022116
esp32-c3-002,10,21,146012,0.553061,0.380678,-9.904813,-0.025847,-0.027979,0.022649
esp32-c3-002,10,22,146032,0.562637,0.373495,-9.859323,-0.026913,-0.025847,0.023715
esp32-c3-002,10,23,146052,0.56982,0.371101,-9.847352,-0.02638,-0.024781,0.024781
esp32-c3-002,10,24,146073,0.548272,0.378284,-9.85214,-0.02638,-0.02638,0.024781
esp32-c3-002,10,25,146092,0.526724,0.368707,-9.854534,-0.025847,-0.02638,0.024781
esp32-c3-002,10,26,146112,0.488417,0.339977,-9.835381,-0.025847,-0.026646,0.023449
esp32-c3-002,10,27,146132,0.512359,0.347159,-9.821015,-0.02558,-0.027446,0.023182
esp32-c3-002,10,28,146152,0.497994,0.332794,-9.859323,-0.02558,-0.028511,0.021051
esp32-c3-002,10,29,146172,0.497994,0.354342,-9.847352,-0.026913,-0.026646,0.019452
esp32-c3-002,10,30,146192,0.577003,0.371101,-9.878476,-0.02638,-0.02638,0.020518
esp32-c3-002,10,31,146212,0.600945,0.399832,-9.868899,-0.026113,-0.027979,0.021317
esp32-c3-002,10,32,146232,0.572214,0.411803,-9.856929,-0.025047,-0.028778,0.022116
esp32-c3-002,10,33,146252,0.4956,0.347159,-9.890448,-0.026646,-0.026646,0.021051
esp32-c3-002,10,34,146272,0.52433,0.35913,-9.868899,-0.026913,-0.027179,0.022116
esp32-c3-002,10,35,146292,0.596156,0.373495,-9.854534,-0.02558,-0.027712,0.021317
esp32-c3-002,10,36,146312,0.560243,0.385466,-9.888053,-0.02638,-0.026646,0.020251
esp32-c3-002,10,37,146332,0.497994,0.35913,-9.842564,-0.026913,-0.02638,0.021051
esp32-c3-002,10,38,146352,0.490811,0.351948,-9.880871,-0.026113,-0.027179,0.021317
esp32-c3-002,10,39,146372,0.553061,0.363919,-9.856929,-0.025847,-0.027712,0.02185
esp32-c3-002,10,40,146392,0.612916,0.385466,-9.861717,-0.02638,-0.028511,0.019452
esp32-c3-002,10,41,146412,0.550666,0.354342,-9.854534,-0.025314,-0.027446,0.021583
esp32-c3-002,10,42,146432,0.507571,0.380678,-9.847352,-0.025847,-0.025847,0.022916
esp32-c3-002,10,43,146452,0.56982,0.37589,-9.876082,-0.02558,-0.027979,0.023182
esp32-c3-002,10,44,146472,0.545878,0.349553,-9.856929,-0.025314,-0.027979,0.023182
esp32-c3-002,10,45,146492,0.471658,0.344765,-9.864111,-0.02638,-0.029311,0.022383
esp32-c3-002,10,46,146512,0.500388,0.3304,-9.849746,-0.026113,-0.027179,0.021317
esp32-c3-002,10,47,146532,0.54109,0.347159,-9.876082,-0.026113,-0.026913,0.018919
esp32-c3-002,10,48,146552,0.565032,0.387861,-9.856929,-0.024248,-0.028778,0.018119
esp32-c3-002,10,49,146573,0.586579,0.390255,-9.878476,-0.025314,-0.028245,0.019185
esp32-c3-002,10,50,146592,0.574608,0.418985,-9.880871,-0.025847,-0.02558,0.022116
esp32-c3-002,10,51,146612,0.555455,0.40462,-9.883265,-0.027179,-0.024515,0.023982
esp32-c3-002,10,52,146632,0.567426,0.35913,-9.809045,-0.026913,-0.025847,0.02558
esp32-c3-002,10,53,146652,0.497994,0.332794,-9.861717,-0.027179,-0.025847,0.023715
esp32-c3-002,10,54,146672,0.474052,0.347159,-9.890448,-0.02638,-0.026113,0.022649
esp32-c3-002,10,55,146692,0.52433,0.351948,-9.871294,-0.02558,-0.026113,0.021317
esp32-c3-002,10,56,146712,0.538695,0.349553,-9.85214,-0.026646,-0.025314,0.020251
esp32-c3-002,10,57,146732,0.519542,0.349553,-9.876082,-0.027712,-0.02558,0.020784
esp32-c3-002,10,58,146752,0.538695,0.342371,-9.866506,-0.02638,-0.02558,0.019985
esp32-c3-002,10,59,146772,0.550666,0.373495,-9.856929,-0.02638,-0.027179,0.019718
esp32-c3-002,10,60,146792,0.550666,0.361524,-9.861717,-0.02638,-0.027179,0.019185
esp32-c3-002,10,61,146812,0.536301,0.373495,-9.878476,-0.027179,-0.026913,0.020784
esp32-c3-002,10,62,146832,0.574608,0.392649,-9.856929,-0.027446,-0.02638,0.021583
esp32-c3-002,10,63,146852,0.574608,0.399832,-9.864111,-0.026113,-0.02638,0.022383
esp32-c3-002,10,64,146873,0.538695,0.392649,-9.868899,-0.025847,-0.025847,0.022916
esp32-c3-002,10,65,146892,0.490811,0.342371,-9.890448,-0.027179,-0.02558,0.023449
esp32-c3-002,10,66,146912,0.490811,0.3304,-9.847352,-0.026913,-0.023449,0.023715
esp32-c3-002,10,67,146932,0.52433,0.356736,-9.873688,-0.025847,-0.02558,0.021051
esp32-c3-002,10,68,146952,0.514753,0.35913,-9.864111,-0.025847,-0.025847,0.019452
esp32-c3-002,10,69,146972,0.536301,0.373495,-9.837775,-0.026113,-0.025314,0.019452
esp32-c3-002,10,70,146992,0.550666,0.371101,-9.828198,-0.025847,-0.02558,0.021317
esp32-c3-002,10,71,147012,0.593762,0.397437,-9.832987,-0.02638,-0.026646,0.021583
esp32-c3-002,10,72,147032,0.550666,0.354342,-9.854534,-0.026113,-0.02638,0.021583
esp32-c3-002,10,73,147052,0.4956,0.371101,-9.861717,-0.026113,-0.026113,0.022116
esp32-c3-002,10,74,147072,0.543484,0.361524,-9.856929,-0.026646,-0.02638,0.022383
esp32-c3-002,10,75,147092,0.555455,0.363919,-9.85214,-0.026913,-0.026646,0.021583
esp32-c3-002,10,76,147112,0.52433,0.363919,-9.876082,-0.025847,-0.02638,0.019718
esp32-c3-002,10,77,147132,0.502782,0.35913,-9.864111,-0.026113,-0.026113,0.020784
esp32-c3-002,10,78,147152,0.553061,0.361524,-9.868899,-0.026646,-0.026113,0.021583
esp32-c3-002,10,79,147172,0.579397,0.383072,-9.849746,-0.026913,-0.025314,0.022916
esp32-c3-002,10,80,147193,0.514753,0.354342,-9.864111,-0.027179,-0.02638,0.022116
esp32-c3-002,10,81,147212,0.531513,0.335188,-9.866506,-0.02638,-0.026913,0.02185
esp32-c3-002,10,82,147232,0.555455,0.354342,-9.885659,-0.02638,-0.02558,0.022116
esp32-c3-002,10,83,147252,0.54109,0.366313,-9.832987,-0.026113,-0.025847,0.022383
esp32-c3-002,10,84,147272,0.519542,0.349553,-9.828198,-0.026646,-0.02558,0.021583
esp32-c3-002,10,85,147292,0.493206,0.349553,-9.861717,-0.026646,-0.025847,0.021051
esp32-c3-002,10,86,147312,0.509965,0.368707,-9.825804,-0.02638,-0.02558,0.020251
esp32-c3-002,10,87,147332,0.557849,0.378284,-9.85214,-0.026646,-0.025047,0.020251
esp32-c3-002,10,88,147352,0.555455,0.371101,-9.854534,-0.026646,-0.025847,0.021317
esp32-c3-002,10,89,147372,0.538695,0.385466,-9.868899,-0.026646,-0.02558,0.02185
esp32-c3-002,10,90,147392,0.543484,0.354342,-9.864111,-0.02638,-0.02558,0.02185
esp32-c3-002,10,91,147412,0.517148,0.344765,-9.859323,-0.026646,-0.025314,0.02185
esp32-c3-002,10,92,147432,0.531513,0.351948,-9.868899,-0.026646,-0.026113,0.021583
esp32-c3-002,10,93,147452,0.543484,0.371101,-9.866506,-0.027179,-0.026113,0.021051
esp32-c3-002,10,94,147472,0.533907,0.363919,-9.840169,-0.026646,-0.02638,0.021317
esp32-c3-002,10,95,147492,0.54109,0.356736,-9.873688,-0.026913,-0.02638,0.020784
esp32-c3-002,10,96,147512,0.555455,0.363919,-9.871294,-0.026113,-0.026113,0.020784
esp32-c3-002,10,97,147532,0.517148,0.354342,-9.840169,-0.026113,-0.02558,0.021317
esp32-c3-002,10,98,147552,0.533907,0.356736,-9.861717,-0.027179,-0.026646,0.021583
esp32-c3-002,10,99,147572,0.54109,0.361524,-9.856929,-0.026646,-0.026113,0.02185
esp32-c3-002,11,0,147657,0.536301,0.356736,-9.854534,-0.025847,-0.026113,0.019985
esp32-c3-002,11,1,147676,0.567426,0.387861,-9.878476,-0.026113,-0.026113,0.019718
esp32-c3-002,11,2,147696,0.565032,0.392649,-9.871294,-0.02558,-0.026113,0.021317
esp32-c3-002,11,3,147716,0.548272,0.366313,-9.873688,-0.026913,-0.02638,0.022649
esp32-c3-002,11,4,147736,0.54109,0.37589,-9.873688,-0.026913,-0.026113,0.023182
esp32-c3-002,11,5,147756,0.54109,0.363919,-9.830592,-0.026113,-0.025847,0.022649
esp32-c3-002,11,6,147776,0.519542,0.354342,-9.859323,-0.02558,-0.027179,0.021317
esp32-c3-002,11,7,147796,0.526724,0.351948,-9.809045,-0.026113,-0.025847,0.020784
esp32-c3-002,11,8,147816,0.543484,0.373495,-9.847352,-0.026646,-0.026113,0.020784
esp32-c3-002,11,9,147836,0.54109,0.366313,-9.847352,-0.026646,-0.025847,0.020518
esp32-c3-002,11,10,147856,0.526724,0.351948,-9.861717,-0.026646,-0.02558,0.020784
esp32-c3-002,11,11,147876,0.548272,0.361524,-9.866506,-0.027179,-0.02558,0.022116
esp32-c3-002,11,12,147897,0.526724,0.37589,-9.844957,-0.025847,-0.025847,0.022116
esp32-c3-002,11,13,147916,0.529119,0.344765,-9.856929,-0.026646,-0.02558,0.022383
esp32-c3-002,11,14,147936,0.529119,0.351948,-9.85214,-0.026646,-0.026113,0.021051
esp32-c3-002,11,15,147956,0.54109,0.361524,-9.868899,-0.026646,-0.026913,0.02185
esp32-c3-002,11,16,147976,0.521936,0.366313,-9.864111,-0.025847,-0.02638,0.02185
esp32-c3-002,11,17,147996,0.526724,0.378284,-9.835381,-0.026913,-0.025847,0.021051
esp32-c3-002,11,18,148016,0.521936,0.368707,-9.873688,-0.02638,-0.026646,0.021583
esp32-c3-002,11,19,148036,0.538695,0.368707,-9.847352,-0.026113,-0.026113,0.021317
esp32-c3-002,11,20,148056,0.54109,0.373495,-9.859323,-0.02558,-0.026113,0.021583
esp32-c3-002,11,21,148076,0.574608,0.37589,-9.821015,-0.02638,-0.025847,0.021317
esp32-c3-002,11,22,148096,0.531513,0.363919,-9.873688,-0.025847,-0.025047,0.02185
esp32-c3-002,11,23,148116,0.54109,0.349553,-9.868899,-0.02638,-0.026113,0.022649
esp32-c3-002,11,24,148136,0.543484,0.373495,-9.856929,-0.025847,-0.025847,0.022649
esp32-c3-002,11,25,148156,0.531513,0.366313,-9.859323,-0.026913,-0.026646,0.021583
esp32-c3-002,11,26,148176,0.538695,0.368707,-9.880871,-0.026913,-0.02638,0.022116
esp32-c3-002,11,27,148196,0.536301,0.351948,-9.856929,-0.026646,-0.026113,0.021583
esp32-c3-002,11,28,148216,0.543484,0.354342,-9.849746,-0.027446,-0.026113,0.021051
esp32-c3-002,11,29,148236,0.550666,0.354342,-9.873688,-0.025847,-0.026113,0.021583
esp32-c3-002,11,30,148256,0.536301,0.344765,-9.85214,-0.02638,-0.026113,0.022116
esp32-c3-002,11,31,148276,0.52433,0.368707,-9.861717,-0.026913,-0.026113,0.022116
esp32-c3-002,11,32,148296,0.529119,0.351948,-9.902418,-0.02638,-0.02638,0.022116
esp32-c3-002,11,33,148317,0.536301,0.35913,-9.883265,-0.027446,-0.02638,0.020518
esp32-c3-002,11,34,148336,0.519542,0.366313,-9.832987,-0.02638,-0.02638,0.021583
esp32-c3-002,11,35,148356,0.531513,0.373495,-9.878476,-0.02638,-0.026646,0.021317
esp32-c3-002,11,36,148376,0.548272,0.361524,-9.876082,-0.026913,-0.026113,0.021051
esp32-c3-002,11,37,148396,0.560243,0.371101,-9.873688,-0.027446,-0.02558,0.02185
esp32-c3-002,11,38,148416,0.548272,0.371101,-9.866506,-0.026913,-0.02558,0.022383
esp32-c3-002,11,39,148436,0.536301,0.356736,-9.828198,-0.026913,-0.02638,0.022116
esp32-c3-002,11,40,148456,0.536301,0.363919,-9.888053,-0.02558,-0.025847,0.020251
esp32-c3-002,11,41,148476,0.529119,0.371101,-9.866506,-0.026913,-0.026113,0.02185
esp32-c3-002,11,42,148496,0.562637,0.37589,-9.876082,-0.027179,-0.02638,0.021051
esp32-c3-002,11,43,148517,0.543484,0.361524,-9.878476,-0.02558,-0.02558,0.02185
esp32-c3-002,11,44,148536,0.52433,0.378284,-9.866506,-0.026913,-0.026646,0.022116
esp32-c3-002,11,45,148556,0.517148,0.344765,-9.878476,-0.02638,-0.025847,0.022116
esp32-c3-002,11,46,148576,0.533907,0.371101,-9.873688,-0.026646,-0.025314,0.02185
esp32-c3-002,11,47,148596,0.529119,0.351948,-9.871294,-0.026913,-0.02638,0.021051
esp32-c3-002,11,48,148616,0.533907,0.3304,-9.844957,-0.026646,-0.025847,0.021051
esp32-c3-002,11,49,148636,0.533907,0.35913,-9.854534,-0.02638,-0.026113,0.021051
esp32-c3-002,11,50,148656,0.581791,0.387861,-9.861717,-0.025847,-0.02638,0.021317
esp32-c3-002,11,51,148676,0.538695,0.378284,-9.878476,-0.02638,-0.02638,0.022383
esp32-c3-002,11,52,148696,0.536301,0.371101,-9.859323,-0.027179,-0.025314,0.02185
esp32-c3-002,11,53,148716,0.519542,0.368707,-9.868899,-0.027446,-0.025847,0.022916
esp32-c3-002,11,54,148736,0.519542,0.354342,-9.866506,-0.026646,-0.024515,0.02185
esp32-c3-002,11,55,148756,0.521936,0.351948,-9.888053,-0.026646,-0.02638,0.020784
esp32-c3-002,11,56,148776,0.536301,0.342371,-9.873688,-0.026913,-0.026913,0.020784
esp32-c3-002,11,57,148796,0.545878,0.373495,-9.871294,-0.026113,-0.02558,0.020251
esp32-c3-002,11,58,148816,0.54109,0.390255,-9.854534,-0.026646,-0.02558,0.021317
esp32-c3-002,11,59,148836,0.538695,0.366313,-9.859323,-0.026646,-0.02558,0.021583
esp32-c3-002,11,60,148856,0.54109,0.363919,-9.868899,-0.02638,-0.025847,0.022383
esp32-c3-002,11,61,148876,0.536301,0.383072,-9.871294,-0.02638,-0.02638,0.022116
esp32-c3-002,11,62,148896,0.545878,0.368707,-9.861717,-0.026913,-0.02558,0.02185
esp32-c3-002,11,63,148916,0.529119,0.347159,-9.876082,-0.027179,-0.025314,0.022383
esp32-c3-002,11,64,148936,0.521936,0.35913,-9.856929,-0.027179,-0.027179,0.022116
esp32-c3-002,11,65,148956,0.538695,0.361524,-9.832987,-0.025847,-0.026113,0.020784
esp32-c3-002,11,66,148976,0.550666,0.373495,-9.873688,-0.02638,-0.026113,0.021317
esp32-c3-002,11,67,148996,0.545878,0.363919,-9.861717,-0.02638,-0.02558,0.022116
esp32-c3-002,11,68,149016,0.533907,0.354342,-9.866506,-0.026646,-0.02638,0.022116
esp32-c3-002,11,69,149036,0.553061,0.368707,-9.885659,-0.02638,-0.026113,0.022649
esp32-c3-002,11,70,149056,0.560243,0.378284,-9.835381,-0.026913,-0.025847,0.022116
esp32-c3-002,11,71,149076,0.531513,0.378284,-9.890448,-0.026913,-0.025847,0.02185
esp32-c3-002,11,72,149096,0.505177,0.351948,-9.868899,-0.026646,-0.025047,0.022649
esp32-c3-002,11,73,149116,0.550666,0.371101,-9.864111,-0.026913,-0.02558,0.021583
esp32-c3-002,11,74,149136,0.526724,0.344765,-9.844957,-0.027179,-0.026913,0.019985
esp32-c3-002,11,75,149156,0.538695,0.354342,-9.856929,-0.026913,-0.026113,0.019718
esp32-c3-002,11,76,149176,0.538695,0.361524,-9.883265,-0.02638,-0.026913,0.021583
esp32-c3-002,11,77,149196,0.555455,0.383072,-9.880871,-0.02638,-0.025847,0.021051
esp32-c3-002,11,78,149216,0.550666,0.380678,-9.85214,-0.026646,-0.025847,0.022116
esp32-c3-002,11,79,149236,0.538695,0.371101,-9.854534,-0.026913,-0.02558,0.022383
esp32-c3-002,11,80,149256,0.536301,0.378284,-9.861717,-0.02638,-0.025847,0.023182
esp32-c3-002,11,81,149276,0.550666,0.354342,-9.840169,-0.02638,-0.02558,0.023449
esp32-c3-002,11,82,149296,0.517148,0.361524,-9.825804,-0.026113,-0.02558,0.022116
esp32-c3-002,11,83,149316,0.486023,0.339977,-9.864111,-0.026913,-0.025314,0.022116
esp32-c3-002,11,84,149336,0.505177,0.356736,-9.856929,-0.02638,-0.02638,0.019452
esp32-c3-002,11,85,149356,0.572214,0.373495,-9.866506,-0.025847,-0.026113,0.019985
esp32-c3-002,11,86,149376,0.579397,0.385466,-9.871294,-0.026646,-0.026113,0.019718
esp32-c3-002,11,87,149396,0.553061,0.37589,-9.847352,-0.02638,-0.026646,0.021051
esp32-c3-002,11,88,149416,0.560243,0.380678,-9.866506,-0.026913,-0.026646,0.022116
esp32-c3-002,11,89,149436,0.553061,0.397437,-9.856929,-0.026646,-0.026646,0.023182
esp32-c3-002,11,90,149457,0.52433,0.373495,-9.876082,-0.02638,-0.025314,0.022916
esp32-c3-002,11,91,149476,0.500388,0.356736,-9.854534,-0.02638,-0.025847,0.022116
esp32-c3-002,11,92,149496,0.529119,0.35913,-9.904813,-0.025847,-0.026113,0.021583
esp32-c3-002,11,93,149516,0.526724,0.354342,-9.866506,-0.02638,-0.026113,0.020518
esp32-c3-002,11,94,149536,0.548272,0.371101,-9.885659,-0.026913,-0.025847,0.020784
esp32-c3-002,11,95,149556,0.531513,0.373495,-9.873688,-0.026113,-0.02558,0.021317
esp32-c3-002,11,96,149576,0.54109,0.366313,-9.868899,-0.02638,-0.026113,0.021583
esp32-c3-002,11,97,149596,0.555455,0.356736,-9.854534,-0.026646,-0.026646,0.02185
esp32-c3-002,11,98,149616,0.529119,0.378284,-9.890448,-0.026646,-0.02638,0.021583
esp32-c3-002,11,99,149636,0.536301,0.351948,-9.825804,-0.026646,-0.02638,0.021583
esp32-c3-002,12,0,149733,0.545878,0.373495,-9.861717,-0.026646,-0.02638,0.020251
esp32-c3-002,12,1,149752,0.514753,0.349553,-9.85214,-0.027446,-0.02558,0.020784
esp32-c3-002,12,2,149773,0.548272,0.37589,-9.864111,-0.026646,-0.02558,0.021583
esp32-c3-002,12,3,149792,0.548272,0.371101,-9.844957,-0.026113,-0.026113,0.021317
esp32-c3-002,12,4,149812,0.529119,0.361524,-9.880871,-0.025847,-0.026646,0.021317
esp32-c3-002,12,5,149832,0.545878,0.366313,-9.854534,-0.02638,-0.02558,0.021051
esp32-c3-002,12,6,149852,0.54109,0.363919,-9.837775,-0.02638,-0.026113,0.021317
esp32-c3-002,12,7,149872,0.557849,0.349553,-9.89763,-0.02638,-0.027446,0.021051
esp32-c3-002,12,8,149892,0.533907,0.356736,-9.866506,-0.026113,-0.026113,0.02185
esp32-c3-002,12,9,149912,0.538695,0.356736,-9.859323,-0.02638,-0.02638,0.021051
esp32-c3-002,12,10,149932,0.565032,0.380678,-9.854534,-0.026646,-0.02638,0.021317
esp32-c3-002,12,11,149952,0.555455,0.35913,-9.854534,-0.026646,-0.025847,0.022116
esp32-c3-002,12,12,149972,0.531513,0.361524,-9.904813,-0.027179,-0.02558,0.022116
esp32-c3-002,12,13,149992,0.514753,0.342371,-9.85214,-0.026646,-0.025314,0.02185
esp32-c3-002,12,14,150012,0.584185,0.361524,-9.844957,-0.026646,-0.02558,0.02185
esp32-c3-002,12,15,150032,0.565032,0.390255,-9.849746,-0.02638,-0.026646,0.021051
esp32-c3-002,12,16,150053,0.536301,0.349553,-9.871294,-0.02638,-0.026113,0.021583
esp32-c3-002,12,17,150072,0.519542,0.351948,-9.840169,-0.026646,-0.025314,0.021583
esp32-c3-002,12,18,150092,0.545878,0.361524,-9.883265,-0.026646,-0.025847,0.021051
esp32-c3-002,12,19,150112,0.550666,0.35913,-9.864111,-0.026646,-0.026113,0.020784
esp32-c3-002,12,20,150132,0.529119,0.349553,-9.883265,-0.027179,-0.025847,0.020251
esp32-c3-002,12,21,150152,0.52433,0.368707,-9.868899,-0.02638,-0.026113,0.021317
esp32-c3-002,12,22,150172,0.557849,0.387861,-9.859323,-0.026646,-0.026113,0.021051
esp32-c3-002,12,23,150192,0.529119,0.383072,-9.816227,-0.026646,-0.026113,0.021051
esp32-c3-002,12,24,150212,0.526724,0.349553,-9.849746,-0.027179,-0.025847,0.022649
esp32-c3-002,12,25,150232,0.52433,0.368707,-9.888053,-0.026913,-0.025314,0.022116
esp32-c3-002,12,26,150252,0.548272,0.351948,-9.866506,-0.027179,-0.025847,0.02185
esp32-c3-002,12,27,150272,0.526724,0.373495,-9.844957,-0.026646,-0.02638,0.021583
esp32-c3-002,12,28,150292,0.54109,0.356736,-9.842564,-0.026646,-0.025314,0.021583
esp32-c3-002,12,29,150312,0.548272,0.368707,-9.895236,-0.026646,-0.02638,0.022116
esp32-c3-002,12,30,150332,0.543484,0.356736,-9.849746,-0.02638,-0.026113,0.020784
esp32-c3-002,12,31,150352,0.548272,0.347159,-9.861717,-0.027179,-0.02638,0.022116
esp32-c3-002,12,32,150372,0.536301,0.363919,-9.866506,-0.02638,-0.025847,0.021051
esp32-c3-002,12,33,150392,0.557849,0.354342,-9.864111,-0.026646,-0.02558,0.02185
esp32-c3-002,12,34,150412,0.557849,0.363919,-9.868899,-0.026113,-0.025847,0.021583
esp32-c3-002,12,35,150432,0.545878,0.373495,-9.840169,-0.02638,-0.025314,0.022383
esp32-c3-002,12,36,150452,0.517148,0.361524,-9.892841,-0.026113,-0.02558,0.02185
esp32-c3-002,12,37,150472,0.521936,0.347159,-9.85214,-0.026113,-0.026646,0.022116
esp32-c3-002,12,38,150492,0.548272,0.361524,-9.871294,-0.026113,-0.026646,0.021051
esp32-c3-002,12,39,150512,0.52433,0.35913,-9.885659,-0.02638,-0.02558,0.021583
esp32-c3-002,12,40,150532,0.507571,0.361524,-9.830592,-0.027179,-0.025314,0.02185
esp32-c3-002,12,41,150552,0.533907,0.371101,-9.856929,-0.02638,-0.02558,0.021051
esp32-c3-002,12,42,150573,0.562637,0.392649,-9.854534,-0.026113,-0.026913,0.020784
esp32-c3-002,12,43,150592,0.548272,0.354342,-9.878476,-0.026113,-0.025847,0.021583
esp32-c3-002,12,44,150612,0.519542,0.35913,-9.864111,-0.026913,-0.025314,0.022116
esp32-c3-002,12,45,150632,0.543484,0.378284,-9.878476,-0.02638,-0.025314,0.02185
esp32-c3-002,12,46,150652,0.536301,0.349553,-9.864111,-0.026113,-0.026913,0.021317
esp32-c3-002,12,47,150672,0.519542,0.351948,-9.859323,-0.02638,-0.02558,0.020784
esp32-c3-002,12,48,150692,0.52433,0.368707,-9.859323,-0.026913,-0.02558,0.020784
esp32-c3-002,12,49,150712,0.565032,0.380678,-9.883265,-0.026913,-0.02638,0.020251
esp32-c3-002,12,50,150732,0.562637,0.37589,-9.849746,-0.025847,-0.025847,0.021317
esp32-c3-002,12,51,150752,0.519542,0.380678,-9.876082,-0.025314,-0.026113,0.022383
esp32-c3-002,12,52,150772,0.536301,0.356736,-9.859323,-0.026113,-0.025314,0.021317
esp32-c3-002,12,53,150792,0.553061,0.361524,-9.868899,-0.026113,-0.027446,0.022383
esp32-c3-002,12,54,150812,0.526724,0.366313,-9.878476,-0.026113,-0.02558,0.02185
esp32-c3-002,12,55,150832,0.519542,0.344765,-9.890448,-0.02558,-0.026113,0.02185
esp32-c3-002,12,56,150852,0.533907,0.363919,-9.854534,-0.026913,-0.02558,0.02185
esp32-c3-002,12,57,150872,0.543484,0.356736,-9.849746,-0.027179,-0.025047,0.020518
esp32-c3-002,12,58,150892,0.543484,0.37589,-9.844957,-0.026646,-0.02558,0.021051
esp32-c3-002,12,59,150912,0.517148,0.349553,-9.859323,-0.026913,-0.02638,0.020784
esp32-c3-002,12,60,150932,0.514753,0.354342,-9.873688,-0.027179,-0.025314,0.020251
esp32-c3-002,12,61,150952,0.514753,0.35913,-9.888053,-0.027446,-0.025047,0.020251
esp32-c3-002,12,62,150972,0.521936,0.363919,-9.873688,-0.028245,-0.022383,0.018919
esp32-c3-002,12,63,150992,0.567426,0.35913,-9.873688,-0.028511,-0.021317,0.019185
esp32-c3-002,12,64,151012,0.577003,0.380678,-9.835381,-0.028511,-0.022649,0.020784
esp32-c3-002,12,65,151032,0.600945,0.387861,-9.85214,-0.028778,-0.023982,0.021051
esp32-c3-002,12,66,151052,0.550666,0.387861,-9.878476,-0.027446,-0.024781,0.022916
esp32-c3-002,12,67,151072,0.545878,0.344765,-9.842564,-0.027979,-0.024248,0.023182
esp32-c3-002,12,68,151092,0.509965,0.351948,-9.854534,-0.027446,-0.023982,0.02185
esp32-c3-002,12,69,151112,0.507571,0.351948,-9.868899,-0.028245,-0.022383,0.021317
esp32-c3-002,12,70,151132,0.517148,0.342371,-9.876082,-0.027712,-0.024515,0.021317
esp32-c3-002,12,71,151152,0.531513,0.368707,-9.847352,-0.026646,-0.025847,0.019985
esp32-c3-002,12,72,151172,0.557849,0.368707,-9.847352,-0.02638,-0.02558,0.021317
esp32-c3-002,12,73,151192,0.579397,0.395043,-9.890448,-0.02638,-0.026913,0.022383
esp32-c3-002,12,74,151212,0.545878,0.380678,-9.878476,-0.025847,-0.025847,0.022649
esp32-c3-002,12,75,151232,0.512359,0.349553,-9.873688,-0.026646,-0.026913,0.022649
esp32-c3-002,12,76,151252,0.514753,0.349553,-9.859323,-0.026646,-0.025847,0.021317
esp32-c3-002,12,77,151272,0.545878,0.371101,-9.868899,-0.025847,-0.025847,0.021583
esp32-c3-002,12,78,151292,0.536301,0.349553,-9.837775,-0.025847,-0.026113,0.021317
esp32-c3-002,12,79,151312,0.545878,0.371101,-9.825804,-0.026113,-0.027979,0.021317
esp32-c3-002,12,80,151332,0.553061,0.380678,-9.878476,-0.025847,-0.026646,0.022116
esp32-c3-002,12,81,151352,0.536301,0.363919,-9.866506,-0.025847,-0.026913,0.022383
esp32-c3-002,12,82,151372,0.545878,0.368707,-9.876082,-0.026113,-0.026646,0.02185
esp32-c3-002,12,83,151392,0.543484,0.356736,-9.840169,-0.02638,-0.02638,0.023182
esp32-c3-002,12,84,151412,0.538695,0.368707,-9.859323,-0.026913,-0.02558,0.022916
esp32-c3-002,12,85,151432,0.533907,0.339977,-9.861717,-0.02638,-0.02558,0.022116
esp32-c3-002,12,86,151452,0.514753,0.347159,-9.85214,-0.026113,-0.025847,0.021317
esp32-c3-002,12,87,151472,0.507571,0.368707,-9.818622,-0.026113,-0.026646,0.020784
esp32-c3-002,12,88,151492,0.548272,0.37589,-9.885659,-0.025847,-0.026646,0.020518
esp32-c3-002,12,89,151512,0.572214,0.373495,-9.864111,-0.025847,-0.026913,0.021317
esp32-c3-002,12,90,151532,0.536301,0.361524,-9.868899,-0.025847,-0.028511,0.022383
esp32-c3-002,12,91,151552,0.548272,0.35913,-9.864111,-0.02638,-0.027179,0.023182
esp32-c3-002,12,92,151572,0.565032,0.366313,-9.844957,-0.026913,-0.026113,0.024515
esp32-c3-002,12,93,151592,0.567426,0.356736,-9.847352,-0.025847,-0.02638,0.024248
esp32-c3-002,12,94,151612,0.533907,0.366313,-9.888053,-0.026113,-0.027446,0.023449
esp32-c3-002,12,95,151632,0.497994,0.344765,-9.871294,-0.026113,-0.026913,0.023449
esp32-c3-002,12,96,151652,0.519542,0.361524,-9.856929,-0.02558,-0.027179,0.023182
esp32-c3-002,12,97,151672,0.521936,0.344765,-9.900024,-0.02558,-0.026913,0.020784
esp32-c3-002,12,98,151693,0.493206,0.351948,-9.859323,-0.025314,-0.027712,0.020518
esp32-c3-002,12,99,151712,0.514753,0.35913,-9.830592,-0.02558,-0.027179,0.019985
esp32-c3-002,13,0,151798,0.538695,0.368707,-9.868899,-0.027179,-0.025847,0.023715
esp32-c3-002,13,1,151817,0.505177,0.342371,-9.883265,-0.02638,-0.02558,0.023182
esp32-c3-002,13,2,151838,0.493206,0.335188,-9.849746,-0.026646,-0.025847,0.021317
esp32-c3-002,13,3,151857,0.505177,0.342371,-9.876082,-0.02638,-0.027179,0.019452
esp32-c3-002,13,4,151877,0.54109,0.361524,-9.861717,-0.02558,-0.025847,0.019185
esp32-c3-002,13,5,151898,0.565032,0.385466,-9.868899,-0.025847,-0.027179,0.019452
esp32-c3-002,13,6,151917,0.584185,0.378284,-9.85214,-0.02638,-0.02638,0.020518
esp32-c3-002,13,7,151937,0.567426,0.399832,-9.871294,-0.027179,-0.026113,0.022116
esp32-c3-002,13,8,151957,0.56982,0.380678,-9.890448,-0.026646,-0.026113,0.024781
esp32-c3-002,13,9,151977,0.531513,0.373495,-9.878476,-0.026646,-0.02558,0.024515
esp32-c3-002,13,10,151997,0.47884,0.335188,-9.840169,-0.026646,-0.02558,0.023715
esp32-c3-002,13,11,152017,0.45011,0.332794,-9.849746,-0.027179,-0.025847,0.021051
esp32-c3-002,13,12,152037,0.493206,0.3304,-9.868899,-0.02638,-0.026646,0.019185
esp32-c3-002,13,13,152057,0.533907,0.351948,-9.861717,-0.026113,-0.027179,0.018119
esp32-c3-002,13,14,152077,0.591368,0.383072,-9.849746,-0.02638,-0.025314,0.019185
esp32-c3-002,13,15,152097,0.59855,0.395043,-9.866506,-0.026113,-0.026113,0.020784
esp32-c3-002,13,16,152117,0.610521,0.383072,-9.876082,-0.026913,-0.02638,0.022383
esp32-c3-002,13,17,152137,0.560243,0.390255,-9.878476,-0.026113,-0.02558,0.024515
esp32-c3-002,13,18,152157,0.531513,0.371101,-9.866506,-0.026913,-0.024515,0.024781
esp32-c3-002,13,19,152177,0.469264,0.320823,-9.868899,-0.02558,-0.025047,0.025047
esp32-c3-002,13,20,152198,0.490811,0.3304,-9.864111,-0.02638,-0.025314,0.022116
esp32-c3-002,13,21,152217,0.500388,0.335188,-9.878476,-0.026913,-0.026113,0.019985
esp32-c3-002,13,22,152237,0.519542,0.368707,-9.859323,-0.02638,-0.026646,0.018919
esp32-c3-002,13,23,152257,0.557849,0.361524,-9.864111,-0.025847,-0.026113,0.019452
esp32-c3-002,13,24,152277,0.562637,0.392649,-9.854534,-0.026646,-0.02558,0.021051
esp32-c3-002,13,25,152297,0.56982,0.383072,-9.868899,-0.026113,-0.025847,0.021583
esp32-c3-002,13,26,152317,0.560243,0.351948,-9.883265,-0.02638,-0.026646,0.022916
esp32-c3-002,13,27,152337,0.531513,0.361524,-9.883265,-0.02638,-0.02638,0.022383
esp32-c3-002,13,28,152357,0.533907,0.325611,-9.856929,-0.02638,-0.025847,0.022383
esp32-c3-002,13,29,152377,0.514753,0.335188,-9.873688,-0.02558,-0.027179,0.022649
esp32-c3-002,13,30,152397,0.509965,0.356736,-9.888053,-0.025314,-0.026913,0.020251
esp32-c3-002,13,31,152417,0.543484,0.349553,-9.861717,-0.025847,-0.026113,0.019718
esp32-c3-002,13,32,152437,0.555455,0.373495,-9.871294,-0.026113,-0.026913,0.020784
esp32-c3-002,13,33,152457,0.565032,0.368707,-9.895236,-0.02638,-0.026913,0.021051
esp32-c3-002,13,34,152477,0.550666,0.378284,-9.849746,-0.026113,-0.02558,0.022116
esp32-c3-002,13,35,152497,0.538695,0.35913,-9.856929,-0.026113,-0.025314,0.023449
esp32-c3-002,13,36,152517,0.517148,0.349553,-9.864111,-0.026646,-0.025314,0.022916
esp32-c3-002,13,37,152537,0.507571,0.356736,-9.890448,-0.02638,-0.02558,0.022383
esp32-c3-002,13,38,152557,0.514753,0.318429,-9.880871,-0.02638,-0.02558,0.021583
esp32-c3-002,13,39,152577,0.505177,0.349553,-9.859323,-0.026913,-0.02558,0.021051
esp32-c3-002,13,40,152597,0.529119,0.35913,-9.864111,-0.026913,-0.02558,0.019985
esp32-c3-002,13,41,152617,0.553061,0.363919,-9.844957,-0.026913,-0.026646,0.019985
esp32-c3-002,13,42,152637,0.574608,0.373495,-9.854534,-0.026113,-0.02638,0.021583
esp32-c3-002,13,43,152657,0.562637,0.368707,-9.85214,-0.026113,-0.026913,0.022116
esp32-c3-002,13,44,152677,0.550666,0.363919,-9.835381,-0.025847,-0.027446,0.022649
esp32-c3-002,13,45,152697,0.533907,0.35913,-9.859323,-0.026646,-0.02638,0.022383
esp32-c3-002,13,46,152717,0.529119,0.361524,-9.868899,-0.026646,-0.026646,0.022916
esp32-c3-002,13,47,152737,0.514753,0.332794,-9.878476,-0.026913,-0.026113,0.023449
esp32-c3-002,13,48,152757,0.509965,0.342371,-9.866506,-0.026913,-0.02558,0.02185
esp32-c3-002,13,49,152777,0.517148,0.325611,-9.883265,-0.02638,-0.02558,0.020518
esp32-c3-002,13,50,152797,0.526724,0.344765,-9.849746,-0.02638,-0.025847,0.020518
esp32-c3-002,13,51,152818,0.543484,0.383072,-9.809045,-0.025847,-0.026913,0.020518
esp32-c3-002,13,52,152837,0.572214,0.380678,-9.849746,-0.025847,-0.02638,0.021051
esp32-c3-002,13,53,152857,0.543484,0.37589,-9.842564,-0.026646,-0.025047,0.02185
esp32-c3-002,13,54,152877,0.531513,0.349553,-9.866506,-0.026646,-0.024781,0.021583
esp32-c3-002,13,55,152897,0.507571,0.351948,-9.849746,-0.026913,-0.025314,0.022383
esp32-c3-002,13,56,152917,0.509965,0.349553,-9.900024,-0.026646,-0.025847,0.021051
esp32-c3-002,13,57,152937,0.52433,0.371101,-9.854534,-0.026113,-0.026646,0.021317
esp32-c3-002,13,58,152957,0.529119,0.373495,-9.847352,-0.025847,-0.027179,0.021051
esp32-c3-002,13,59,152977,0.572214,0.380678,-9.828198,-0.026113,-0.025847,0.021583
esp32-c3-002,13,60,152997,0.543484,0.373495,-9.847352,-0.026113,-0.027179,0.022116
esp32-c3-002,13,61,153017,0.507571,0.368707,-9.861717,-0.02638,-0.026646,0.022649
esp32-c3-002,13,62,153037,0.529119,0.354342,-9.847352,-0.02638,-0.02638,0.022649
esp32-c3-002,13,63,153057,0.538695,0.349553,-9.847352,-0.026913,-0.024515,0.022383
esp32-c3-002,13,64,153077,0.509965,0.349553,-9.85214,-0.026646,-0.02638,0.02185
esp32-c3-002,13,65,153097,0.54109,0.347159,-9.861717,-0.026913,-0.026913,0.020784
esp32-c3-002,13,66,153117,0.557849,0.35913,-9.85214,-0.025847,-0.026913,0.02185
esp32-c3-002,13,67,153137,0.567426,0.378284,-9.868899,-0.026646,-0.026646,0.02185
esp32-c3-002,13,68,153157,0.557849,0.373495,-9.868899,-0.02638,-0.02558,0.022649
esp32-c3-002,13,69,153177,0.531513,0.383072,-9.854534,-0.026913,-0.02638,0.022649
esp32-c3-002,13,70,153197,0.514753,0.361524,-9.840169,-0.02638,-0.025847,0.022383
esp32-c3-002,13,71,153217,0.52433,0.349553,-9.864111,-0.026646,-0.024781,0.021583
esp32-c3-002,13,72,153237,0.521936,0.37589,-9.876082,-0.026113,-0.02638,0.021317
esp32-c3-002,13,73,153257,0.536301,0.356736,-9.883265,-0.026113,-0.02638,0.021051
esp32-c3-002,13,74,153277,0.54109,0.366313,-9.844957,-0.025314,-0.027712,0.020784
esp32-c3-002,13,75,153297,0.550666,0.366313,-9.849746,-0.025847,-0.027179,0.021051
esp32-c3-002,13,76,153317,0.543484,0.378284,-9.864111,-0.026646,-0.025314,0.021583
esp32-c3-002,13,77,153337,0.54109,0.371101,-9.849746,-0.026913,-0.025847,0.022649
esp32-c3-002,13,78,153357,0.562637,0.368707,-9.871294,-0.02558,-0.02558,0.022116
esp32-c3-002,13,79,153377,0.538695,0.383072,-9.885659,-0.025847,-0.027979,0.021051
esp32-c3-002,13,80,153397,0.545878,0.37589,-9.854534,-0.026113,-0.027179,0.022916
esp32-c3-002,13,81,153417,0.52433,0.342371,-9.883265,-0.026913,-0.026113,0.022649
esp32-c3-002,13,82,153437,0.493206,0.323217,-9.854534,-0.027979,-0.025314,0.022649
esp32-c3-002,13,83,153457,0.490811,0.351948,-9.890448,-0.027179,-0.025314,0.020784
esp32-c3-002,13,84,153477,0.529119,0.363919,-9.844957,-0.026646,-0.026913,0.020251
esp32-c3-002,13,85,153497,0.562637,0.37589,-9.85214,-0.026113,-0.027179,0.020251
esp32-c3-002,13,86,153517,0.567426,0.368707,-9.888053,-0.026913,-0.025847,0.021051
esp32-c3-002,13,87,153537,0.521936,0.371101,-9.835381,-0.027446,-0.024515,0.022383
esp32-c3-002,13,88,153557,0.555455,0.373495,-9.844957,-0.027446,-0.025314,0.023182
esp32-c3-002,13,89,153577,0.512359,0.351948,-9.859323,-0.027179,-0.025047,0.022916
esp32-c3-002,13,90,153597,0.4956,0.337582,-9.866506,-0.026646,-0.025314,0.021051
esp32-c3-002,13,91,153617,0.52433,0.342371,-9.873688,-0.025847,-0.026646,0.020251
esp32-c3-002,13,92,153637,0.545878,0.356736,-9.876082,-0.026113,-0.026113,0.019718
esp32-c3-002,13,93,153657,0.538695,0.373495,-9.849746,-0.026113,-0.026646,0.019985
esp32-c3-002,13,94,153677,0.550666,0.361524,-9.85214,-0.02638,-0.026913,0.021583
esp32-c3-002,13,95,153697,0.59855,0.399832,-9.859323,-0.026113,-0.026913,0.02185
esp32-c3-002,13,96,153717,0.584185,0.385466,-9.868899,-0.026913,-0.02558,0.023715
esp32-c3-002,13,97,153737,0.500388,0.323217,-9.868899,-0.027446,-0.024248,0.025047
esp32-c3-002,13,98,153757,0.481235,0.3304,-9.856929,-0.026646,-0.024781,0.023982
esp32-c3-002,13,99,153777,0.517148,0.337582,-9.876082,-0.026113,-0.024515,0.021317
esp32-c3-002,14,0,153881,0.553061,0.37589,-9.847352,-0.026646,-0.02558,0.021317
esp32-c3-002,14,1,153900,0.533907,0.373495,-9.861717,-0.027179,-0.026913,0.02185
esp32-c3-002,14,2,153920,0.54109,0.363919,-9.842564,-0.026646,-0.02638,0.022916
esp32-c3-002,14,3,153941,0.529119,0.361524,-9.840169,-0.026646,-0.025047,0.022383
esp32-c3-002,14,4,153961,0.52433,0.354342,-9.844957,-0.026913,-0.02558,0.02185
esp32-c3-002,14,5,153980,0.533907,0.354342,-9.883265,-0.027179,-0.026646,0.021583
esp32-c3-002,14,6,154000,0.553061,0.37589,-9.844957,-0.026113,-0.02638,0.02185
esp32-c3-002,14,7,154020,0.529119,0.344765,-9.847352,-0.026913,-0.02638,0.021317
esp32-c3-002,14,8,154041,0.509965,0.339977,-9.830592,-0.027179,-0.025047,0.021317
esp32-c3-002,14,9,154060,0.526724,0.349553,-9.864111,-0.027179,-0.025047,0.021051
esp32-c3-002,14,10,154080,0.56982,0.371101,-9.844957,-0.026913,-0.026113,0.021317
esp32-c3-002,14,11,154100,0.548272,0.378284,-9.844957,-0.026913,-0.025314,0.020784
esp32-c3-002,14,12,154120,0.531513,0.366313,-9.866506,-0.02638,-0.025047,0.021317
esp32-c3-002,14,13,154140,0.543484,0.35913,-9.856929,-0.02638,-0.02558,0.022116
esp32-c3-002,14,14,154160,0.565032,0.356736,-9.85214,-0.02558,-0.02558,0.021583
esp32-c3-002,14,15,154180,0.531513,0.368707,-9.847352,-0.02558,-0.025847,0.021317
esp32-c3-002,14,16,154200,0.533907,0.37589,-9.856929,-0.026646,-0.025847,0.022649
esp32-c3-002,14,17,154220,0.526724,0.35913,-9.859323,-0.025847,-0.026113,0.022383
esp32-c3-002,14,18,154240,0.538695,0.368707,-9.854534,-0.026646,-0.02638,0.02185
esp32-c3-002,14,19,154260,0.531513,0.371101,-9.854534,-0.027179,-0.027179,0.021317
esp32-c3-002,14,20,154280,0.531513,0.361524,-9.880871,-0.02638,-0.025047,0.021051
esp32-c3-002,14,21,154300,0.543484,0.368707,-9.861717,-0.026646,-0.02558,0.022383
esp32-c3-002,14,22,154320,0.538695,0.354342,-9.868899,-0.026646,-0.02638,0.02185
esp32-c3-002,14,23,154340,0.543484,0.351948,-9.832987,-0.025847,-0.02638,0.020518
esp32-c3-002,14,24,154360,0.538695,0.344765,-9.859323,-0.026113,-0.026913,0.020518
esp32-c3-002,14,25,154380,0.545878,0.368707,-9.856929,-0.026113,-0.026646,0.021583
esp32-c3-002,14,26,154400,0.560243,0.380678,-9.859323,-0.026913,-0.02638,0.022383
esp32-c3-002,14,27,154420,0.533907,0.373495,-9.844957,-0.02638,-0.026113,0.022116
esp32-c3-002,14,28,154440,0.509965,0.347159,-9.880871,-0.02638,-0.026113,0.022916
esp32-c3-002,14,29,154460,0.519542,0.328006,-9.873688,-0.025047,-0.025314,0.021583
esp32-c3-002,14,30,154480,0.538695,0.354342,-9.871294,-0.02638,-0.025847,0.021583
esp32-c3-002,14,31,154500,0.560243,0.378284,-9.864111,-0.025847,-0.026646,0.020251
esp32-c3-002,14,32,154520,0.545878,0.354342,-9.854534,-0.025847,-0.026646,0.020784
esp32-c3-002,14,33,154540,0.548272,0.368707,-9.902418,-0.026646,-0.025847,0.022383
esp32-c3-002,14,34,154560,0.548272,0.373495,-9.878476,-0.026113,-0.025847,0.023182
esp32-c3-002,14,35,154580,0.514753,0.351948,-9.868899,-0.02638,-0.025847,0.022383
esp32-c3-002,14,36,154600,0.505177,0.339977,-9.847352,-0.02638,-0.02558,0.022383
esp32-c3-002,14,37,154620,0.507571,0.361524,-9.864111,-0.026646,-0.02558,0.021583
esp32-c3-002,14,38,154640,0.533907,0.361524,-9.864111,-0.02638,-0.02558,0.021051
esp32-c3-002,14,39,154660,0.531513,0.354342,-9.847352,-0.02638,-0.026913,0.020784
esp32-c3-002,14,40,154680,0.553061,0.368707,-9.873688,-0.02558,-0.026113,0.021051
esp32-c3-002,14,41,154700,0.557849,0.366313,-9.844957,-0.026113,-0.02558,0.021051
esp32-c3-002,14,42,154720,0.553061,0.354342,-9.854534,-0.02638,-0.025314,0.022916
esp32-c3-002,14,43,154740,0.502782,0.37589,-9.873688,-0.026913,-0.02638,0.022649
esp32-c3-002,14,44,154760,0.514753,0.347159,-9.902418,-0.026646,-0.026913,0.02185
esp32-c3-002,14,45,154780,0.512359,0.356736,-9.871294,-0.02638,-0.02638,0.022383
esp32-c3-002,14,46,154800,0.514753,0.351948,-9.890448,-0.026646,-0.02558,0.021583
esp32-c3-002,14,47,154820,0.521936,0.361524,-9.847352,-0.02638,-0.026113,0.02185
esp32-c3-002,14,48,154840,0.526724,0.351948,-9.864111,-0.027179,-0.025847,0.021317
esp32-c3-002,14,49,154860,0.538695,0.387861,-9.849746,-0.026113,-0.026913,0.021317
esp32-c3-002,14,50,154880,0.529119,0.373495,-9.828198,-0.026113,-0.026646,0.021051
esp32-c3-002,14,51,154900,0.529119,0.383072,-9.854534,-0.02638,-0.026113,0.021583
esp32-c3-002,14,52,154920,0.533907,0.371101,-9.904813,-0.02638,-0.026113,0.022116
esp32-c3-002,14,53,154940,0.543484,0.356736,-9.878476,-0.026913,-0.025314,0.022116
esp32-c3-002,14,54,154960,0.529119,0.387861,-9.868899,-0.02638,-0.025314,0.022116
esp32-c3-002,14,55,154980,0.531513,0.351948,-9.849746,-0.027179,-0.026113,0.02185
esp32-c3-002,14,56,155000,0.521936,0.347159,-9.864111,-0.026646,-0.02558,0.021583
esp32-c3-002,14,57,155020,0.514753,0.354342,-9.854534,-0.026913,-0.024781,0.021317
esp32-c3-002,14,58,155040,0.509965,0.351948,-9.866506,-0.026913,-0.025314,0.021051
esp32-c3-002,14,59,155060,0.533907,0.35913,-9.876082,-0.026646,-0.025847,0.020251
esp32-c3-002,14,60,155081,0.572214,0.371101,-9.880871,-0.026113,-0.027446,0.019985
esp32-c3-002,14,61,155100,0.557849,0.368707,-9.885659,-0.026913,-0.026113,0.021317
esp32-c3-002,14,62,155120,0.543484,0.380678,-9.873688,-0.02638,-0.024781,0.022116
esp32-c3-002,14,63,155140,0.550666,0.371101,-9.880871,-0.02638,-0.025314,0.022916
esp32-c3-002,14,64,155160,0.533907,0.371101,-9.856929,-0.02638,-0.02558,0.022383
esp32-c3-002,14,65,155180,0.529119,0.354342,-9.859323,-0.026913,-0.02558,0.021317
esp32-c3-002,14,66,155200,0.526724,0.349553,-9.85214,-0.026646,-0.026113,0.021583
esp32-c3-002,14,67,155220,0.543484,0.368707,-9.864111,-0.026113,-0.026113,0.021583
esp32-c3-002,14,68,155240,0.521936,0.35913,-9.880871,-0.02638,-0.026113,0.021051
esp32-c3-002,14,69,155260,0.536301,0.349553,-9.868899,-0.026646,-0.02638,0.021583
esp32-c3-002,14,70,155280,0.536301,0.354342,-9.876082,-0.026646,-0.02638,0.021317
esp32-c3-002,14,71,155300,0.560243,0.356736,-9.854534,-0.026913,-0.026113,0.022116
esp32-c3-002,14,72,155320,0.529119,0.349553,-9.883265,-0.026913,-0.026113,0.021583
esp32-c3-002,14,73,155340,0.521936,0.344765,-9.835381,-0.027179,-0.02638,0.021583
esp32-c3-002,14,74,155360,0.560243,0.363919,-9.864111,-0.02638,-0.025314,0.02185
esp32-c3-002,14,75,155380,0.533907,0.383072,-9.849746,-0.026113,-0.02558,0.022116
esp32-c3-002,14,76,155400,0.533907,0.35913,-9.856929,-0.027179,-0.02558,0.021583
esp32-c3-002,14,77,155420,0.548272,0.339977,-9.859323,-0.025847,-0.026646,0.021317
esp32-c3-002,14,78,155440,0.531513,0.366313,-9.85214,-0.025314,-0.025847,0.022116
esp32-c3-002,14,79,155460,0.517148,0.371101,-9.842564,-0.026913,-0.02558,0.022116
esp32-c3-002,14,80,155480,0.521936,0.361524,-9.866506,-0.026913,-0.026113,0.022649
esp32-c3-002,14,81,155500,0.550666,0.371101,-9.864111,-0.025847,-0.026113,0.021051
esp32-c3-002,14,82,155520,0.538695,0.371101,-9.859323,-0.026646,-0.02638,0.021317
esp32-c3-002,14,83,155540,0.54109,0.373495,-9.866506,-0.026646,-0.025314,0.021051
esp32-c3-002,14,84,155560,0.538695,0.363919,-9.883265,-0.027446,-0.025047,0.022383
esp32-c3-002,14,85,155580,0.54109,0.371101,-9.880871,-0.026646,-0.025047,0.021051
esp32-c3-002,14,86,155600,0.52433,0.356736,-9.861717,-0.026646,-0.02638,0.021317
esp32-c3-002,14,87,155620,0.521936,0.35913,-9.888053,-0.026113,-0.027446,0.021317
esp32-c3-002,14,88,155640,0.533907,0.363919,-9.892841,-0.025847,-0.025847,0.022383
esp32-c3-002,14,89,155660,0.550666,0.368707,-9.859323,-0.026646,-0.026646,0.021051
esp32-c3-002,14,90,155680,0.533907,0.354342,-9.864111,-0.026646,-0.025847,0.021317
esp32-c3-002,14,91,155700,0.548272,0.339977,-9.856929,-0.026913,-0.026113,0.022116
esp32-c3-002,14,92,155720,0.545878,0.342371,-9.849746,-0.024781,-0.025314,0.021583
esp32-c3-002,14,93,155740,0.550666,0.368707,-9.876082,-0.025847,-0.02638,0.022116
esp32-c3-002,14,94,155760,0.531513,0.342371,-9.849746,-0.02638,-0.026646,0.022116
esp32-c3-002,14,95,155780,0.538695,0.347159,-9.868899,-0.026646,-0.026113,0.022916
esp32-c3-002,14,96,155800,0.521936,0.356736,-9.880871,-0.026913,-0.026913,0.022383
esp32-c3-002,14,97,155820,0.500388,0.356736,-9.900024,-0.026913,-0.026646,0.021317
esp32-c3-002,14,98,155840,0.54109,0.344765,-9.842564,-0.025847,-0.025847,0.020784
esp32-c3-002,14,99,155860,0.550666,0.363919,-9.832987,-0.026646,-0.02558,0.021583
esp32-c3-002,15,0,155944,0.519542,0.354342,-9.859323,-0.02638,-0.02558,0.023182
esp32-c3-002,15,1,155963,0.521936,0.349553,-9.854534,-0.02638,-0.026113,0.02185
esp32-c3-002,15,2,155983,0.517148,0.349553,-9.868899,-0.026113,-0.026113,0.021317
esp32-c3-002,15,3,156004,0.52433,0.35913,-9.828198,-0.026913,-0.02558,0.020784
esp32-c3-002,15,4,156023,0.543484,0.361524,-9.844957,-0.027179,-0.025847,0.021051
esp32-c3-002,15,5,156043,0.550666,0.356736,-9.876082,-0.027179,-0.026113,0.022116
esp32-c3-002,15,6,156063,0.545878,0.385466,-9.864111,-0.02638,-0.026913,0.021051
esp32-c3-002,15,7,156083,0.529119,0.371101,-9.85214,-0.025847,-0.02558,0.022383
esp32-c3-002,15,8,156103,0.529119,0.347159,-9.880871,-0.026646,-0.025047,0.022383
esp32-c3-002,15,9,156123,0.548272,0.354342,-9.888053,-0.026113,-0.02558,0.021583
esp32-c3-002,15,10,156143,0.543484,0.361524,-9.840169,-0.02638,-0.025847,0.022383
esp32-c3-002,15,11,156163,0.519542,0.35913,-9.837775,-0.026646,-0.025047,0.021051
esp32-c3-002,15,12,156183,0.517148,0.349553,-9.868899,-0.027179,-0.025847,0.022116
esp32-c3-002,15,13,156204,0.526724,0.356736,-9.856929,-0.027712,-0.025314,0.022116
esp32-c3-002,15,14,156223,0.538695,0.373495,-9.861717,-0.026646,-0.02638,0.021317
esp32-c3-002,15,15,156243,0.553061,0.392649,-9.854534,-0.025314,-0.027446,0.022649
esp32-c3-002,15,16,156263,0.553061,0.371101,-9.840169,-0.027179,-0.024781,0.022116
esp32-c3-002,15,17,156283,0.507571,0.349553,-9.871294,-0.027446,-0.023982,0.023982
esp32-c3-002,15,18,156303,0.526724,0.335188,-9.880871,-0.027446,-0.024781,0.023182
esp32-c3-002,15,19,156323,0.52433,0.351948,-9.880871,-0.026646,-0.02638,0.020784
esp32-c3-002,15,20,156343,0.502782,0.342371,-9.883265,-0.02638,-0.026113,0.020784
esp32-c3-002,15,21,156363,0.533907,0.351948,-9.876082,-0.02638,-0.02558,0.020784
esp32-c3-002,15,22,156383,0.557849,0.368707,-9.828198,-0.026113,-0.02558,0.020518
esp32-c3-002,15,23,156404,0.565032,0.368707,-9.837775,-0.026913,-0.025314,0.021051
esp32-c3-002,15,24,156423,0.555455,0.368707,-9.840169,-0.02638,-0.026113,0.021317
esp32-c3-002,15,25,156443,0.545878,0.35913,-9.842564,-0.026646,-0.025847,0.022649
esp32-c3-002,15,26,156463,0.536301,0.354342,-9.880871,-0.027179,-0.026113,0.021583
esp32-c3-002,15,27,156483,0.538695,0.349553,-9.859323,-0.026113,-0.02558,0.02185
esp32-c3-002,15,28,156503,0.517148,0.363919,-9.837775,-0.024781,-0.028245,0.02185
esp32-c3-002,15,29,156523,0.536301,0.378284,-9.873688,-0.026646,-0.027179,0.022649
esp32-c3-002,15,30,156543,0.521936,0.356736,-9.895236,-0.027712,-0.024781,0.022383
esp32-c3-002,15,31,156563,0.502782,0.335188,-9.861717,-0.026913,-0.024781,0.022383
esp32-c3-002,15,32,156583,0.507571,0.335188,-9.856929,-0.027179,-0.026113,0.021051
esp32-c3-002,15,33,156603,0.512359,0.3304,-9.856929,-0.025847,-0.02558,0.019185
esp32-c3-002,15,34,156623,0.545878,0.373495,-9.859323,-0.026646,-0.025047,0.018919
esp32-c3-002,15,35,156643,0.572214,0.378284,-9.868899,-0.025847,-0.025047,0.019452
esp32-c3-002,15,36,156663,0.581791,0.373495,-9.859323,-0.026646,-0.024781,0.02185
esp32-c3-002,15,37,156683,0.553061,0.368707,-9.847352,-0.02558,-0.024781,0.022383
esp32-c3-002,15,38,156704,0.529119,0.337582,-9.849746,-0.02638,-0.025314,0.023715
esp32-c3-002,15,39,156723,0.533907,0.342371,-9.868899,-0.026646,-0.025314,0.023449
esp32-c3-002,15,40,156743,0.505177,0.337582,-9.854534,-0.026646,-0.02638,0.022383
esp32-c3-002,15,41,156763,0.502782,0.342371,-9.854534,-0.02638,-0.026913,0.021051
esp32-c3-002,15,42,156783,0.531513,0.354342,-9.859323,-0.02638,-0.025847,0.021317
esp32-c3-002,15,43,156803,0.560243,0.373495,-9.828198,-0.02638,-0.027179,0.020784
esp32-c3-002,15,44,156823,0.557849,0.344765,-9.890448,-0.025847,-0.026913,0.021051
esp32-c3-002,15,45,156843,0.531513,0.378284,-9.861717,-0.027179,-0.025314,0.02185
esp32-c3-002,15,46,156863,0.531513,0.380678,-9.859323,-0.026913,-0.025314,0.021583
esp32-c3-002,15,47,156883,0.567426,0.347159,-9.844957,-0.02638,-0.025847,0.02185
esp32-c3-002,15,48,156903,0.550666,0.35913,-9.866506,-0.027179,-0.026113,0.022116
esp32-c3-002,15,49,156923,0.536301,0.354342,-9.856929,-0.026646,-0.026913,0.022116
esp32-c3-002,15,50,156943,0.526724,0.356736,-9.854534,-0.027179,-0.026113,0.022116
esp32-c3-002,15,51,156963,0.543484,0.356736,-9.844957,-0.02638,-0.027446,0.021583
esp32-c3-002,15,52,156983,0.54109,0.335188,-9.868899,-0.02638,-0.026113,0.021051
esp32-c3-002,15,53,157003,0.553061,0.356736,-9.854534,-0.025847,-0.02638,0.020784
esp32-c3-002,15,54,157023,0.543484,0.363919,-9.856929,-0.026646,-0.02638,0.021583
esp32-c3-002,15,55,157043,0.565032,0.373495,-9.844957,-0.026646,-0.026646,0.022116
esp32-c3-002,15,56,157063,0.531513,0.354342,-9.866506,-0.02638,-0.024781,0.022116
esp32-c3-002,15,57,157083,0.505177,0.356736,-9.876082,-0.026646,-0.025847,0.022649
esp32-c3-002,15,58,157103,0.512359,0.380678,-9.856929,-0.026646,-0.026913,0.02185
esp32-c3-002,15,59,157123,0.538695,0.351948,-9.883265,-0.02638,-0.02558,0.020784
esp32-c3-002,15,60,157143,0.533907,0.363919,-9.840169,-0.026646,-0.02558,0.021317
esp32-c3-002,15,61,157163,0.54109,0.35913,-9.904813,-0.026913,-0.026113,0.021583
esp32-c3-002,15,62,157183,0.54109,0.368707,-9.861717,-0.02638,-0.026913,0.02185
esp32-c3-002,15,63,157203,0.545878,0.371101,-9.844957,-0.027179,-0.026913,0.022649
esp32-c3-002,15,64,157223,0.553061,0.363919,-9.876082,-0.02638,-0.026113,0.022116
esp32-c3-002,15,65,157243,0.52433,0.366313,-9.854534,-0.026113,-0.025047,0.022383
esp32-c3-002,15,66,157263,0.533907,0.337582,-9.856929,-0.026646,-0.025047,0.022383
esp32-c3-002,15,67,157283,0.509965,0.361524,-9.856929,-0.026113,-0.02558,0.021583
esp32-c3-002,15,68,157303,0.512359,0.337582,-9.849746,-0.025847,-0.025314,0.020784
esp32-c3-002,15,69,157324,0.538695,0.363919,-9.859323,-0.02638,-0.025847,0.020251
esp32-c3-002,15,70,157343,0.560243,0.383072,-9.85214,-0.026113,-0.02558,0.021051
esp32-c3-002,15,71,157363,0.548272,0.385466,-9.878476,-0.02638,-0.02558,0.021583
esp32-c3-002,15,72,157383,0.548272,0.368707,-9.866506,-0.02638,-0.026646,0.022649
esp32-c3-002,15,73,157403,0.54109,0.35913,-9.876082,-0.02558,-0.026113,0.022383
esp32-c3-002,15,74,157423,0.538695,0.354342,-9.871294,-0.026646,-0.026113,0.02185
esp32-c3-002,15,75,157443,0.509965,0.351948,-9.856929,-0.02638,-0.025847,0.02185
esp32-c3-002,15,76,157463,0.490811,0.339977,-9.856929,-0.025847,-0.025314,0.021051
esp32-c3-002,15,77,157483,0.543484,0.344765,-9.849746,-0.026113,-0.024781,0.021051
esp32-c3-002,15,78,157503,0.548272,0.366313,-9.888053,-0.026113,-0.02558,0.020518
esp32-c3-002,15,79,157523,0.567426,0.37589,-9.883265,-0.02638,-0.025847,0.021051
esp32-c3-002,15,80,157543,0.521936,0.368707,-9.876082,-0.026646,-0.02638,0.02185
esp32-c3-002,15,81,157563,0.514753,0.356736,-9.883265,-0.026913,-0.025314,0.022916
esp32-c3-002,15,82,157583,0.509965,0.349553,-9.856929,-0.027179,-0.025847,0.02185
esp32-c3-002,15,83,157603,0.52433,0.356736,-9.866506,-0.02638,-0.025847,0.022116
esp32-c3-002,15,84,157623,0.548272,0.354342,-9.830592,-0.02638,-0.02638,0.021583
esp32-c3-002,15,85,157643,0.548272,0.366313,-9.840169,-0.026913,-0.025847,0.020518
esp32-c3-002,15,86,157663,0.557849,0.361524,-9.854534,-0.026113,-0.026113,0.021583
esp32-c3-002,15,87,157683,0.550666,0.373495,-9.842564,-0.026113,-0.025314,0.022116
esp32-c3-002,15,88,157703,0.538695,0.37589,-9.866506,-0.025847,-0.025314,0.023449
esp32-c3-002,15,89,157723,0.521936,0.347159,-9.868899,-0.026113,-0.025847,0.022383
esp32-c3-002,15,90,157743,0.538695,0.349553,-9.864111,-0.026646,-0.02638,0.022116
esp32-c3-002,15,91,157763,0.529119,0.347159,-9.813833,-0.026646,-0.02638,0.021317
esp32-c3-002,15,92,157783,0.505177,0.356736,-9.849746,-0.02638,-0.02638,0.021051
esp32-c3-002,15,93,157803,0.550666,0.383072,-9.828198,-0.026646,-0.026113,0.021583
esp32-c3-002,15,94,157823,0.565032,0.383072,-9.866506,-0.027712,-0.02558,0.021051
esp32-c3-002,15,95,157843,0.526724,0.368707,-9.873688,-0.027446,-0.02638,0.022116
esp32-c3-002,15,96,157863,0.529119,0.371101,-9.876082,-0.026646,-0.02558,0.021051
esp32-c3-002,15,97,157883,0.557849,0.368707,-9.880871,-0.026646,-0.02558,0.021583
esp32-c3-002,15,98,157903,0.548272,0.349553,-9.864111,-0.02638,-0.025847,0.021583
esp32-c3-002,15,99,157923,0.543484,0.354342,-9.866506,-0.026913,-0.026646,0.021583
esp32-c3-002,16,0,158005,0.52433,0.351948,-9.837775,-0.027446,-0.025847,0.021317
esp32-c3-002,16,1,158024,0.543484,0.349553,-9.892841,-0.02638,-0.02558,0.021583
esp32-c3-002,16,2,158045,0.565032,0.354342,-9.883265,-0.027179,-0.02558,0.021583
esp32-c3-002,16,3,158064,0.531513,0.356736,-9.840169,-0.026646,-0.02638,0.022383
esp32-c3-002,16,4,158084,0.536301,0.363919,-9.861717,-0.026646,-0.026113,0.02185
esp32-c3-002,16,5,158104,0.536301,0.35913,-9.856929,-0.026113,-0.025314,0.022383
esp32-c3-002,16,6,158124,0.514753,0.366313,-9.871294,-0.026913,-0.02638,0.022116
esp32-c3-002,16,7,158144,0.538695,0.366313,-9.880871,-0.026913,-0.02638,0.022116
esp32-c3-002,16,8,158164,0.543484,0.356736,-9.85214,-0.026913,-0.025847,0.022116
esp32-c3-002,16,9,158184,0.553061,0.347159,-9.873688,-0.02638,-0.02558,0.021583
esp32-c3-002,16,10,158204,0.529119,0.363919,-9.878476,-0.025847,-0.026113,0.021051
esp32-c3-002,16,11,158224,0.521936,0.395043,-9.873688,-0.026113,-0.026646,0.020518
esp32-c3-002,16,12,158244,0.538695,0.361524,-9.844957,-0.026113,-0.025314,0.021583
esp32-c3-002,16,13,158264,0.536301,0.37589,-9.859323,-0.026113,-0.026113,0.021583
esp32-c3-002,16,14,158284,0.545878,0.371101,-9.880871,-0.026913,-0.026113,0.02185
esp32-c3-002,16,15,158304,0.526724,0.373495,-9.840169,-0.026913,-0.025847,0.022116
esp32-c3-002,16,16,158324,0.531513,0.354342,-9.873688,-0.026646,-0.02558,0.023182
esp32-c3-002,16,17,158344,0.536301,0.342371,-9.849746,-0.027179,-0.024515,0.02185
esp32-c3-002,16,18,158364,0.560243,0.368707,-9.847352,-0.026646,-0.025047,0.022116
esp32-c3-002,16,19,158384,0.538695,0.356736,-9.885659,-0.026646,-0.026113,0.02185
esp32-c3-002,16,20,158404,0.538695,0.339977,-9.866506,-0.026646,-0.025847,0.021583
esp32-c3-002,16,21,158424,0.526724,0.361524,-9.890448,-0.02638,-0.02558,0.021317
esp32-c3-002,16,22,158445,0.526724,0.342371,-9.868899,-0.027179,-0.02558,0.021051
esp32-c3-002,16,23,158465,0.531513,0.337582,-9.873688,-0.026913,-0.025847,0.021051
esp32-c3-002,16,24,158484,0.565032,0.368707,-9.871294,-0.026113,-0.02638,0.020784
esp32-c3-002,16,25,158504,0.593762,0.373495,-9.847352,-0.02638,-0.025847,0.02185
esp32-c3-002,16,26,158524,0.54109,0.385466,-9.866506,-0.02638,-0.026113,0.022383
esp32-c3-002,16,27,158544,0.529119,0.366313,-9.864111,-0.026113,-0.027179,0.024248
esp32-c3-002,16,28,158564,0.521936,0.368707,-9.840169,-0.026913,-0.024781,0.023982
esp32-c3-002,16,29,158584,0.502782,0.337582,-9.883265,-0.027179,-0.02638,0.023182
esp32-c3-002,16,30,158604,0.500388,0.342371,-9.878476,-0.02638,-0.025847,0.021051
esp32-c3-002,16,31,158624,0.512359,0.371101,-9.856929,-0.025847,-0.026113,0.019985
esp32-c3-002,16,32,158644,0.54109,0.397437,-9.861717,-0.026113,-0.025314,0.020251
esp32-c3-002,16,33,158664,0.555455,0.363919,-9.89763,-0.027446,-0.024515,0.020518
esp32-c3-002,16,34,158684,0.557849,0.378284,-9.878476,-0.027446,-0.024781,0.021317
esp32-c3-002,16,35,158704,0.560243,0.366313,-9.878476,-0.02638,-0.025314,0.023182
esp32-c3-002,16,36,158724,0.543484,0.361524,-9.861717,-0.026646,-0.024781,0.022383
esp32-c3-002,16,37,158744,0.52433,0.344765,-9.89763,-0.027979,-0.023982,0.022916
esp32-c3-002,16,38,158764,0.507571,0.347159,-9.883265,-0.026913,-0.026113,0.022383
esp32-c3-002,16,39,158784,0.526724,0.363919,-9.880871,-0.02638,-0.025847,0.021317
esp32-c3-002,16,40,158804,0.533907,0.363919,-9.868899,-0.026113,-0.026646,0.021051
esp32-c3-002,16,41,158824,0.538695,0.371101,-9.864111,-0.02558,-0.026113,0.021583
esp32-c3-002,16,42,158844,0.562637,0.373495,-9.854534,-0.026913,-0.02638,0.021583
esp32-c3-002,16,43,158864,0.557849,0.366313,-9.828198,-0.026113,-0.026113,0.022649
esp32-c3-002,16,44,158884,0.529119,0.373495,-9.864111,-0.026913,-0.026646,0.022116
esp32-c3-002,16,45,158904,0.531513,0.37589,-9.849746,-0.02638,-0.026113,0.02185
esp32-c3-002,16,46,158924,0.526724,0.366313,-9.854534,-0.026646,-0.026913,0.022916
esp32-c3-002,16,47,158944,0.52433,0.363919,-9.840169,-0.02638,-0.026113,0.023182
esp32-c3-002,16,48,158964,0.538695,0.366313,-9.856929,-0.026113,-0.027712,0.022649
esp32-c3-002,16,49,158984,0.531513,0.342371,-9.888053,-0.026113,-0.027446,0.02185
esp32-c3-002,16,50,159004,0.531513,0.363919,-9.885659,-0.026913,-0.026913,0.021317
esp32-c3-002,16,51,159024,0.543484,0.363919,-9.866506,-0.026646,-0.027179,0.021583
esp32-c3-002,16,52,159044,0.526724,0.361524,-9.849746,-0.02638,-0.026113,0.02185
esp32-c3-002,16,53,159064,0.54109,0.344765,-9.856929,-0.026646,-0.026113,0.02185
esp32-c3-002,16,54,159084,0.521936,0.337582,-9.89763,-0.02558,-0.02638,0.02185
esp32-c3-002,16,55,159104,0.557849,0.351948,-9.849746,-0.025847,-0.026646,0.022383
esp32-c3-002,16,56,159124,0.543484,0.351948,-9.878476,-0.026113,-0.026646,0.021317
esp32-c3-002,16,57,159144,0.519542,0.356736,-9.859323,-0.02558,-0.02558,0.020784
esp32-c3-002,16,58,159164,0.529119,0.363919,-9.868899,-0.025847,-0.026113,0.022116
esp32-c3-002,16,59,159184,0.54109,0.35913,-9.842564,-0.02638,-0.02638,0.021317
esp32-c3-002,16,60,159204,0.54109,0.347159,-9.825804,-0.026913,-0.026646,0.021317
esp32-c3-002,16,61,159224,0.54109,0.351948,-9.847352,-0.02638,-0.025847,0.022116
esp32-c3-002,16,62,159244,0.529119,0.349553,-9.883265,-0.027179,-0.02638,0.021583
esp32-c3-002,16,63,159264,0.54109,0.37589,-9.892841,-0.026113,-0.025847,0.021583
esp32-c3-002,16,64,159284,0.531513,0.387861,-9.847352,-0.02638,-0.027179,0.021051
esp32-c3-002,16,65,159304,0.531513,0.37589,-9.861717,-0.026646,-0.025847,0.021317
esp32-c3-002,16,66,159324,0.517148,0.361524,-9.854534,-0.02638,-0.025847,0.021317
esp32-c3-002,16,67,159344,0.519542,0.35913,-9.847352,-0.02638,-0.025847,0.020784
esp32-c3-002,16,68,159364,0.54109,0.337582,-9.871294,-0.026113,-0.02558,0.021317
esp32-c3-002,16,69,159384,0.557849,0.383072,-9.859323,-0.025847,-0.026113,0.021051
esp32-c3-002,16,70,159404,0.543484,0.361524,-9.880871,-0.025847,-0.02558,0.022649
esp32-c3-002,16,71,159424,0.548272,0.363919,-9.844957,-0.02638,-0.02558,0.022649
esp32-c3-002,16,72,159444,0.531513,0.354342,-9.859323,-0.026113,-0.026113,0.022916
esp32-c3-002,16,73,159464,0.512359,0.354342,-9.856929,-0.026913,-0.02558,0.022916
esp32-c3-002,16,74,159484,0.512359,0.368707,-9.837775,-0.027446,-0.026646,0.020518
esp32-c3-002,16,75,159504,0.519542,0.356736,-9.876082,-0.026913,-0.025314,0.021051
esp32-c3-002,16,76,159524,0.533907,0.35913,-9.883265,-0.026646,-0.02638,0.02185
esp32-c3-002,16,77,159544,0.560243,0.366313,-9.883265,-0.026646,-0.027179,0.021317
esp32-c3-002,16,78,159564,0.54109,0.366313,-9.854534,-0.026913,-0.02558,0.021583
esp32-c3-002,16,79,159585,0.519542,0.378284,-9.847352,-0.026913,-0.025314,0.022649
esp32-c3-002,16,80,159604,0.529119,0.354342,-9.85214,-0.026913,-0.025847,0.022116
esp32-c3-002,16,81,159624,0.507571,0.368707,-9.871294,-0.026646,-0.02638,0.021317
esp32-c3-002,16,82,159644,0.521936,0.351948,-9.859323,-0.027179,-0.026646,0.021051
esp32-c3-002,16,83,159664,0.545878,0.351948,-9.842564,-0.025847,-0.026113,0.020518
esp32-c3-002,16,84,159684,0.545878,0.392649,-9.864111,-0.02558,-0.027446,0.020784
esp32-c3-002,16,85,159704,0.560243,0.366313,-9.873688,-0.027179,-0.02558,0.022383
esp32-c3-002,16,86,159724,0.519542,0.35913,-9.859323,-0.026913,-0.024781,0.023449
esp32-c3-002,16,87,159744,0.507571,0.354342,-9.854534,-0.027446,-0.02558,0.022383
esp32-c3-002,16,88,159764,0.517148,0.347159,-9.868899,-0.026646,-0.025314,0.020784
esp32-c3-002,16,89,159784,0.533907,0.347159,-9.835381,-0.026913,-0.027446,0.020518
esp32-c3-002,16,90,159804,0.54109,0.351948,-9.835381,-0.026646,-0.025847,0.019985
esp32-c3-002,16,91,159824,0.54109,0.390255,-9.842564,-0.026646,-0.025314,0.020251
esp32-c3-002,16,92,159844,0.54109,0.363919,-9.873688,-0.026646,-0.02558,0.020518
esp32-c3-002,16,93,159864,0.529119,0.344765,-9.854534,-0.026113,-0.025847,0.021583
esp32-c3-002,16,94,159884,0.543484,0.371101,-9.866506,-0.027179,-0.026113,0.021583
esp32-c3-002,16,95,159904,0.529119,0.363919,-9.868899,-0.026913,-0.026913,0.022116
esp32-c3-002,16,96,159924,0.531513,0.351948,-9.864111,-0.027179,-0.025847,0.02185
esp32-c3-002,16,97,159944,0.52433,0.339977,-9.849746,-0.02638,-0.02638,0.021317
esp32-c3-002,16,98,159964,0.557849,0.35913,-9.837775,-0.026113,-0.025847,0.021583
esp32-c3-002,16,99,159984,0.560243,0.35913,-9.864111,-0.026113,-0.027446,0.021051
esp32-c3-002,17,0,160071,0.581791,0.35913,-9.844957,-0.026113,-0.02638,0.021051
esp32-c3-002,17,1,160090,0.553061,0.347159,-9.856929,-0.027179,-0.026113,0.020251
esp32-c3-002,17,2,160111,0.529119,0.368707,-9.89763,-0.026646,-0.025847,0.02185
esp32-c3-002,17,3,160130,0.548272,0.356736,-9.868899,-0.027179,-0.025847,0.023982
esp32-c3-002,17,4,160150,0.529119,0.35913,-9.854534,-0.026913,-0.02558,0.022383
esp32-c3-002,17,5,160170,0.505177,0.344765,-9.878476,-0.026113,-0.02638,0.021051
esp32-c3-002,17,6,160190,0.526724,0.339977,-9.878476,-0.026646,-0.025847,0.021317
esp32-c3-002,17,7,160210,0.536301,0.371101,-9.85214,-0.025314,-0.027446,0.020251
esp32-c3-002,17,8,160230,0.548272,0.351948,-9.840169,-0.024781,-0.027446,0.020518
esp32-c3-002,17,9,160250,0.557849,0.392649,-9.883265,-0.02558,-0.02638,0.021051
esp32-c3-002,17,10,160270,0.588974,0.383072,-9.866506,-0.025847,-0.027712,0.022383
esp32-c3-002,17,11,160290,0.562637,0.383072,-9.880871,-0.026913,-0.024248,0.024515
esp32-c3-002,17,12,160310,0.505177,0.35913,-9.856929,-0.027179,-0.024781,0.025847
esp32-c3-002,17,13,160330,0.502782,0.342371,-9.89763,-0.026113,-0.024515,0.023182
esp32-c3-002,17,14,160350,0.474052,0.325611,-9.873688,-0.026913,-0.025047,0.021583
esp32-c3-002,17,15,160370,0.517148,0.339977,-9.849746,-0.02638,-0.025847,0.019985
esp32-c3-002,17,16,160391,0.54109,0.37589,-9.866506,-0.02638,-0.026113,0.019185
esp32-c3-002,17,17,160410,0.526724,0.380678,-9.854534,-0.026113,-0.026913,0.019185
esp32-c3-002,17,18,160430,0.577003,0.378284,-9.847352,-0.026113,-0.026646,0.020518
esp32-c3-002,17,19,160450,0.56982,0.397437,-9.859323,-0.02638,-0.02558,0.021583
esp32-c3-002,17,20,160470,0.538695,0.37589,-9.864111,-0.027179,-0.024781,0.022649
esp32-c3-002,17,21,160490,0.536301,0.356736,-9.878476,-0.026913,-0.024781,0.024515
esp32-c3-002,17,22,160510,0.526724,0.342371,-9.890448,-0.027712,-0.02558,0.023182
esp32-c3-002,17,23,160530,0.512359,0.351948,-9.847352,-0.026913,-0.02558,0.021317
esp32-c3-002,17,24,160550,0.517148,0.347159,-9.85214,-0.026113,-0.027179,0.021317
esp32-c3-002,17,25,160570,0.52433,0.354342,-9.854534,-0.025847,-0.026913,0.020518
esp32-c3-002,17,26,160590,0.529119,0.354342,-9.876082,-0.026646,-0.024515,0.021051
esp32-c3-002,17,27,160610,0.526724,0.368707,-9.830592,-0.027179,-0.024515,0.020784
esp32-c3-002,17,28,160630,0.550666,0.354342,-9.911995,-0.026646,-0.026113,0.021583
esp32-c3-002,17,29,160650,0.548272,0.378284,-9.864111,-0.026646,-0.025847,0.021317
esp32-c3-002,17,30,160670,0.536301,0.368707,-9.861717,-0.027179,-0.024515,0.022383
esp32-c3-002,17,31,160690,0.531513,0.368707,-9.854534,-0.02638,-0.025314,0.022649
esp32-c3-002,17,32,160711,0.538695,0.361524,-9.847352,-0.027179,-0.025847,0.023449
esp32-c3-002,17,33,160730,0.531513,0.361524,-9.866506,-0.026913,-0.02558,0.022116
esp32-c3-002,17,34,160750,0.517148,0.368707,-9.849746,-0.026646,-0.026646,0.021317
esp32-c3-002,17,35,160770,0.526724,0.342371,-9.883265,-0.026913,-0.02558,0.021583
esp32-c3-002,17,36,160790,0.536301,0.363919,-9.859323,-0.027179,-0.02638,0.020518
esp32-c3-002,17,37,160810,0.550666,0.363919,-9.878476,-0.026113,-0.02558,0.020784
esp32-c3-002,17,38,160830,0.54109,0.371101,-9.85214,-0.02638,-0.025047,0.021583
esp32-c3-002,17,39,160850,0.545878,0.344765,-9.892841,-0.027179,-0.02558,0.02185
esp32-c3-002,17,40,160870,0.565032,0.342371,-9.89763,-0.026913,-0.02558,0.022116
esp32-c3-002,17,41,160890,0.521936,0.354342,-9.864111,-0.026113,-0.025314,0.02185
esp32-c3-002,17,42,160910,0.533907,0.344765,-9.876082,-0.02558,-0.025847,0.022116
esp32-c3-002,17,43,160930,0.531513,0.361524,-9.85214,-0.026113,-0.026113,0.021583
esp32-c3-002,17,44,160950,0.545878,0.344765,-9.844957,-0.026913,-0.025314,0.020518
esp32-c3-002,17,45,160970,0.514753,0.373495,-9.883265,-0.025314,-0.027712,0.020251
esp32-c3-002,17,46,160990,0.572214,0.356736,-9.873688,-0.026646,-0.025047,0.021051
esp32-c3-002,17,47,161010,0.536301,0.373495,-9.856929,-0.027179,-0.024781,0.022916
esp32-c3-002,17,48,161030,0.507571,0.349553,-9.840169,-0.026913,-0.025847,0.022916
esp32-c3-002,17,49,161050,0.514753,0.347159,-9.861717,-0.026913,-0.025847,0.022383
esp32-c3-002,17,50,161070,0.514753,0.347159,-9.866506,-0.027179,-0.026113,0.020784
esp32-c3-002,17,51,161090,0.531513,0.354342,-9.832987,-0.026913,-0.026646,0.019985
esp32-c3-002,17,52,161110,0.579397,0.378284,-9.880871,-0.02558,-0.025847,0.020251
esp32-c3-002,17,53,161130,0.562637,0.356736,-9.856929,-0.026646,-0.026113,0.021583
esp32-c3-002,17,54,161150,0.536301,0.351948,-9.847352,-0.02638,-0.025847,0.022383
esp32-c3-002,17,55,161170,0.529119,0.363919,-9.861717,-0.026646,-0.026113,0.023182
esp32-c3-002,17,56,161190,0.529119,0.335188,-9.818622,-0.02638,-0.026113,0.022383
esp32-c3-002,17,57,161210,0.490811,0.342371,-9.849746,-0.02638,-0.02638,0.021583
esp32-c3-002,17,58,161230,0.531513,0.347159,-9.864111,-0.026646,-0.026913,0.020784
esp32-c3-002,17,59,161250,0.54109,0.366313,-9.861717,-0.02638,-0.027179,0.020784
esp32-c3-002,17,60,161270,0.562637,0.378284,-9.861717,-0.02638,-0.02638,0.020518
esp32-c3-002,17,61,161290,0.54109,0.366313,-9.880871,-0.02638,-0.02638,0.022383
esp32-c3-002,17,62,161310,0.555455,0.380678,-9.883265,-0.02558,-0.025847,0.022649
esp32-c3-002,17,63,161331,0.538695,0.363919,-9.859323,-0.026113,-0.02638,0.022916
esp32-c3-002,17,64,161350,0.512359,0.35913,-9.85214,-0.026913,-0.025847,0.023182
esp32-c3-002,17,65,161370,0.507571,0.347159,-9.880871,-0.026113,-0.025847,0.022916
esp32-c3-002,17,66,161390,0.52433,0.347159,-9.85214,-0.02638,-0.026646,0.020251
esp32-c3-002,17,67,161410,0.538695,0.349553,-9.861717,-0.02638,-0.02638,0.019985
esp32-c3-002,17,68,161430,0.52433,0.368707,-9.849746,-0.02638,-0.026113,0.021051
esp32-c3-002,17,69,161450,0.545878,0.347159,-9.873688,-0.026113,-0.02638,0.021051
esp32-c3-002,17,70,161470,0.531513,0.363919,-9.873688,-0.026646,-0.026113,0.021051
esp32-c3-002,17,71,161490,0.555455,0.366313,-9.830592,-0.026913,-0.025314,0.021317
esp32-c3-002,17,72,161510,0.54109,0.339977,-9.868899,-0.026646,-0.025047,0.022116
esp32-c3-002,17,73,161530,0.519542,0.351948,-9.849746,-0.026646,-0.02558,0.021051
esp32-c3-002,17,74,161550,0.521936,0.344765,-9.849746,-0.026913,-0.02638,0.021317
esp32-c3-002,17,75,161570,0.526724,0.35913,-9.856929,-0.026913,-0.025047,0.02185
esp32-c3-002,17,76,161590,0.545878,0.361524,-9.840169,-0.026913,-0.025847,0.021583
esp32-c3-002,17,77,161610,0.517148,0.356736,-9.861717,-0.026646,-0.025314,0.022383
esp32-c3-002,17,78,161630,0.533907,0.354342,-9.861717,-0.026646,-0.025047,0.020784
esp32-c3-002,17,79,161650,0.538695,0.366313,-9.895236,-0.026913,-0.025847,0.02185
esp32-c3-002,17,80,161670,0.533907,0.380678,-9.892841,-0.025847,-0.026913,0.022383
esp32-c3-002,17,81,161690,0.54109,0.354342,-9.856929,-0.026113,-0.026913,0.022649
esp32-c3-002,17,82,161710,0.526724,0.356736,-9.864111,-0.026913,-0.026113,0.021317
esp32-c3-002,17,83,161730,0.52433,0.339977,-9.840169,-0.02558,-0.026113,0.02185
esp32-c3-002,17,84,161750,0.548272,0.383072,-9.842564,-0.02638,-0.02638,0.020784
esp32-c3-002,17,85,161770,0.545878,0.361524,-9.856929,-0.026646,-0.026646,0.021583
esp32-c3-002,17,86,161790,0.54109,0.385466,-9.837775,-0.02638,-0.02638,0.022916
esp32-c3-002,17,87,161810,0.531513,0.363919,-9.849746,-0.026646,-0.025847,0.023449
esp32-c3-002,17,88,161831,0.553061,0.337582,-9.895236,-0.02638,-0.02638,0.022916
esp32-c3-002,17,89,161850,0.502782,0.347159,-9.885659,-0.026646,-0.026113,0.021317
esp32-c3-002,17,90,161870,0.497994,0.356736,-9.876082,-0.027712,-0.025314,0.020784
esp32-c3-002,17,91,161890,0.509965,0.342371,-9.866506,-0.027179,-0.025314,0.020784
esp32-c3-002,17,92,161910,0.553061,0.371101,-9.880871,-0.026646,-0.026646,0.020251
esp32-c3-002,17,93,161930,0.593762,0.380678,-9.847352,-0.026646,-0.025847,0.021583
esp32-c3-002,17,94,161950,0.567426,0.37589,-9.830592,-0.026646,-0.02558,0.022383
esp32-c3-002,17,95,161970,0.509965,0.363919,-9.876082,-0.027712,-0.025047,0.023182
esp32-c3-002,17,96,161990,0.509965,0.356736,-9.868899,-0.027446,-0.026113,0.023715
esp32-c3-002,17,97,162010,0.502782,0.332794,-9.849746,-0.026913,-0.025047,0.02185
esp32-c3-002,17,98,162030,0.519542,0.337582,-9.840169,-0.027712,-0.022916,0.021583
esp32-c3-002,17,99,162050,0.505177,0.349553,-9.854534,-0.027979,-0.024248,0.020518
esp32-c3-002,18,0,162143,0.488417,0.332794,-9.883265,-0.031176,-0.017853,0.021051
esp32-c3-002,18,1,162162,0.519542,0.325611,-9.856929,-0.030377,-0.018386,0.018919
esp32-c3-002,18,2,162182,0.579397,0.351948,-9.837775,-0.028511,-0.021317,0.018919
esp32-c3-002,18,3,162202,0.636858,0.363919,-9.868899,-0.028245,-0.021583,0.019985
esp32-c3-002,18,4,162222,0.608127,0.37589,-9.854534,-0.027979,-0.022916,0.021583
esp32-c3-002,18,5,162242,0.56982,0.407014,-9.868899,-0.027979,-0.023182,0.023182
esp32-c3-002,18,6,162262,0.59855,0.395043,-9.873688,-0.026913,-0.024515,0.026113
esp32-c3-002,18,7,162282,0.538695,0.368707,-9.866506,-0.02638,-0.026646,0.025847
esp32-c3-002,18,8,162302,0.474052,0.347159,-9.861717,-0.026913,-0.024781,0.02558
esp32-c3-002,18,9,162322,0.502782,0.320823,-9.821015,-0.027446,-0.025847,0.023715
esp32-c3-002,18,10,162342,0.505177,0.356736,-9.854534,-0.026646,-0.02638,0.020251
esp32-c3-002,18,11,162362,0.54109,0.361524,-9.866506,-0.026913,-0.026646,0.019985
esp32-c3-002,18,12,162382,0.586579,0.392649,-9.89763,-0.02638,-0.025847,0.019185
esp32-c3-002,18,13,162402,0.584185,0.385466,-9.876082,-0.025847,-0.026113,0.020251
esp32-c3-002,18,14,162422,0.562637,0.390255,-9.847352,-0.026113,-0.02558,0.02185
esp32-c3-002,18,15,162442,0.572214,0.373495,-9.859323,-0.026113,-0.02558,0.023182
esp32-c3-002,18,16,162462,0.526724,0.349553,-9.85214,-0.026113,-0.025047,0.022916
esp32-c3-002,18,17,162482,0.52433,0.366313,-9.856929,-0.02638,-0.025847,0.023715
esp32-c3-002,18,18,162502,0.507571,0.325611,-9.847352,-0.027179,-0.02558,0.02185
esp32-c3-002,18,19,162522,0.521936,0.337582,-9.825804,-0.026646,-0.02638,0.020784
esp32-c3-002,18,20,162542,0.550666,0.351948,-9.880871,-0.026113,-0.026913,0.019985
esp32-c3-002,18,21,162562,0.56982,0.378284,-9.840169,-0.026113,-0.026913,0.019985
esp32-c3-002,18,22,162582,0.593762,0.371101,-9.861717,-0.026113,-0.025847,0.021051
esp32-c3-002,18,23,162602,0.577003,0.385466,-9.890448,-0.026646,-0.02558,0.021583
esp32-c3-002,18,24,162622,0.562637,0.387861,-9.837775,-0.026913,-0.025847,0.02185
esp32-c3-002,18,25,162642,0.538695,0.351948,-9.832987,-0.026913,-0.025847,0.02185
esp32-c3-002,18,26,162662,0.531513,0.335188,-9.880871,-0.026113,-0.025847,0.022649
esp32-c3-002,18,27,162682,0.529119,0.363919,-9.868899,-0.02638,-0.025314,0.021317
esp32-c3-002,18,28,162702,0.538695,0.347159,-9.890448,-0.026913,-0.02638,0.020784
esp32-c3-002,18,29,162722,0.531513,0.349553,-9.866506,-0.027179,-0.025847,0.020518
esp32-c3-002,18,30,162742,0.548272,0.373495,-9.895236,-0.02638,-0.026113,0.019985
esp32-c3-002,18,31,162762,0.567426,0.380678,-9.844957,-0.026113,-0.026113,0.020518
esp32-c3-002,18,32,162782,0.560243,0.402226,-9.856929,-0.026113,-0.02638,0.021051
esp32-c3-002,18,33,162802,0.560243,0.366313,-9.890448,-0.026113,-0.025847,0.02185
esp32-c3-002,18,34,162822,0.555455,0.35913,-9.868899,-0.027446,-0.026113,0.02185
esp32-c3-002,18,35,162842,0.538695,0.35913,-9.871294,-0.027179,-0.025847,0.022383
esp32-c3-002,18,36,162862,0.543484,0.35913,-9.876082,-0.02638,-0.02638,0.02185
esp32-c3-002,18,37,162882,0.521936,0.351948,-9.859323,-0.025847,-0.02638,0.022116
esp32-c3-002,18,38,162902,0.526724,0.349553,-9.871294,-0.026113,-0.02558,0.022116
esp32-c3-002,18,39,162922,0.555455,0.363919,-9.876082,-0.02638,-0.02638,0.021317
esp32-c3-002,18,40,162942,0.548272,0.373495,-9.868899,-0.026913,-0.025847,0.021317
esp32-c3-002,18,41,162963,0.54109,0.37589,-9.864111,-0.026113,-0.025847,0.020784
esp32-c3-002,18,42,162982,0.54109,0.354342,-9.840169,-0.027179,-0.025047,0.021317
esp32-c3-002,18,43,163002,0.560243,0.371101,-9.861717,-0.026646,-0.026113,0.021051
esp32-c3-002,18,44,163022,0.557849,0.356736,-9.837775,-0.02558,-0.02638,0.02185
esp32-c3-002,18,45,163042,0.548272,0.347159,-9.859323,-0.026113,-0.02638,0.021317
esp32-c3-002,18,46,163062,0.543484,0.356736,-9.880871,-0.026113,-0.026113,0.02185
esp32-c3-002,18,47,163082,0.533907,0.35913,-9.849746,-0.026646,-0.026913,0.021583
esp32-c3-002,18,48,163102,0.565032,0.356736,-9.840169,-0.02638,-0.026113,0.021583
esp32-c3-002,18,49,163122,0.533907,0.37589,-9.878476,-0.026113,-0.026913,0.021583
esp32-c3-002,18,50,163142,0.531513,0.368707,-9.900024,-0.02638,-0.027179,0.022383
esp32-c3-002,18,51,163162,0.54109,0.366313,-9.847352,-0.026646,-0.025847,0.022116
esp32-c3-002,18,52,163182,0.54109,0.356736,-9.890448,-0.02638,-0.025847,0.021051
esp32-c3-002,18,53,163202,0.536301,0.354342,-9.861717,-0.026113,-0.026113,0.020784
esp32-c3-002,18,54,163222,0.514753,0.366313,-9.871294,-0.027979,-0.026646,0.020784
esp32-c3-002,18,55,163242,0.553061,0.371101,-9.856929,-0.026646,-0.027179,0.020784
esp32-c3-002,18,56,163263,0.565032,0.380678,-9.861717,-0.02558,-0.02638,0.021051
esp32-c3-002,18,57,163282,0.536301,0.387861,-9.854534,-0.02558,-0.02638,0.02185
esp32-c3-002,18,58,163302,0.517148,0.363919,-9.868899,-0.025847,-0.027446,0.020784
esp32-c3-002,18,59,163322,0.529119,0.378284,-9.888053,-0.026113,-0.027179,0.019985
esp32-c3-002,18,60,163342,0.54109,0.361524,-9.868899,-0.02638,-0.025847,0.021051
esp32-c3-002,18,61,163362,0.545878,0.37589,-9.861717,-0.026113,-0.026913,0.020784
esp32-c3-002,18,62,163382,0.517148,0.35913,-9.847352,-0.026646,-0.026913,0.020784
esp32-c3-002,18,63,163402,0.512359,0.344765,-9.895236,-0.026913,-0.026646,0.020251
esp32-c3-002,18,64,163422,0.533907,0.373495,-9.861717,-0.02638,-0.026113,0.019718
esp32-c3-002,18,65,163442,0.577003,0.383072,-9.873688,-0.02558,-0.026646,0.019185
esp32-c3-002,18,66,163463,0.574608,0.371101,-9.854534,-0.026113,-0.026646,0.019985
esp32-c3-002,18,67,163482,0.557849,0.356736,-9.840169,-0.026913,-0.02638,0.020784
esp32-c3-002,18,68,163502,0.562637,0.378284,-9.876082,-0.027179,-0.026113,0.021317
esp32-c3-002,18,69,163522,0.550666,0.385466,-9.876082,-0.026913,-0.026113,0.021583
esp32-c3-002,18,70,163542,0.54109,0.363919,-9.861717,-0.025847,-0.026913,0.021051
esp32-c3-002,18,71,163562,0.531513,0.351948,-9.868899,-0.027179,-0.026913,0.020518
esp32-c3-002,18,72,163582,0.517148,0.356736,-9.866506,-0.02638,-0.026113,0.021051
esp32-c3-002,18,73,163602,0.565032,0.356736,-9.856929,-0.026113,-0.02638,0.020784
esp32-c3-002,18,74,163622,0.557849,0.387861,-9.856929,-0.026113,-0.026113,0.021317
esp32-c3-002,18,75,163642,0.567426,0.356736,-9.864111,-0.02638,-0.02638,0.021583
esp32-c3-002,18,76,163662,0.548272,0.383072,-9.89763,-0.02558,-0.026113,0.021583
esp32-c3-002,18,77,163682,0.560243,0.363919,-9.866506,-0.025847,-0.026113,0.02185
esp32-c3-002,18,78,163702,0.543484,0.383072,-9.902418,-0.026646,-0.025847,0.022649
esp32-c3-002,18,79,163722,0.545878,0.35913,-9.880871,-0.025847,-0.026113,0.022649
esp32-c3-002,18,80,163742,0.545878,0.35913,-9.835381,-0.02638,-0.026113,0.022116
esp32-c3-002,18,81,163762,0.543484,0.366313,-9.85214,-0.026913,-0.025847,0.022649
esp32-c3-002,18,82,163782,0.529119,0.366313,-9.859323,-0.02638,-0.026913,0.02185
esp32-c3-002,18,83,163802,0.538695,0.363919,-9.895236,-0.027179,-0.027179,0.022116
esp32-c3-002,18,84,163822,0.562637,0.385466,-9.847352,-0.026913,-0.02558,0.022649
esp32-c3-002,18,85,163842,0.553061,0.354342,-9.885659,-0.026913,-0.025047,0.022116
esp32-c3-002,18,86,163862,0.526724,0.349553,-9.847352,-0.027179,-0.026113,0.021317
esp32-c3-002,18,87,163882,0.502782,0.351948,-9.892841,-0.026646,-0.02638,0.021583
esp32-c3-002,18,88,163902,0.517148,0.351948,-9.859323,-0.025847,-0.026646,0.02185
esp32-c3-002,18,89,163922,0.557849,0.373495,-9.859323,-0.026113,-0.02558,0.021583
esp32-c3-002,18,90,163942,0.584185,0.378284,-9.847352,-0.02638,-0.025314,0.02185
esp32-c3-002,18,91,163962,0.557849,0.380678,-9.871294,-0.026913,-0.025047,0.022116
esp32-c3-002,18,92,163982,0.52433,0.339977,-9.82341,-0.027446,-0.024781,0.022649
esp32-c3-002,18,93,164002,0.521936,0.35913,-9.859323,-0.025847,-0.025314,0.022116
esp32-c3-002,18,94,164022,0.572214,0.351948,-9.871294,-0.02558,-0.02638,0.021051
esp32-c3-002,18,95,164042,0.548272,0.387861,-9.849746,-0.026113,-0.024781,0.022916
esp32-c3-002,18,96,164062,0.557849,0.395043,-9.871294,-0.027179,-0.025047,0.022649
esp32-c3-002,18,97,164083,0.550666,0.368707,-9.878476,-0.026646,-0.024781,0.023182
esp32-c3-002,18,98,164102,0.517148,0.332794,-9.854534,-0.027446,-0.024248,0.02185
esp32-c3-002,18,99,164122,0.502782,0.349553,-9.876082,-0.026646,-0.025047,0.02185
esp32-c3-004,0,0,2900,0.876278,1.774103,-9.181764,0.057023,-0.655231,0.274989
esp32-c3-004,0,1,2919,0.919373,1.659182,-9.188946,-0.06555,-0.373847,0.127902
esp32-c3-004,0,2,2939,1.063026,1.513135,-9.923966,-0.012524,-0.241948,0.134031
esp32-c3-004,0,3,2959,0.950498,1.355118,-10.27352,0.059421,-0.490557,0.20944
esp32-c3-004,0,4,2979,0.756568,1.256956,-9.998186,0.0874,-0.77887,0.270992
esp32-c3-004,0,5,2999,0.45011,1.297657,-9.536105,0.039703,-0.82257,0.248343
esp32-c3-004,0,6,3019,0.253785,1.352724,-9.229648,-0.06102,-0.649369,0.163874
esp32-c3-004,0,7,3039,0.299275,1.486799,-9.136273,-0.106851,-0.304034,0.087666
esp32-c3-004,0,8,3059,0.536301,1.522712,-9.526528,-0.146821,-0.000266,0.039436
esp32-c3-004,0,9,3079,0.586579,1.565808,-10.09156,-0.100989,0.129501,0.059421
esp32-c3-004,0,10,3099,0.586579,1.400608,-10.34774,-0.05276,-0.054358,0.135363
esp32-c3-004,0,11,3119,0.366313,1.577779,-10.060435,0.001865,-0.184126,0.187057
esp32-c3-004,0,12,3139,0.316035,1.517924,-9.923966,-0.015188,-0.19958,0.18759
esp32-c3-004,0,13,3159,0.205901,1.359907,-10.093954,-0.035173,-0.137761,0.176398
esp32-c3-004,0,14,3179,-0.04549,1.331176,-10.072407,0.017587,-0.013323,0.136429
esp32-c3-004,0,15,3199,-0.062249,1.474828,-9.794679,0.05649,0.097525,0.087666
esp32-c3-004,0,16,3219,0.117316,1.747767,-9.710882,0.031975,0.127103,0.073277
esp32-c3-004,0,17,3239,0.294487,1.56102,-10.132261,0.045565,0.020251,0.141225
esp32-c3-004,0,18,3259,0.189142,1.49877,-9.844957,0.137495,-0.03544,0.222496
esp32-c3-004,0,19,3279,-0.153229,1.441309,-9.591172,0.197449,0.014655,0.204643
esp32-c3-004,0,20,3299,-0.222661,1.177947,-9.76116,0.151084,-0.094594,0.132698
esp32-c3-004,0,21,3320,-0.141258,1.204283,-9.509769,0.142824,-0.108184,0.090331
esp32-c3-004,0,22,3339,-0.02873,1.403002,-9.217676,0.088466,0.009593,0.039969
esp32-c3-004,0,23,3360,0.09098,1.572991,-9.258378,-0.007194,0.074876,0.009593
esp32-c3-004,0,24,3380,0.289698,1.405396,-9.727641,-0.055424,0.038904,0.03464
esp32-c3-004,0,25,3399,0.114922,1.331176,-10.072407,-0.045565,-0.024781,0.053825
esp32-c3-004,0,26,3419,-0.067038,1.264138,-10.077195,0.011991,0.002931,0.023982
esp32-c3-004,0,27,3439,0.016759,1.381454,-9.85214,0.031975,0.084202,-0.009593
esp32-c3-004,0,28,3459,0.050278,1.331176,-9.655815,0.037038,0.113779,0.017054
esp32-c3-004,0,29,3479,-0.11971,1.355118,-9.43076,0.03091,0.105786,0.037571
esp32-c3-004,0,30,3499,-0.241814,1.280898,-9.41879,0.006129,0.087666,0.024248
esp32-c3-004,0,31,3519,-0.409408,1.177947,-9.536105,-0.020784,0.081005,-0.02638
esp32-c3-004,0,32,3539,-0.328006,1.223437,-9.909601,-0.03544,0.07381,-0.097792
esp32-c3-004,0,33,3559,-0.23942,1.228225,-10.055647,-0.03011,0.046098,-0.112181
esp32-c3-004,0,34,3579,-0.234632,1.307234,-10.0341,-0.017587,0.074077,-0.132698
esp32-c3-004,0,35,3599,-0.059855,1.225831,-10.031705,0.010925,0.147087,-0.15668
esp32-c3-004,0,36,3619,0.026336,1.407791,-9.763555,0.0429,0.354928,-0.197715
esp32-c3-004,0,37,3639,0.158017,1.537078,-9.715671,0.019985,0.460714,-0.236086
esp32-c3-004,0,38,3659,0.373495,1.628057,-9.780313,-0.032775,0.448989,-0.229158
esp32-c3-004,0,39,3679,0.45011,1.654393,-9.854534,-0.079672,0.423409,-0.19132
esp32-c3-004,0,40,3699,0.366313,1.606509,-9.849746,-0.065283,0.439397,-0.172135
esp32-c3-004,0,41,3719,0.378284,1.503559,-9.76116,0.035706,0.39623,-0.145755
esp32-c3-004,0,42,3739,0.481235,1.484405,-9.749189,0.079672,0.284049,-0.153482
esp32-c3-004,0,43,3759,0.565032,1.328782,-9.746795,0.105253,0.289112,-0.183326
esp32-c3-004,0,44,3779,0.550666,1.553837,-9.370906,0.093528,0.431669,-0.248876
esp32-c3-004,0,45,3799,0.916979,1.697489,-9.392453,0.062352,0.689605,-0.32615
esp32-c3-004,0,46,3819,1.221043,1.570596,-9.67018,0.015721,0.642708,-0.283516
esp32-c3-004,0,47,3839,1.199495,1.529895,-9.902418,-0.022916,0.432469,-0.180662
esp32-c3-004,0,48,3859,1.010353,1.510741,-9.931149,-0.011724,0.250475,-0.107384
esp32-c3-004,0,49,3879,0.828394,1.42455,-10.232818,-0.018119,0.179596,-0.123905
esp32-c3-004,0,50,3899,1.022324,1.417367,-10.453085,0.045299,0.201179,-0.104986
esp32-c3-004,0,51,3919,0.893037,1.572991,-9.940725,0.132698,0.275256,-0.06928
esp32-c3-004,0,52,3939,0.85473,1.668759,-9.481039,0.184126,0.55211,-0.154282
esp32-c3-004,0,53,3959,0.914585,1.599327,-9.469068,0.162809,0.648037,-0.219032
esp32-c3-004,0,54,3979,1.108515,1.656788,-9.459491,0.045565,0.409553,-0.190254
esp32-c3-004,0,55,3999,1.383849,1.505953,-9.854534,0.013856,0.206775,-0.137761
esp32-c3-004,0,56,4019,1.30484,1.400608,-10.041282,0.021583,-0.015455,-0.078074
esp32-c3-004,0,57,4039,1.173159,1.472434,-9.708488,0.044766,-0.124438,-0.046897
esp32-c3-004,0,58,4059,1.206678,1.721431,-9.289502,0.045565,0.037038,-0.088199
esp32-c3-004,0,59,4079,1.367089,1.750161,-9.366117,0.022116,0.188922,-0.105519
esp32-c3-004,0,60,4099,1.458069,1.654393,-9.648633,-0.024781,0.144689,-0.058888
esp32-c3-004,0,61,4119,1.362301,1.580173,-9.859323,0.014123,0.045032,0.000533
esp32-c3-004,0,62,4139,1.158794,1.429338,-9.94312,0.055691,-0.151084,0.055158
esp32-c3-004,0,63,4159,0.962469,1.417367,-9.835381,0.037838,-0.293908,0.055158
esp32-c3-004,0,64,4179,1.091756,1.656788,-9.679757,0.017054,-0.065283,-0.014922
esp32-c3-004,0,65,4199,1.204283,1.508347,-9.821015,0.042101,0.292576,-0.088998
esp32-c3-004,0,66,4219,1.268927,1.443704,-10.031705,0.072744,0.516138,-0.156413
esp32-c3-004,0,67,4239,1.493982,1.422156,-10.105926,0.147087,0.469507,-0.126037
esp32-c3-004,0,68,4259,1.522712,1.606509,-9.859323,0.121773,0.305366,-0.06555
esp32-c3-004,0,69,4279,1.632846,1.58975,-9.883265,0.069813,0.266729,-0.068481
esp32-c3-004,0,70,4299,1.836353,1.616086,-9.639056,0.04823,0.31256,-0.022383
esp32-c3-004,0,71,4320,1.728614,1.695095,-9.32781,0.092462,0.63951,-0.043433
esp32-c3-004,0,72,4339,1.719037,1.529895,-9.572019,0.175865,0.95207,-0.124172
esp32-c3-004,0,73,4359,1.649605,1.199495,-10.06283,0.177464,0.800453,-0.122306
esp32-c3-004,0,74,4380,1.759738,1.25935,-9.931149,0.183859,0.490025,-0.05649
esp32-c3-004,0,75,4399,1.872266,1.383849,-9.502586,0.144689,0.307764,-0.04743
esp32-c3-004,0,76,4419,2.070984,1.472434,-9.212888,0.045032,0.274723,-0.063951
esp32-c3-004,0,77,4439,2.267309,1.508347,-9.239224,0.036772,0.45725,-0.094328
esp32-c3-004,0,78,4459,2.432509,1.51553,-9.514558,0.070346,0.659495,-0.137228
esp32-c3-004,0,79,4479,2.394202,1.357512,-9.785102,0.120441,0.615528,-0.103387
esp32-c3-004,0,80,4499,2.384625,1.426944,-9.722853,0.103387,0.413816,-0.033574
esp32-c3-004,0,81,4519,2.463634,1.520318,-9.672575,0.078074,0.245145,0.045299
esp32-c3-004,0,82,4539,2.628834,1.462857,-9.651027,0.030377,0.059155,0.152949
esp32-c3-004,0,83,4559,2.449268,1.446098,-9.552865,0.046364,0.167338,0.171868
esp32-c3-004,0,84,4579,2.20506,1.300052,-9.607931,0.138294,0.389035,0.118043
esp32-c3-004,0,85,4599,2.252944,1.237802,-9.52174,0.079406,0.383706,0.02558
esp32-c3-004,0,86,4619,2.420538,1.256956,-9.390059,0.084735,0.366386,-0.010126
esp32-c3-004,0,87,4639,2.667141,1.252167,-9.299079,0.051694,0.218766,0.027712
esp32-c3-004,0,88,4659,2.973598,1.434127,-8.975863,-0.062885,0.028778,0.103387
esp32-c3-004,0,89,4679,2.985569,1.407791,-9.119514,-0.153749,0.039969,0.165473
esp32-c3-004,0,90,4699,2.726996,1.103727,-9.607931,-0.136429,0.097525,0.167338
esp32-c3-004,0,91,4719,2.738967,0.962469,-9.861717,-0.05196,0.170003,0.080205
esp32-c3-004,0,92,4739,2.798822,0.998382,-9.677363,0.072744,0.139093,0.055158
esp32-c3-004,0,93,4759,2.932897,1.233014,-9.346964,0.029577,-0.010658,0.086867
esp32-c3-004,0,94,4779,2.80361,1.242591,-9.44752,-0.017054,0.007461,0.096726
esp32-c3-004,0,95,4799,2.664747,1.086968,-9.706094,-0.022649,0.025047,0.067415
esp32-c3-004,0,96,4819,2.645593,1.06542,-9.667787,0.021317,0.031176,0.023182
esp32-c3-004,0,97,4839,2.947262,1.137246,-9.543288,0.031176,0.04743,-0.020251
esp32-c3-004,0,98,4859,3.050213,1.163582,-9.471462,0.029577,0.070613,-0.003464
esp32-c3-004,0,99,4879,2.995146,1.146823,-9.457097,0.039703,0.053559,0.021583
esp32-c3-004,1,0,5303,1.793257,1.264138,-9.454702,-0.241149,-0.86174,0.06475
esp32-c3-004,1,1,5323,1.345541,1.359907,-8.645462,-0.165207,-0.785798,-0.003464
esp32-c3-004,1,2,5342,1.086968,1.477222,-8.59279,-0.195051,-0.49109,-0.188655
esp32-c3-004,1,3,5362,0.991199,1.66397,-8.956709,-0.39543,-0.024781,-0.438597
esp32-c3-004,1,4,5382,0.529119,1.414973,-9.730036,-0.378377,0.66589,-0.665623
esp32-c3-004,1,5,5403,0.251391,0.916979,-10.934319,-0.21317,1.059455,-0.866802
esp32-c3-004,1,6,5422,0.409408,0.699107,-11.379641,-0.173201,0.85641,-0.972855
esp32-c3-004,1,7,5442,0.241814,0.964863,-10.388441,-0.176398,0.608334,-1.11328
esp32-c3-004,1,8,5462,0.737414,1.728614,-9.478644,-0.158812,0.589948,-1.390135
esp32-c3-004,1,9,5482,2.044648,2.264915,-9.138668,-0.073011,0.628851,-1.5223
esp32-c3-004,1,10,5502,3.172317,2.829947,-9.136273,0.078074,0.499351,-1.385338
esp32-c3-004,1,11,5522,3.828329,2.987964,-9.069236,0.251541,0.207308,-1.023749
esp32-c3-004,1,12,5542,4.161122,2.980781,-9.277532,0.24328,-0.32615,-0.637378
esp32-c3-004,1,13,5562,3.981557,2.99754,-9.392453,0.170536,-0.785265,-0.254738
esp32-c3-004,1,14,5582,3.404555,2.896984,-9.399636,0.224361,-0.849216,0.010126
esp32-c3-004,1,15,5602,3.047819,3.038242,-9.41879,0.145489,-0.363988,-0.024781
esp32-c3-004,1,16,5622,2.987964,2.825158,-9.763555,0.118842,0.198515,-0.111914
esp32-c3-004,1,17,5642,3.074155,2.825158,-9.947908,0.031975,0.171868,-0.028245
esp32-c3-004,1,18,5662,3.090914,2.901772,-10.098742,-0.008527,-0.160144,0.123905
esp32-c3-004,1,19,5682,2.889802,2.916138,-9.904813,-0.025047,-0.488959,0.272591
esp32-c3-004,1,20,5702,2.755726,3.222595,-9.52174,-0.077008,-0.514805,0.315225
esp32-c3-004,1,21,5722,3.098097,3.399766,-11.777079,-0.432469,-0.685341,0.280052
esp32-c3-004,1,22,5742,2.662352,3.16274,-13.977349,-0.732505,-1.482597,0.504147
esp32-c3-004,1,23,5762,2.310405,3.852271,-12.143391,0.000533,-1.8274,0.741565
esp32-c3-004,1,24,5782,2.262521,4.627992,-9.631873,0.326949,-1.329648,0.675749
esp32-c3-004,1,25,5802,1.896208,5.020641,-9.797073,0.002398,-0.928888,0.564101
esp32-c3-004,1,26,5822,0.969652,5.724536,-13.543999,-0.733838,-1.64807,0.427672
esp32-c3-004,1,27,5842,0.933739,5.971139,-13.804967,-1.177498,-3.009694,0.534257
esp32-c3-004,1,28,5862,2.310405,2.825158,-11.482592,1.62249,-3.451755,0.864937
esp32-c3-004,1,29,5882,2.104503,6.01184,-7.405266,4.409155,-2.985446,1.092496
esp32-c3-004,1,30,5902,0.162806,6.974309,-7.129933,1.934251,-1.26543,1.322453
esp32-c3-004,1,31,5922,-2.640805,5.841852,-10.412383,0.031443,-0.19585,1.438897
esp32-c3-004,1,32,5942,-2.676718,2.832341,-11.140221,0.654165,-0.333877,1.487926
esp32-c3-004,1,33,5962,-1.905785,3.572149,-10.309433,2.175933,-1.138328,1.754655
esp32-c3-004,1,34,5982,-1.601721,4.07972,-8.367735,1.708824,-1.579323,1.846585
esp32-c3-004,1,35,6002,-2.25055,3.711013,-8.657434,1.146322,-2.000067,1.853779
esp32-c3-004,1,36,6022,-2.30801,4.115633,-9.509769,0.931286,-2.256138,1.721881
esp32-c3-004,1,37,6042,-2.078167,3.718195,-10.072407,0.754089,-1.914533,1.712554
esp32-c3-004,1,38,6062,-2.087744,3.579332,-9.435549,0.966726,-0.817773,2.574827
esp32-c3-004,1,39,6082,-2.027889,3.560178,-8.429984,0.813244,0.150285,3.263899
esp32-c3-004,1,40,6102,-4.120421,2.731784,-9.11712,0.475636,0.2177,3.115479
esp32-c3-004,1,41,6122,-10.903194,-2.138022,-13.520057,1.641942,-0.273124,0.923026
esp32-c3-004,1,42,6142,-3.821146,1.484405,-7.019799,2.028579,-0.369317,0.57023
esp32-c3-004,1,43,6162,-1.838747,1.314417,-6.801927,0.799387,0.711721,1.325651
esp32-c3-004,1,44,6182,-4.584896,3.526659,-9.619903,-0.328282,1.172168,2.014456
esp32-c3-004,1,45,6202,-7.496245,3.478775,-10.812215,-1.117011,-0.117776,1.682711
esp32-c3-004,1,46,6222,-5.003881,3.035848,-7.343017,-1.902009,-1.410119,0.663492
esp32-c3-004,1,47,6242,-4.053383,1.362301,-5.164293,-2.231623,-1.117011,-0.258735
esp32-c3-004,1,48,6262,-4.759673,0.869095,-7.232883,-2.015522,-0.623522,-0.500417
esp32-c3-004,1,49,6282,-4.707001,1.932121,-7.927202,-0.790861,-0.927289,-0.98751
esp32-c3-004,1,50,6302,-4.663905,3.5099,-7.472303,-0.827366,-1.302469,-1.506312
esp32-c3-004,1,51,6323,-4.520253,4.575319,-8.566454,-0.441795,-1.547348,-2.08427
esp32-c3-004,1,52,6342,-2.691083,4.34787,-8.121132,0.856943,-2.252141,-3.008894
esp32-c3-004,1,53,6362,-1.790863,0.933739,-5.674258,1.79276,-2.196717,-2.753357
esp32-c3-004,1,54,6382,-3.665523,-3.569755,-3.335123,1.539354,-1.540686,-1.00483
esp32-c3-004,1,55,6402,-7.615956,-5.56173,-2.468422,0.260334,-0.354928,0.903841
esp32-c3-004,1,56,6422,-10.402806,-6.399701,-3.617639,-0.899577,0.642175,1.379743
esp32-c3-004,1,57,6442,-9.093178,-8.542512,-3.406949,-1.543884,1.16604,0.830564
esp32-c3-004,1,58,6462,-7.053318,-8.056489,-2.466028,-2.932686,1.946242,1.249443
esp32-c3-004,1,59,6482,-5.018247,-4.285621,-3.122039,-4.178398,2.877262,2.404291
esp32-c3-004,1,60,6502,-3.725378,5.228937,-5.485116,-4.31536,4.059023,3.60204
esp32-c3-004,1,61,6523,1.386243,16.493656,-9.232041,-4.039305,4.866405,3.640144
esp32-c3-004,1,62,6542,4.192247,18.986019,-12.856863,-2.848217,3.201014,1.815942
esp32-c3-004,1,63,6562,3.957615,18.878281,-14.420277,0.444193,0.936083,0.252073
esp32-c3-004,1,64,6582,4.800375,14.202404,-10.613496,1.704827,0.224361,-0.108184
esp32-c3-004,1,65,6602,3.756502,11.872847,-9.615114,2.058423,0.039436,1.325651
esp32-c3-004,1,66,6623,0.821211,11.913548,-10.417171,2.574028,-0.132965,1.942511
esp32-c3-004,1,67,6642,0.782904,9.28232,-9.416395,3.463213,-0.886521,1.672585
esp32-c3-004,1,68,6662,-0.579397,4.039018,-7.285556,3.758453,-1.774374,1.425574
esp32-c3-004,1,69,6682,-1.936909,1.810017,-6.761226,2.668622,-1.420778,1.304067
esp32-c3-004,1,70,6702,-4.168305,2.104503,-7.151481,1.953703,-0.765813,1.289412
esp32-c3-004,1,71,6723,-5.674258,0.064643,-7.084443,1.070646,0.115645,1.419179
esp32-c3-004,1,72,6742,-5.820304,-1.170765,-7.48188,0.172135,0.403957,2.081072
esp32-c3-004,1,73,6762,-5.882554,-2.13084,-7.48188,-0.438064,0.115911,2.731773
esp32-c3-004,1,74,6782,-7.117962,-3.239355,-6.713342,-0.428472,-0.390368,3.258037
esp32-c3-004,1,75,6802,-11.992557,-2.645593,-7.201759,-1.01309,0.643773,3.931387
esp32-c3-004,1,76,6822,-15.672444,-3.634398,-8.973468,-1.787164,2.08427,4.149354
esp32-c3-004,1,77,6842,-15.701175,-4.110844,-8.461109,-2.222031,3.042735,4.008928
esp32-c3-004,1,78,6862,-14.405911,-4.113238,-7.489063,-2.716851,3.799489,3.558606
esp32-c3-004,1,79,6882,-12.061988,-1.412579,-6.179435,-2.850616,4.662294,3.422444
esp32-c3-004,1,80,6902,-8.671799,3.155558,-5.410896,-2.412018,5.848319,3.020352
esp32-c3-004,1,81,6922,-3.82354,6.22253,-2.815581,-1.739734,6.578159,2.420012
esp32-c3-004,1,82,6942,2.487576,6.646304,-0.050278,-1.933185,7.248579,2.61
esp32-c3-004,1,83,6962,8.26239,5.985504,2.722207,-2.330481,7.666925,3.879427
esp32-c3-004,1,84,6982,14.322115,4.680665,4.951209,-2.684876,7.174769,5.208275
esp32-c3-004,1,85,7002,19.661184,2.406173,5.604826,-2.392567,6.250944,5.9597
esp32-c3-004,1,86,7022,25.792734,0.562637,5.877765,-0.741032,4.563436,5.475271
esp32-c3-004,1,87,7042,28.8214,-2.257732,8.192958,1.037871,1.71815,3.182361
esp32-c3-004,1,88,7062,28.218061,-4.41012,11.645397,1.552943,-1.559338,1.237452
esp32-c3-004,1,89,7082,25.304317,-5.722142,11.913548,1.163642,-4.480033,0.467908
esp32-c3-004,1,90,7102,20.140024,-4.60405,10.242394,0.87373,-6.75136,-0.180662
esp32-c3-004,1,91,7122,15.272613,-2.099715,7.089231,1.253972,-8.537457,-1.588916
esp32-c3-004,1,92,7142,10.335769,0.328006,5.695806,2.500217,-8.731442,-3.795225
esp32-c3-004,1,93,7162,6.244078,0.143652,6.076484,4.08114,-8.731442,-6.470508
esp32-c3-004,1,94,7182,0.603339,-1.49877,11.444284,6.343672,-8.731442,-8.731442
esp32-c3-004,1,95,7202,-17.494432,-16.30212,13.876793,6.136098,-8.731442,-7.887822
esp32-c3-004,1,96,7222,-40.177097,-25.874138,1.649605,0.332545,-7.757256,-0.699464
esp32-c3-004,1,97,7242,-47.376465,-15.547946,-14.334085,-1.968358,0.188122,3.900211
esp32-c3-004,1,98,7262,-34.533966,-7.960721,-5.324705,-2.834628,5.344971,4.439531
esp32-c3-004,1,99,7282,-20.609289,-2.104503,0.536301,-3.447758,7.724748,3.496521
esp32-c3-004,2,0,7393,44.61116,-8.238448,13.587094,-0.451654,4.083538,5.570931
esp32-c3-004,2,1,7412,38.719028,-11.334151,10.869676,0.248876,-1.387737,2.147688
esp32-c3-004,2,2,7432,29.889214,-11.099519,9.785102,0.589948,-5.58532,-2.167939
esp32-c3-004,2,3,7453,20.721815,-7.192182,8.789114,0.368518,-7.953905,-3.556208
esp32-c3-004,2,4,7472,12.057199,-1.484405,7.065289,0.164674,-8.731442,-3.47094
esp32-c3-004,2,5,7492,4.584896,3.837905,6.540959,1.258236,-8.731442,-5.684444
esp32-c3-004,2,6,7512,-0.019154,6.275203,8.35337,3.983348,-8.731442,-8.731442
esp32-c3-004,2,7,7532,-9.318233,-7.034164,12.181698,5.957568,-8.731442,-8.731442
esp32-c3-004,2,8,7552,-22.859838,-25.333048,5.707777,2.546848,-8.731442,-4.843755
esp32-c3-004,2,9,7572,-39.695866,-21.440077,-8.705317,-1.979283,-2.381109,1.820738
esp32-c3-004,2,10,7592,-38.563408,-2.607286,-8.690952,-2.879127,4.856545,5.566668
esp32-c3-004,2,11,7612,-26.24045,1.821988,-0.603339,-3.355296,8.588085,7.096695
esp32-c3-004,2,12,7632,-12.473791,0.153229,1.261744,-3.572995,8.731176,7.916334
esp32-c3-004,2,13,7653,1.084573,0.605733,3.363853,-2.675816,8.731176,8.029048
esp32-c3-004,2,14,7672,11.188105,-2.911349,9.16261,-1.580922,8.731176,8.731176
esp32-c3-004,2,15,7692,25.115175,-10.287885,14.0803,-1.828998,8.731176,8.731176
esp32-c3-004,2,16,7712,40.107666,-13.656527,9.698911,-0.510542,6.601075,8.731176
esp32-c3-004,2,17,7732,32.968159,-16.888699,9.600749,0.568631,-0.973121,1.245979
esp32-c3-004,2,18,7752,27.973852,-22.871809,8.2169,0.574227,-5.541354,-6.391369
esp32-c3-004,2,19,7772,21.018696,-15.957355,5.374983,-0.483629,-6.906974,-6.378046
esp32-c3-004,2,20,7792,13.833697,-4.699818,4.115633,-0.660028,-7.750062,-5.23359
esp32-c3-004,2,21,7812,8.41083,0.416591,4.271256,-0.163874,-8.731442,-6.778805
esp32-c3-004,2,22,7832,2.229002,0.28491,7.055712,1.797556,-8.731442,-8.731442
esp32-c3-004,2,23,7852,-4.323928,-3.533842,11.300632,4.133632,-8.731442,-8.731442
esp32-c3-004,2,24,7872,-18.368315,-22.105665,11.267113,3.753391,-8.731442,-8.731442
esp32-c3-004,2,25,7892,-39.674316,-35.924995,-8.042124,-2.906573,-3.729675,-1.20068
esp32-c3-004,2,26,7912,-38.680721,-9.196129,-6.610391,-4.243948,6.085204,8.563305
esp32-c3-004,2,27,7932,-21.08334,-0.134075,7.450756,-4.430472,8.731176,8.731176
esp32-c3-004,2,28,7952,-6.481104,-0.105345,8.552089,-4.235421,8.731176,8.731176
esp32-c3-004,2,29,7972,1.000776,3.651158,7.249643,-2.073877,8.731176,8.731176
esp32-c3-004,2,30,7992,5.430049,0.40462,11.09473,-0.067149,8.731176,8.731176
esp32-c3-004,2,31,8012,23.654713,-7.515399,21.234175,0.644839,8.731176,8.731176
esp32-c3-004,2,32,8032,46.174576,-21.179108,19.278112,-0.27872,5.990077,6.921096
esp32-c3-004,2,33,8052,36.760574,-17.626112,16.024391,-0.621657,-2.421345,0.123639
esp32-c3-004,2,34,8072,28.201302,-17.144878,12.521675,-0.10845,-7.207011,-6.520337
esp32-c3-004,2,35,8092,22.898146,-10.776301,8.482656,-0.285914,-8.731442,-7.265366
esp32-c3-004,2,36,8112,15.205575,1.831564,8.250419,1.013623,-8.731442,-8.295243
esp32-c3-004,2,37,8132,8.784326,5.027823,10.850522,3.579124,-8.731442,-8.731442
esp32-c3-004,2,38,8152,1.613692,-2.528277,16.201563,6.030846,-8.731442,-8.731442
esp32-c3-004,2,39,8172,-7.491457,-21.049822,16.970102,5.935452,-8.731442,-8.731442
esp32-c3-004,2,40,8192,-28.986601,-40.835503,4.91769,-0.988309,-8.731442,-6.217369
esp32-c3-004,2,41,8212,-41.754879,-21.569363,-10.809821,-5.073179,0.610732,4.370518
esp32-c3-004,2,42,8232,-29.891607,3.428497,-2.533065,-5.800089,8.731176,8.731176
esp32-c3-004,2,43,8252,-7.625533,9.461885,3.466804,-5.494723,8.731176,8.731176
esp32-c3-004,2,44,8272,5.183447,10.91756,4.388572,-2.667822,8.731176,8.731176
esp32-c3-004,2,45,8292,11.540052,4.335899,14.116213,0.139626,8.731176,8.731176
esp32-c3-004,2,46,8312,30.169336,-7.524976,15.773001,-1.409853,8.731176,8.731176
esp32-c3-004,2,47,8332,43.806709,-12.028469,8.06846,-0.306698,3.157847,5.573862
esp32-c3-004,2,48,8352,34.354401,-10.833763,7.335834,0.222763,-2.938548,-0.843087
esp32-c3-004,2,49,8372,25.52219,-9.40203,6.423643,0.561703,-5.99434,-5.159513
esp32-c3-004,2,50,8392,19.845537,-4.927267,3.019088,0.875063,-7.215004,-5.493657
esp32-c3-004,2,51,8412,14.094666,1.628057,2.56419,1.613697,-8.731442,-6.49822
esp32-c3-004,2,52,8432,6.215348,5.523423,5.078102,3.756588,-8.731442,-8.731442
esp32-c3-004,2,53,8452,-0.42138,2.961627,9.955091,6.580024,-8.731442,-8.731442
esp32-c3-004,2,54,8472,-14.561535,-19.86948,8.147469,5.597044,-8.731442,-8.731442
esp32-c3-004,2,55,8492,-29.415161,-30.152576,-5.48751,-0.911568,-3.633749,0.673884
esp32-c3-004,2,56,8512,-31.874008,-13.091495,-7.939173,-3.563669,4.020919,7.282952
esp32-c3-004,2,57,8532,-20.195091,-2.446874,-2.209848,-4.731841,8.731176,8.731176
esp32-c3-004,2,58,8552,-5.928043,4.48434,1.908179,-4.358527,8.731176,8.549982
esp32-c3-004,2,59,8572,3.955221,6.665458,4.067749,-3.272159,8.731176,7.119078
esp32-c3-004,2,60,8592,11.334151,3.138798,8.561666,-2.180196,8.731176,8.033311
esp32-c3-004,2,61,8612,28.842947,-0.778116,8.532935,-1.840989,8.731176,8.731176
esp32-c3-004,2,62,8632,39.81797,-1.941698,6.323087,0.035173,3.244714,4.919963
esp32-c3-004,2,63,8652,33.047165,-3.39019,5.525817,1.085302,-3.24045,-2.652368
esp32-c3-004,2,64,8672,26.041733,-5.985504,3.119645,1.773041,-6.188591,-7.408989
esp32-c3-004,2,65,8692,20.544645,-4.809951,0.56982,1.392,-7.241384,-7.874499
esp32-c3-004,2,66,8712,13.888764,3.107674,-0.095768,2.191121,-8.39037,-8.731442
esp32-c3-004,2,67,8732,8.2169,7.007828,1.297657,4.226361,-8.731442,-8.731442
esp32-c3-004,2,68,8752,0.790087,3.062184,4.575319,6.116114,-8.731442,-8.731442
esp32-c3-004,2,69,8772,-13.90313,-9.050082,2.408567,5.077176,-7.951773,-7.652536
esp32-c3-004,2,70,8793,-29.656977,-22.050598,-11.221623,-1.341372,-1.220931,1.796224
esp32-c3-004,2,71,8812,-25.914839,-8.171411,-12.368446,-4.010527,5.239452,8.731176
esp32-c3-004,2,72,8832,-10.390836,2.312799,-4.151546,-4.717452,8.731176,8.731176
esp32-c3-004,2,73,8852,3.636792,6.811504,1.204283,-4.177865,8.731176,8.731176
esp32-c3-004,2,74,8872,13.168109,8.425196,1.472434,-3.026214,8.731176,8.731176
esp32-c3-004,2,75,8892,22.776041,8.911219,0.562637,-1.35736,7.001568,8.36106
esp32-c3-004,2,76,8912,28.613104,8.461109,0.4956,0.885721,1.583853,3.001167
esp32-c3-004,2,77,8932,26.803087,5.48751,1.659182,2.580956,-3.308398,-2.481032
esp32-c3-004,2,78,8952,22.88378,0.280122,1.968034,3.404058,-6.459317,-5.698566
esp32-c3-004,2,79,8972,17.27656,-2.008735,1.417367,3.521035,-8.021586,-6.091866
esp32-c3-004,2,80,8992,8.889671,-2.284068,1.759738,3.567933,-8.731442,-6.929624
esp32-c3-004,2,81,9012,0.09098,-2.245761,2.880225,4.267396,-8.731442,-8.731442
esp32-c3-004,2,82,9032,-7.821857,-5.604826,3.505111,4.666291,-8.731442,-8.731442
esp32-c3-004,2,83,9052,-19.400217,-20.733788,-0.940921,2.556974,-5.946377,-8.731442
esp32-c3-004,2,84,9072,-25.500643,-25.922022,-8.719683,-2.457583,-0.641642,-3.361158
esp32-c3-004,2,85,9092,-18.679562,-12.023681,-4.869806,-5.714555,3.74593,3.461881
esp32-c3-004,2,86,9112,-9.097966,3.131616,-1.537078,-5.788098,6.399896,6.923761
esp32-c3-004,2,87,9132,-0.881066,13.168109,0,-4.925559,7.235788,7.636015
esp32-c3-004,2,88,9152,4.182671,13.991714,-0.562637,-3.780037,7.168374,7.498787
esp32-c3-004,2,89,9172,7.216124,8.904037,-0.677559,-2.588417,6.647972,8.308833
esp32-c3-004,2,90,9192,12.411542,6.169858,-2.169147,-1.379476,5.042536,7.838527
esp32-c3-004,2,91,9212,19.752165,7.510611,-1.345541,0.863338,1.776505,2.896181
esp32-c3-004,2,92,9232,19.60133,6.05733,-1.302446,2.310496,-1.77837,-3.660395
esp32-c3-004,2,93,9252,15.45936,3.155558,-1.558625,3.224729,-4.074212,-8.001868
esp32-c3-004,2,94,9272,9.615114,0.019154,-2.102109,3.539954,-4.677482,-8.731442
esp32-c3-004,2,95,9292,3.258508,-1.570596,-3.660734,2.961198,-4.164009,-8.731442
esp32-c3-004,2,96,9312,-0.653617,-0.687136,-5.74369,1.776505,-2.925225,-7.109219
esp32-c3-004,2,97,9332,-2.466028,0.916979,-6.399701,0.386903,-1.232123,-2.400561
esp32-c3-004,2,98,9352,-1.972822,4.180276,-7.730877,-1.069047,0.044766,2.603871
esp32-c3-004,2,99,9372,-0.316035,8.504205,-9.409213,-1.447158,0.920894,4.093929
esp32-c3-004,3,0,9674,-0.608127,-0.3304,-5.973533,1.055458,-0.860407,-0.09193
esp32-c3-004,3,1,9693,-3.349488,1.987187,-6.607996,-0.205709,-0.205443,1.697366
esp32-c3-004,3,2,9713,-3.588908,4.460398,-7.070077,-0.889985,0.40902,1.451421
esp32-c3-004,3,3,9734,-2.166753,6.895301,-6.904878,-0.829764,0.81351,0.528928
esp32-c3-004,3,4,9753,-0.790087,9.617508,-6.856994,-0.398361,0.83909,-0.441262
esp32-c3-004,3,5,9773,0.852336,9.969456,-6.584054,0.009593,0.610199,-0.729574
esp32-c3-004,3,6,9793,0.943315,5.212177,-5.659893,-0.950738,0.258735,1.449822
esp32-c3-004,3,7,9813,-0.059855,4.630386,-6.789956,-3.210606,0.500683,7.754058
esp32-c3-004,3,8,9833,1.187524,11.32218,-6.430826,-4.086469,1.626753,8.731176
esp32-c3-004,3,9,9853,1.206678,17.5902,-6.897695,-2.175666,3.097893,8.731176
esp32-c3-004,3,10,9873,4.891354,16.393099,-4.082114,0.859075,3.263366,3.658263
esp32-c3-004,3,11,9893,11.894394,10.28549,-2.15957,2.648904,1.833795,-1.366953
esp32-c3-004,3,12,9913,15.097836,1.359907,-1.187524,2.48343,-0.544116,-2.553243
esp32-c3-004,3,13,9933,9.255983,-7.781156,-4.537012,0.289378,-1.689905,2.442928
esp32-c3-004,3,14,9953,0.605733,0.205901,-4.525041,-2.12797,-1.097026,7.265899
esp32-c3-004,3,15,9973,-1.074997,6.16507,-6.253655,-3.025149,0.59128,6.952272
esp32-c3-004,3,16,9993,0.895431,5.801151,-5.724536,-1.483397,1.983014,4.575428
esp32-c3-004,3,17,10013,5.279215,5.600038,-3.117251,-0.029311,1.859908,2.848217
esp32-c3-004,3,18,10033,8.813056,3.483563,-2.686294,0.16494,1.281418,2.440263
esp32-c3-004,3,19,10053,9.461885,2.542642,-3.363853,-0.006129,0.793792,1.627286
esp32-c3-004,3,20,10073,9.047688,2.777274,-3.940856,-0.018919,0.660294,0.207041
esp32-c3-004,3,21,10093,8.66701,1.47004,-4.304775,-0.154015,0.858809,-0.747161
esp32-c3-004,3,22,10113,9.095572,0.641646,-4.072537,-0.357593,1.144456,-0.866536
esp32-c3-004,3,23,10133,9.974244,2.375048,-3.263297,-0.389035,1.141525,-0.560104
esp32-c3-004,3,24,10153,10.000581,4.180276,-2.717419,-0.303234,0.736502,-0.134564
esp32-c3-004,3,25,10173,9.366117,4.24492,-3.263297,-0.305366,0.340539,0.051427
esp32-c3-004,3,26,10193,8.868123,3.828329,-3.89776,-0.19958,0.232622,-0.294708
esp32-c3-004,3,27,10213,8.664616,3.557784,-4.144363,-0.217167,0.306698,-0.828432
esp32-c3-004,3,28,10233,8.779537,3.900155,-3.979163,-0.260867,0.37358,-1.186291
esp32-c3-004,3,29,10253,9.572019,5.073313,-3.605668,-0.143357,0.245678,-1.022683
esp32-c3-004,3,30,10273,9.411607,5.394136,-3.469198,-0.019185,0.01359,-0.423142
esp32-c3-004,3,31,10293,8.595184,5.444415,-3.907337,-0.09939,-0.107651,0.136429
esp32-c3-004,3,32,10313,8.257602,5.887342,-4.067749,-0.007194,-0.075942,-0.023449
esp32-c3-004,3,33,10333,8.554482,5.777209,-4.029441,0.16574,-0.090597,-0.578757
esp32-c3-004,3,34,10353,8.772355,5.837064,-4.036624,0.375179,-0.196649,-1.00483
esp32-c3-004,3,35,10373,9.25359,5.882554,-3.713407,0.606735,-0.425807,-1.094361
esp32-c3-004,3,36,10393,8.829816,4.611232,-3.797204,0.563035,-0.662159,-0.751158
esp32-c3-004,3,37,10413,7.460332,2.985569,-4.489128,0.05276,-0.640842,0.120974
esp32-c3-004,3,38,10433,6.746861,2.794033,-4.927267,-0.582487,-0.33974,1.279819
esp32-c3-004,3,39,10453,6.251261,4.048595,-5.145139,-0.925957,0.075142,1.666989
esp32-c3-004,3,40,10473,6.277597,5.44202,-5.056554,-0.701063,0.354662,0.926757
esp32-c3-004,3,41,10493,6.868965,5.705383,-4.613626,-0.181461,0.426074,-0.433002
esp32-c3-004,3,42,10513,8.128315,5.29358,-4.149151,0.236619,0.329614,-1.321387
esp32-c3-004,3,43,10533,9.100361,5.200206,-3.790021,0.375179,0.060487,-1.426374
esp32-c3-004,3,44,10553,9.097966,5.60722,-4.019865,0.309896,-0.236352,-1.068781
esp32-c3-004,3,45,10573,8.499416,6.521805,-4.43885,0.39543,-0.366386,-0.960064
esp32-c3-004,3,46,10593,7.781156,7.347805,-4.553771,0.662959,-0.42181,-1.481798
esp32-c3-004,3,47,10613,7.189788,7.81228,-4.580108,1.004564,-0.409286,-2.134897
esp32-c3-004,3,48,10633,7.134721,7.539341,-4.505888,1.281685,-0.365853,-2.458116
esp32-c3-004,3,49,10653,7.223307,7.03177,-4.486734,1.423176,-0.485495,-2.256937
esp32-c3-004,3,50,10673,6.864176,6.390124,-4.886566,1.374413,-0.637112,-1.778904
esp32-c3-004,3,51,10693,5.949591,6.014235,-5.341464,1.173501,-0.624855,-1.453553
esp32-c3-004,3,52,10713,5.415684,5.700594,-5.525817,1.015489,-0.504147,-1.426107
esp32-c3-004,3,53,10734,5.087678,5.279215,-5.628768,0.842021,-0.359191,-1.453286
esp32-c3-004,3,54,10753,5.035006,5.360618,-5.559336,0.666156,-0.289378,-1.259035
esp32-c3-004,3,55,10773,4.960786,5.142745,-5.664681,0.466043,-0.235553,-0.820971
esp32-c3-004,3,56,10793,4.680665,5.015852,-5.851429,0.190787,-0.195051,-0.355194
esp32-c3-004,3,57,10813,4.465186,5.121197,-6.019023,-0.065017,-0.09939,0.025847
esp32-c3-004,3,58,10833,4.335899,5.370194,-6.071695,-0.232888,0.040236,0.298704
esp32-c3-004,3,59,10853,4.450821,5.781997,-5.98311,-0.280851,0.128968,0.292309
esp32-c3-004,3,60,10873,4.745308,6.16507,-6.038177,-0.246211,0.144956,0.218233
esp32-c3-004,3,61,10893,5.102044,6.981492,-5.966351,-0.097259,0.044233,0.203311
esp32-c3-004,3,62,10913,5.085284,7.381324,-6.121974,0.094328,-0.092462,0.062352
esp32-c3-004,3,63,10933,4.848258,7.438785,-6.265626,0.294974,-0.149485,-0.243813
esp32-c3-004,3,64,10953,4.970363,7.280767,-6.229713,0.482031,-0.151351,-0.640309
esp32-c3-004,3,65,10973,5.303157,7.211336,-6.160281,0.672285,-0.167605,-1.058123
esp32-c3-004,3,66,10993,6.078878,7.45315,-6.052542,0.852413,-0.285381,-1.271292
esp32-c3-004,3,67,11013,6.471527,7.553706,-6.155493,0.991507,-0.483363,-1.320055
esp32-c3-004,3,68,11033,6.088455,7.48188,-6.212954,1.028279,-0.749026,-1.505513
esp32-c3-004,3,69,11053,5.810728,8.576031,-6.31351,1.15325,-0.896646,-1.142591
esp32-c3-004,3,70,11073,5.533,8.66701,-6.366182,1.011492,-0.869201,0.455384
esp32-c3-004,3,71,11093,4.881777,7.153875,-6.854599,0.029311,-0.715452,3.381409
esp32-c3-004,3,72,11113,4.893748,7.721301,-7.558495,-0.67868,-0.390101,6.324487
esp32-c3-004,3,73,11133,4.151546,8.899248,-7.666234,-0.589415,-0.115378,7.088968
esp32-c3-004,3,74,11153,5.025429,6.349423,-6.789956,-0.019985,-0.068481,5.986612
esp32-c3-004,3,75,11173,6.825869,0.009577,-5.523423,-0.116444,-0.18226,6.243749
esp32-c3-004,3,76,11193,5.231331,-3.124433,-5.755661,-1.470873,-0.084469,8.731176
esp32-c3-004,3,77,11213,2.571373,1.45328,-7.821857,-2.424542,0.661093,8.731176
esp32-c3-004,3,78,11234,0.92895,3.624821,-9.631873,-1.340573,1.753057,8.731176
esp32-c3-004,3,79,11253,3.189077,-1.934515,-8.944737,0.362922,2.224695,6.597611
esp32-c3-004,3,80,11273,9.742006,-5.975927,-5.231331,1.078107,1.976885,1.289145
esp32-c3-004,3,81,11293,18.126501,-8.061277,-3.519476,0.737568,0.395164,-3.220199
esp32-c3-004,3,82,11313,20.609289,-4.838682,-2.272097,-0.191054,-1.99607,-5.50325
esp32-c3-004,3,83,11333,16.089035,-2.576161,-2.446874,-0.944876,-4.025981,-5.857645
esp32-c3-004,3,84,11353,9.524135,-2.121263,-2.861071,-1.211338,-5.248511,-6.806784
esp32-c3-004,3,85,11373,2.834735,-0.294487,-2.506729,-0.326949,-5.840058,-8.731442
esp32-c3-004,3,86,11393,-4.424485,1.989582,-0.567426,1.426374,-6.258404,-8.731442
esp32-c3-004,3,87,11413,-14.990097,-0.751779,-3.955221,0.832162,-5.207477,-8.731442
esp32-c3-004,3,88,11433,-22.105665,-3.0143,-12.01171,-1.727476,-1.66619,-0.602472
esp32-c3-004,3,89,11453,-19.191921,2.829947,-11.992557,-2.514873,2.342205,5.744665
esp32-c3-004,3,90,11473,-11.722012,5.765238,-8.283937,-2.129835,5.020153,6.220833
esp32-c3-004,3,91,11493,-3.383007,7.90326,-4.620809,-1.243047,6.455586,4.812046
esp32-c3-004,3,92,11513,4.41012,8.556877,-0.016759,-0.428738,7.202747,4.892518
esp32-c3-004,3,93,11534,10.845734,4.81474,3.653552,-0.456184,7.335445,7.450557
esp32-c3-004,3,94,11553,12.873623,-1.936909,3.643975,-0.909436,6.93815,8.731176
esp32-c3-004,3,95,11573,19.349937,-7.431602,1.156399,-0.073544,4.797124,8.731176
esp32-c3-004,3,96,11593,28.570009,-15.947778,2.391808,1.331513,1.074643,4.192521
esp32-c3-004,3,97,11613,27.095181,-18.990808,3.416526,0.443127,-3.315859,-3.518903
esp32-c3-004,3,98,11633,20.202274,-10.33098,2.059013,-0.114312,-6.489694,-8.022919
esp32-c3-004,3,99,11653,14.592659,-3.912126,2.037466,0.756753,-8.098328,-8.731442
esp32-c3-004,4,0,11764,-25.45994,-14.346057,-12.682086,-1.445026,-3.424309,-1.615829
esp32-c3-004,4,1,11783,-22.780828,-3.562572,-11.777079,-2.824502,0.633648,1.998202
esp32-c3-004,4,2,11803,-15.799337,6.53617,-7.939173,-2.262533,2.955069,2.930022
esp32-c3-004,4,3,11824,-8.62152,11.190498,-6.172252,-1.680845,3.58845,2.055492
esp32-c3-004,4,4,11843,-4.019865,9.730036,-6.969521,-1.391201,3.479201,1.685908
esp32-c3-004,4,5,11864,-1.661576,7.134721,-7.819463,-1.411718,3.401127,3.472273
esp32-c3-004,4,6,11883,0.610521,6.624756,-8.695741,-1.380276,3.616695,6.318625
esp32-c3-004,4,7,11903,1.819593,5.580884,-8.396465,-1.015755,4.047565,8.22463
esp32-c3-004,4,8,11923,3.150769,4.266468,-7.182605,-0.449256,4.31909,8.731176
esp32-c3-004,4,9,11944,3.924097,2.753332,-6.46195,-0.018119,4.187458,8.505749
esp32-c3-004,4,10,11963,5.11162,1.429338,-6.220136,0.359458,3.681712,6.707393
esp32-c3-004,4,11,11983,7.354988,0.069432,-6.28478,0.658695,2.819173,3.95004
esp32-c3-004,4,12,12003,10.175357,-0.316035,-5.880159,0.831096,1.571596,0.477767
esp32-c3-004,4,13,12023,11.647791,-0.790087,-5.626374,0.736769,0.111381,-2.721648
esp32-c3-004,4,14,12043,10.809821,-1.625663,-6.114791,0.30057,-0.92649,-4.216236
esp32-c3-004,4,15,12063,8.252813,-1.115698,-7.070077,-0.367718,-1.203611,-4.085936
esp32-c3-004,4,16,12083,5.724536,2.885013,-6.921637,-0.539587,-1.200147,-3.882625
esp32-c3-004,4,17,12103,3.909731,6.01184,-6.756437,-0.002665,-1.118876,-4.381443
esp32-c3-004,4,18,12123,3.203442,7.12275,-6.639122,0.634714,-1.110616,-4.508012
esp32-c3-004,4,19,12143,3.136404,5.746084,-7.541735,0.72238,-1.089032,-3.495188
esp32-c3-004,4,20,12163,2.547431,5.056554,-8.561666,0.407155,-0.876928,-2.014723
esp32-c3-004,4,21,12183,1.70946,6.605602,-8.978256,0.330147,-0.617127,-1.3491
esp32-c3-004,4,22,12203,1.707066,7.991845,-9.200917,0.721314,-0.406622,-1.574527
esp32-c3-004,4,23,12223,2.181118,8.674192,-8.868123,1.34377,-0.506012,-2.155681
esp32-c3-004,4,24,12243,1.927332,7.929596,-8.456321,1.77464,-0.81724,-2.726444
esp32-c3-004,4,25,12263,0.016759,5.523423,-8.875306,1.660328,-0.974986,-2.112514
esp32-c3-004,4,26,12283,-2.166753,4.46758,-10.42196,0.993905,-0.609933,-0.539054
esp32-c3-004,4,27,12303,-2.552219,5.204995,-10.924743,0.855078,0.051161,0.10845
esp32-c3-004,4,28,12323,-1.927332,4.996699,-10.596737,0.770876,0.673084,-0.316557
esp32-c3-004,4,29,12343,-0.481235,5.781997,-10.172963,1.021351,1.077041,-1.198015
esp32-c3-004,4,30,12363,1.276109,6.514623,-9.217676,1.673651,1.037605,-2.92256
esp32-c3-004,4,31,12383,2.456451,5.341464,-8.451532,2.132499,0.752757,-4.555176
esp32-c3-004,4,32,12403,2.566584,2.734178,-8.312668,2.106652,0.572095,-4.701997
esp32-c3-004,4,33,12423,1.21386,1.180341,-8.803479,1.543884,0.864671,-3.396864
esp32-c3-004,4,34,12443,1.060631,1.386243,-9.188946,1.031743,1.499384,-1.769844
esp32-c3-004,4,35,12463,2.624045,1.58975,-8.611943,0.78713,2.041636,-1.198282
esp32-c3-004,4,36,12483,5.554548,1.309628,-7.199365,0.466842,2.150885,-0.896913
esp32-c3-004,4,37,12503,10.896012,0.76375,-5.760449,-0.380242,1.951038,1.246245
esp32-c3-004,4,38,12523,14.709975,2.530671,-5.542577,-0.786331,1.045599,3.957501
esp32-c3-004,4,39,12543,15.770607,4.560954,-5.080496,-0.026113,-0.81724,3.620159
esp32-c3-004,4,40,12563,13.081918,3.864242,-4.402937,0.86547,-2.767479,0.884389
esp32-c3-004,4,41,12583,9.136273,0.924162,-3.98874,1.551877,-4.37105,-1.32192
esp32-c3-004,4,42,12603,5.609614,-1.912967,-3.213019,1.766913,-5.565069,-2.115712
esp32-c3-004,4,43,12623,0.426168,-4.288015,-0.979228,1.425841,-6.424677,-2.00513
esp32-c3-004,4,44,12643,-6.421249,-6.030994,0.337582,0.322953,-6.901379,-1.198548
esp32-c3-004,4,45,12663,-13.51048,-5.935226,0.940921,-1.195084,-6.949341,-0.065017
esp32-c3-004,4,46,12683,-21.930887,-2.217031,-0.043096,-2.724845,-6.291712,0.765014
esp32-c3-004,4,47,12703,-30.4734,3.392584,-5.094861,-3.267896,-3.706227,0.684542
esp32-c3-004,4,48,12723,-30.538042,2.387019,-9.868899,-3.312129,-0.203844,-0.59208
esp32-c3-004,4,49,12743,-23.429657,0.141258,-8.882488,-2.805051,3.069914,-1.199081
esp32-c3-004,4,50,12763,-16.666039,-0.107739,-4.651934,-2.949473,5.071314,-0.802851
esp32-c3-004,4,51,12783,-11.556811,1.991976,-2.377442,-2.89325,6.119577,1.4357
esp32-c3-004,4,52,12803,-4.946421,1.077391,-1.228225,-3.57566,6.416683,4.914634
esp32-c3-004,4,53,12823,4.036624,-4.52983,-2.846706,-5.312462,6.507014,8.731176
esp32-c3-004,4,54,12843,11.997345,-6.648698,-0.670376,-7.051396,6.856612,8.731176
esp32-c3-004,4,55,12863,17.487249,-7.568071,4.819528,-6.725779,8.312564,8.731176
esp32-c3-004,4,56,12883,24.471136,-7.280767,5.803545,-3.44536,8.383976,8.731176
esp32-c3-004,4,57,12903,30.037655,-8.291121,7.275979,0.123106,4.688407,8.731176
esp32-c3-004,4,58,12923,26.961105,-12.983756,4.783615,1.018153,0.223029,2.047764
esp32-c3-004,4,59,12943,25.438393,-15.981297,4.762067,1.283283,-2.514074,-4.798457
esp32-c3-004,4,60,12963,23.288401,-10.675745,4.635174,0.25234,-4.541586,-5.694836
esp32-c3-004,4,61,12984,18.411411,-1.484405,4.606444,-0.155081,-5.970358,-2.96173
esp32-c3-004,4,62,13003,12.684481,3.768473,4.754885,0.046897,-7.431106,-2.730974
esp32-c3-004,4,63,13023,5.705383,2.868254,5.980716,0.569697,-8.731442,-6.18939
esp32-c3-004,4,64,13043,-3.363853,2.111686,9.662998,2.077874,-8.731442,-8.731442
esp32-c3-004,4,65,13063,-10.54167,0.222661,14.707581,4.39743,-8.731442,-8.731442
esp32-c3-004,4,66,13083,-23.762451,-21.92131,11.549629,3.034741,-8.731442,-8.731442
esp32-c3-004,4,67,13103,-39.798817,-27.346571,-9.775525,-2.971056,-7.037807,-2.512475
esp32-c3-004,4,68,13123,-39.975986,-5.889736,-15.85201,-3.859709,0.954469,1.815142
esp32-c3-004,4,69,13143,-27.480648,1.958457,-4.271256,-2.785332,5.945844,0.956067
esp32-c3-004,4,70,13163,-15.303738,8.487445,1.951274,-2.207642,7.110018,-0.836692
esp32-c3-004,4,71,13183,-8.568848,12.825739,0.612916,-2.690738,6.230159,-2.470374
esp32-c3-004,4,72,13203,-4.539406,10.864887,-3.378219,-3.308665,5.309531,-2.170337
esp32-c3-004,4,73,13223,-2.063802,10.149021,-5.465962,-3.866637,5.291945,-0.141225
esp32-c3-004,4,74,13243,2.791639,10.563218,-4.565742,-4.149087,5.960233,3.030478
esp32-c3-004,4,75,13263,9.107543,9.569624,-1.695095,-4.156815,6.679681,7.163577
esp32-c3-004,4,76,13283,13.479356,4.110844,1.805228,-4.339342,7.279755,8.731176
esp32-c3-004,4,77,13303,13.579912,-1.347936,2.89459,-4.149354,7.619761,8.731176
esp32-c3-004,4,78,13323,13.979744,-3.0143,2.329558,-1.212404,6.76415,8.731176
esp32-c3-004,4,79,13343,16.936583,-7.529764,3.871424,1.904674,3.774708,8.731176
esp32-c3-004,4,80,13363,18.274942,-17.389088,3.426103,2.037639,0.544116,2.582021
esp32-c3-004,4,81,13383,17.726669,-18.203115,2.975993,1.121807,-1.713887,-2.253207
esp32-c3-004,4,82,13403,16.565481,-13.218388,3.136404,-0.010925,-2.866337,-3.428573
esp32-c3-004,4,83,13423,14.566323,-7.290344,3.490746,-0.508943,-3.424842,-2.786665
esp32-c3-004,4,84,13443,12.785037,-3.909731,2.588132,-0.653366,-3.946309,-2.691271
esp32-c3-004,4,85,13463,10.776301,-2.293645,1.328782,-0.486294,-4.701997,-3.744597
esp32-c3-004,4,86,13483,8.391677,-0.550666,0.201113,0.142025,-5.703096,-5.75106
esp32-c3-004,4,87,13503,5.262455,0.799663,0.102951,1.192686,-6.993308,-8.244616
esp32-c3-004,4,88,13523,2.480393,1.869871,0.6608,2.660361,-8.357595,-8.731442
esp32-c3-004,4,89,13543,-0.392649,0.857124,0.993594,3.925792,-8.731442,-8.731442
esp32-c3-004,4,90,13563,-4.774038,-3.536236,0.442927,4.192521,-8.731442,-8.731442
esp32-c3-004,4,91,13583,-10.601525,-8.681376,-2.391808,3.098159,-7.889688,-8.731442
esp32-c3-004,4,92,13603,-16.196775,-11.621455,-7.723695,0.908904,-5.374815,-5.839525
esp32-c3-004,4,93,13623,-19.579781,-6.995857,-10.982203,-0.693602,-2.309164,-1.989942
esp32-c3-004,4,94,13643,-17.889475,-0.593762,-10.141838,-1.477801,0.157479,0.36159
esp32-c3-004,4,95,13663,-13.201628,1.972822,-9.25359,-1.758119,1.472738,1.235054
esp32-c3-004,4,96,13684,-9.564836,3.136404,-9.52174,-1.953969,2.047498,1.221198
esp32-c3-004,4,97,13703,-7.536947,5.092467,-10.55843,-1.882824,2.420012,0.899311
esp32-c3-004,4,98,13723,-5.415684,7.201759,-10.69011,-1.190021,2.744297,0.250208
esp32-c3-004,4,99,13743,-3.167529,6.495469,-9.794679,-0.746628,2.985712,0.16574
esp32-c3-004,5,0,13854,3.423708,-0.481235,-2.616863,-2.055758,5.627954,8.731176
esp32-c3-004,5,1,13873,3.375824,-3.361459,-1.25935,-1.862306,5.254107,8.731176
esp32-c3-004,5,2,13893,3.73256,-5.482722,-0.526724,-1.352297,4.557042,8.731176
esp32-c3-004,5,3,13914,4.616021,-7.728483,0.507571,-0.392233,3.974821,8.731176
esp32-c3-004,5,4,13933,5.121197,-9.751583,1.228225,0.860407,3.024616,8.731176
esp32-c3-004,5,5,13953,6.919243,-14.693215,2.446874,2.423743,1.669654,5.264499
esp32-c3-004,5,6,13973,9.722853,-27.178978,2.959233,2.089066,-0.143357,0.678413
esp32-c3-004,5,7,13994,11.355699,-37.450104,0.600945,-1.184959,-2.064818,-3.795225
esp32-c3-004,5,8,14013,8.753201,-29.752745,0.572214,-4.634582,-3.241783,-7.577394
esp32-c3-004,5,9,14033,10.055647,-12.919112,1.142034,-5.686842,-4.103789,-8.731442
esp32-c3-004,5,10,14053,12.351686,6.088455,5.633556,-2.367786,-6.177134,-8.731442
esp32-c3-004,5,11,14073,8.868123,13.634978,12.291832,1.026414,-8.731442,-8.731442
esp32-c3-004,5,12,14094,1.752556,10.390836,18.322826,5.448359,-8.731442,-8.731442
esp32-c3-004,5,13,14114,-8.904037,-11.159374,28.967447,8.673354,-8.731442,-8.731442
esp32-c3-004,5,14,14133,-33.85162,-46.038105,12.571953,3.711556,-8.731442,-8.731442
esp32-c3-004,5,15,14153,-51.171272,-30.040049,-18.157625,-4.31003,-6.40416,2.177265
esp32-c3-004,5,16,14173,-43.505039,-6.236896,-9.13388,-3.100291,2.498619,5.710024
esp32-c3-004,5,17,14193,-23.817518,-3.196259,2.090138,-3.179963,6.42521,4.600741
esp32-c3-004,5,18,14213,-13.053187,0.512359,4.067749,-3.447225,6.975721,3.614297
esp32-c3-004,5,19,14233,-9.23683,4.115633,1.862689,-3.640144,6.292511,2.20471
esp32-c3-004,5,20,14253,-6.220136,5.046977,-2.013524,-3.897547,5.694836,1.442095
esp32-c3-004,5,21,14273,-2.954445,6.030994,-3.026271,-4.254074,5.990876,2.520469
esp32-c3-004,5,22,14293,2.477999,7.70933,-1.108515,-4.467243,6.521669,5.779572
esp32-c3-004,5,23,14313,8.293514,9.471462,0.852336,-4.342006,6.786533,8.731176
esp32-c3-004,5,24,14333,11.001357,6.823475,2.607286,-4.074478,7.274426,8.731176
esp32-c3-004,5,25,14353,10.079589,-0.488417,5.992687,-3.316658,8.107654,8.731176
esp32-c3-004,5,26,14373,11.695675,-8.920795,5.851429,-1.754922,8.000003,8.731176
esp32-c3-004,5,27,14393,13.182474,-12.662932,7.939173,1.421044,6.038839,8.731176
esp32-c3-004,5,28,14413,12.081141,-22.179884,6.14831,0.925957,2.745629,8.731176
esp32-c3-004,5,29,14433,13.263878,-27.02096,4.395754,-0.000533,0.278986,2.758686
esp32-c3-004,5,30,14453,12.081141,-25.773581,7.254431,-0.627519,-1.200946,-2.256404
esp32-c3-004,5,31,14473,10.149021,-23.290794,8.425196,-1.664591,-2.152484,-4.189323
esp32-c3-004,5,32,14493,8.585608,-16.599001,7.826645,-2.925492,-3.118144,-4.982848
esp32-c3-004,5,33,14513,8.549694,-7.426814,6.730101,-3.273758,-4.676949,-7.238453
esp32-c3-004,5,34,14533,9.277532,-1.968034,5.89213,-2.668888,-7.200615,-8.731442
esp32-c3-004,5,35,14553,5.640739,-2.89459,7.012617,-0.952337,-8.731442,-8.731442
esp32-c3-004,5,36,14573,-3.55539,-1.37906,11.626244,1.24358,-8.731442,-8.731442
esp32-c3-004,5,37,14593,-7.395689,8.374918,15.17445,5.323654,-8.731442,-8.731442
esp32-c3-004,5,38,14613,-12.579136,-5.171476,19.292477,7.769513,-8.731442,-8.731442
esp32-c3-004,5,39,14633,-25.457546,-32.975342,6.110003,3.21034,-8.731442,-8.731442
esp32-c3-004,5,40,14653,-37.718254,-24.588451,-11.944673,-2.032043,-5.84592,-0.516404
esp32-c3-004,5,41,14673,-36.621708,-6.684611,-8.801085,-3.146655,0.713853,2.907372
esp32-c3-004,5,42,14693,-24.813507,-2.063802,-2.777274,-3.414716,4.068882,1.895348
esp32-c3-004,5,43,14714,-16.80969,1.762132,-0.098162,-3.76325,4.819507,0.115378
esp32-c3-004,5,44,14733,-13.120225,6.785168,-0.651223,-3.693436,4.281519,-1.368285
esp32-c3-004,5,45,14753,-10.656591,7.443573,-3.519476,-3.781369,3.699299,-1.738401
esp32-c3-004,5,46,14773,-9.076419,6.220136,-6.126762,-3.855445,3.949773,-0.786864
esp32-c3-004,5,47,14793,-6.038177,7.149086,-6.548141,-3.994273,4.606337,0.889452
esp32-c3-004,5,48,14813,-2.063802,8.633492,-5.24809,-4.092331,5.172303,3.27962
esp32-c3-004,5,49,14833,3.198653,8.971074,-3.481169,-4.412086,5.553344,6.283719
esp32-c3-004,5,50,14853,8.171411,8.307879,-0.964863,-4.796058,5.647673,8.731176
esp32-c3-004,5,51,14873,12.107478,6.066907,1.00317,-4.896781,5.660729,8.731176
esp32-c3-004,5,52,14893,13.273455,4.654328,2.418144,-3.699565,5.670321,8.731176
esp32-c3-004,5,53,14913,11.671733,0.550666,2.286463,-2.454386,4.706527,8.731176
esp32-c3-004,5,54,14933,11.901577,-0.775721,1.558625,-0.290178,3.410986,8.731176
esp32-c3-004,5,55,14953,12.126632,-3.169923,1.666364,1.50951,2.07068,6.614398
esp32-c3-004,5,56,14973,14.288596,-8.003817,2.382231,2.490358,0.170536,1.640077
esp32-c3-004,5,57,14993,16.096218,-11.870452,2.614468,1.8703,-2.033908,-2.565767
esp32-c3-004,5,58,15013,15.368381,-10.433931,1.45328,0.537721,-3.586585,-3.984946
esp32-c3-004,5,59,15033,12.555194,-5.758055,0.720655,-0.070613,-4.350533,-4.529862
esp32-c3-004,5,60,15053,9.165004,-2.410961,-0.282516,0.002132,-4.820306,-5.726012
esp32-c3-004,5,61,15073,5.887342,0.907402,-0.766145,0.688273,-5.388937,-7.684511
esp32-c3-004,5,62,15093,2.954445,3.624821,-1.086968,1.689905,-6.028181,-8.731442
esp32-c3-004,5,63,15113,0.304064,3.866636,-1.503559,2.668622,-6.817976,-8.731442
esp32-c3-004,5,64,15133,-2.418144,4.711789,-2.001553,4.056625,-7.476671,-8.731442
esp32-c3-004,5,65,15153,-5.386954,1.826776,-2.70066,4.404358,-7.1777,-8.731442
esp32-c3-004,5,66,15173,-11.106702,-4.352659,-6.864176,3.273492,-5.240251,-8.731442
esp32-c3-004,5,67,15193,-16.361975,-5.870583,-11.149797,1.573195,-2.509277,-4.571431
esp32-c3-004,5,68,15213,-18.143261,-1.87466,-11.951855,0.03917,-0.119642,-0.439663
esp32-c3-004,5,69,15234,-14.300567,1.991976,-10.405201,-0.97472,1.464478,2.044833
esp32-c3-004,5,70,15253,-9.643845,3.234566,-9.330204,-1.31819,2.214303,2.958533
esp32-c3-004,5,71,15273,-6.43322,3.842694,-9.555259,-1.547348,2.611066,3.047531
esp32-c3-004,5,72,15293,-4.070143,4.539406,-9.323022,-1.523632,2.939614,2.605204
esp32-c3-004,5,73,15313,-1.781286,4.898537,-8.494628,-1.341905,3.170903,1.729874
esp32-c3-004,5,74,15333,0.914585,4.809951,-7.21373,-1.144723,3.072579,0.866536
esp32-c3-004,5,75,15353,3.734955,4.5418,-6.320693,-0.955534,2.646505,0.81724
esp32-c3-004,5,76,15373,5.164293,4.759673,-5.940014,-0.830031,2.0014,1.480732
esp32-c3-004,5,77,15393,4.939238,4.46758,-6.141128,-0.884655,1.294208,1.922527
esp32-c3-004,5,78,15413,3.469198,4.601655,-6.610391,-0.922493,0.840689,1.871366
esp32-c3-004,5,79,15433,2.355895,5.497087,-6.754043,-0.775939,0.653899,1.167905
esp32-c3-004,5,80,15453,2.293645,6.07409,-6.682217,-0.552643,0.538787,0.231822
esp32-c3-004,5,81,15473,2.978387,6.706159,-6.449979,-0.271259,0.36079,-0.370649
esp32-c3-004,5,82,15493,3.414132,6.526594,-6.205771,-0.150551,0.062086,-0.4791
esp32-c3-004,5,83,15513,3.009511,6.076484,-6.493075,-0.304034,-0.172934,-0.135363
esp32-c3-004,5,84,15533,2.521094,5.604826,-6.777985,-0.584352,-0.158279,0.585685
esp32-c3-004,5,85,15553,2.047042,6.682217,-7.103596,-0.726377,-0.013057,0.96566
esp32-c3-004,5,86,15573,2.061408,8.236053,-7.184999,-0.471106,0.084202,0.696
esp32-c3-004,5,87,15593,2.434903,8.640674,-6.780379,-0.076208,-0.026113,-0.036772
esp32-c3-004,5,88,15613,2.329558,7.338228,-6.804321,0.212104,-0.262732,-0.630184
esp32-c3-004,5,89,15633,1.774103,5.980716,-6.782773,0.308564,-0.443127,-0.783666
esp32-c3-004,5,90,15653,0.725443,4.975151,-6.993463,0.053825,-0.516138,-0.453253
esp32-c3-004,5,91,15673,-0.699107,5.178658,-7.673417,-0.240349,-0.243014,0.451121
esp32-c3-004,5,92,15693,-1.398214,6.615179,-8.030152,-0.313093,0.170003,1.028812
esp32-c3-004,5,93,15713,-0.818817,7.120356,-7.975086,-0.277121,0.467375,0.897446
esp32-c3-004,5,94,15733,0.191536,6.897695,-7.802703,-0.22143,0.605669,0.622456
esp32-c3-004,5,95,15753,1.031901,6.694188,-7.48188,-0.203844,0.653632,0.371182
esp32-c3-004,5,96,15773,1.841141,6.665458,-7.201759,-0.269394,0.587017,0.162276
esp32-c3-004,5,97,15793,2.552219,7.240066,-7.041347,-0.286447,0.378643,0.090597
esp32-c3-004,5,98,15813,3.29921,7.491457,-7.058106,-0.193985,0.103387,0.110049
esp32-c3-004,5,99,15833,3.191471,7.110779,-7.25922,-0.098858,-0.042368,0.172934
esp32-c3-004,6,0,15964,1.486799,6.121974,-6.842628,-0.065017,-0.335476,0.176931
esp32-c3-004,6,1,15983,0.837971,6.596025,-7.010222,-0.148953,-0.205976,0.259268
esp32-c3-004,6,2,16003,0.687136,7.149086,-7.07726,-0.074609,-0.033574,-0.032242
esp32-c3-004,6,3,16024,0.787692,7.086837,-6.916849,0.021317,0.050628,-0.430603
esp32-c3-004,6,4,16043,1.201889,7.050924,-6.840234,0.069547,0.027179,-0.556107
esp32-c3-004,6,5,16063,1.647211,6.921637,-6.770802,0.054625,-0.03464,-0.362655
esp32-c3-004,6,6,16083,1.594538,6.950367,-6.909666,-0.043966,-0.085268,-0.040769
esp32-c3-004,6,7,16103,1.505953,7.304709,-7.043741,-0.12577,-0.081804,0.092995
esp32-c3-004,6,8,16123,1.434127,7.49864,-7.065289,-0.081538,-0.033308,0.021317
esp32-c3-004,6,9,16143,1.606509,7.661446,-6.933608,0.048496,-0.031176,-0.167871
esp32-c3-004,6,10,16163,1.716643,7.10599,-6.861782,0.132965,-0.059954,-0.210239
esp32-c3-004,6,11,16183,1.601721,6.584054,-6.890512,0.049029,-0.077008,-0.071145
esp32-c3-004,6,12,16203,1.328782,6.574478,-6.979098,-0.072478,-0.05276,0.096726
esp32-c3-004,6,13,16223,1.132457,7.034164,-6.952762,-0.080472,-0.020518,0.06555
esp32-c3-004,6,14,16243,1.034295,7.501034,-6.945579,0.015721,-0.012257,-0.09939
esp32-c3-004,6,15,16263,1.060631,7.244854,-6.938396,0.139093,-0.008793,-0.165207
esp32-c3-004,6,16,16283,0.981623,6.804321,-6.936002,0.135629,-0.019452,-0.102855
esp32-c3-004,6,17,16303,0.933739,6.732495,-7.072472,0.030643,-0.018119,-0.009859
esp32-c3-004,6,18,16323,0.90022,7.04853,-7.120356,-0.03091,0.011991,0.019452
esp32-c3-004,6,19,16343,0.837971,7.117962,-7.170634,-0.028778,0.053026,-0.034374
esp32-c3-004,6,20,16364,0.988805,7.266402,-7.074866,0.003464,0.080738,-0.103121
esp32-c3-004,6,21,16383,1.355118,7.115568,-6.962338,0.039436,0.063685,-0.043966
esp32-c3-004,6,22,16403,1.472434,7.024588,-6.947973,0.033308,0.011724,0.114312
esp32-c3-004,6,23,16423,1.391031,6.955156,-6.967127,0.051427,-0.024781,0.186257
esp32-c3-004,6,24,16443,1.194707,6.801927,-6.976704,0.054092,-0.029577,0.100456
esp32-c3-004,6,25,16463,1.115698,6.703765,-6.964733,0.047164,-0.005063,-0.058355
esp32-c3-004,6,26,16483,1.182736,6.782773,-6.904878,0.037038,0.005063,-0.141758
esp32-c3-004,6,27,16503,1.211466,6.703765,-6.854599,0.0429,-0.019985,-0.102322
esp32-c3-004,6,28,16523,1.192312,6.813898,-6.86657,0.007994,-0.071678,0.012257
esp32-c3-004,6,29,16543,1.082179,6.964733,-6.998251,0.002931,-0.074609,0.106052
esp32-c3-004,6,30,16563,0.852336,7.120356,-7.07726,0.044766,-0.026913,0.042368
esp32-c3-004,6,31,16583,0.826,6.98628,-7.04853,0.056757,0.015188,-0.122573
esp32-c3-004,6,32,16603,0.92895,6.921637,-7.00304,0.03917,0.050361,-0.153749
esp32-c3-004,6,33,16623,1.055843,6.859388,-6.833052,0.020251,0.041835,-0.066616
esp32-c3-004,6,34,16643,1.113304,6.694188,-6.890512,-0.043167,0.025314,0.088732
esp32-c3-004,6,35,16663,1.06542,7.113173,-6.964733,-0.124971,0.021317,0.158279
esp32-c3-004,6,36,16683,1.182736,7.563283,-6.945579,-0.088732,0.02558,0.083403
esp32-c3-004,6,37,16703,1.25935,7.685388,-6.979098,0.010126,0.025314,-0.041035
esp32-c3-004,6,38,16723,1.254562,7.438785,-6.981492,0.105786,0.014389,-0.13936
esp32-c3-004,6,39,16743,1.280898,6.931214,-6.933608,0.098591,-0.002665,-0.107651
esp32-c3-004,6,40,16763,1.204283,7.005434,-6.919243,0.038904,-0.032508,0.010925
esp32-c3-004,6,41,16783,1.079785,7.410054,-6.919243,0.050628,-0.073544,0.094594
esp32-c3-004,6,42,16803,0.826,7.19697,-7.019799,0.077008,-0.075942,0.104986
esp32-c3-004,6,43,16823,0.68953,6.873753,-7.010222,0.055424,-0.019985,0.076741
esp32-c3-004,6,44,16843,0.739808,6.670246,-7.026982,0.025047,0.047697,-0.005862
esp32-c3-004,6,45,16863,0.940921,6.828263,-6.981492,0.006395,0.083403,-0.094861
esp32-c3-004,6,46,16883,1.09415,7.292738,-6.955156,0.045832,0.048763,-0.13936
esp32-c3-004,6,47,16903,1.194707,7.381324,-6.945579,0.135629,-0.00826,-0.080205
esp32-c3-004,6,48,16923,1.031901,6.919243,-7.043741,0.127902,-0.043966,0.066616
esp32-c3-004,6,49,16943,0.897826,6.976704,-7.175423,0.070346,-0.024515,0.149219
esp32-c3-004,6,50,16963,0.916979,7.029376,-7.158663,0.068747,0.011458,0.097792
esp32-c3-004,6,51,16983,0.88346,6.921637,-7.103596,0.079406,0.024248,-0.015455
esp32-c3-004,6,52,17003,0.950498,7.00304,-7.084443,0.118043,0.025314,-0.088199
esp32-c3-004,6,53,17023,1.015141,6.617573,-7.072472,0.123106,0.031443,-0.039436
esp32-c3-004,6,54,17043,1.041478,6.421249,-7.038953,0.033041,0.033574,0.07381
esp32-c3-004,6,55,17064,1.000776,6.607996,-7.082048,-0.036239,0.034374,0.099124
esp32-c3-004,6,56,17083,0.916979,6.854599,-7.141904,-0.045299,0.0437,0.014655
esp32-c3-004,6,57,17103,0.88346,7.228095,-7.060501,-0.006928,0.036772,-0.074077
esp32-c3-004,6,58,17123,0.988805,7.115568,-6.971915,0.043966,0.027179,-0.039703
esp32-c3-004,6,59,17143,0.924162,6.892907,-6.995857,0.025847,0.019452,0.078074
esp32-c3-004,6,60,17163,0.835576,6.983886,-7.146692,0.01359,0.009593,0.103387
esp32-c3-004,6,61,17183,0.737414,6.998251,-7.103596,0.047697,0.02558,0.046631
esp32-c3-004,6,62,17203,0.701501,6.859388,-7.072472,0.07008,0.054891,-0.050628
esp32-c3-004,6,63,17223,0.80924,6.64391,-7.000646,0.051427,0.076475,-0.070346
esp32-c3-004,6,64,17243,0.969652,6.648698,-6.945579,0.014123,0.072744,0.015188
esp32-c3-004,6,65,17263,1.051055,6.861782,-6.936002,-0.00453,0.052227,0.096992
esp32-c3-004,6,66,17283,1.082179,6.991069,-6.933608,0.018919,0.031443,0.089531
esp32-c3-004,6,67,17303,1.137246,6.830657,-6.92882,0.03464,0.010925,0.033574
esp32-c3-004,6,68,17323,1.118092,6.864176,-6.971915,0.045299,-0.017054,-0.034907
esp32-c3-004,6,69,17343,1.079785,6.73489,-6.976704,0.054625,-0.029311,-0.102322
esp32-c3-004,6,70,17363,0.962469,6.703765,-7.060501,0.046897,-0.007994,-0.116977
esp32-c3-004,6,71,17383,0.826,6.821081,-6.95755,0.022383,0.021317,-0.095127
esp32-c3-004,6,72,17403,0.85473,6.725313,-6.931214,-0.006928,0.049029,-0.032775
esp32-c3-004,6,73,17423,0.943315,6.811504,-6.900089,-0.020518,0.043966,0.00906
esp32-c3-004,6,74,17443,0.950498,6.804321,-6.95755,-0.007194,0.037305,0.033574
esp32-c3-004,6,75,17463,0.924162,6.873753,-7.005434,0.00826,0.023715,-0.031709
esp32-c3-004,6,76,17484,0.933739,6.785168,-6.976704,0.015455,0.010925,-0.102588
esp32-c3-004,6,77,17503,0.972046,6.854599,-6.936002,0.019985,-0.008793,-0.094061
esp32-c3-004,6,78,17523,0.986411,7.015011,-6.931214,0.04743,-0.061819,-0.049562
esp32-c3-004,6,79,17543,0.816423,6.926425,-7.089231,0.062352,-0.101789,-0.010126
esp32-c3-004,6,80,17563,0.632069,6.981492,-7.261614,0.050894,-0.09193,-0.023982
esp32-c3-004,6,81,17583,0.442927,6.959944,-7.275979,0.065017,-0.026113,-0.093262
esp32-c3-004,6,82,17603,0.383072,6.801927,-7.165846,0.043966,0.042634,-0.150818
esp32-c3-004,6,83,17623,0.47884,6.737284,-7.086837,0.003198,0.075409,-0.123372
esp32-c3-004,6,84,17643,0.560243,6.842628,-6.98628,-0.012257,0.077541,-0.044233
esp32-c3-004,6,85,17663,0.581791,6.969521,-6.979098,-0.03011,0.068481,-0.002398
esp32-c3-004,6,86,17683,0.574608,7.13951,-6.959944,-0.025314,0.075675,-0.021583
esp32-c3-004,6,87,17703,0.713472,7.175423,-6.940791,-0.024781,0.083669,-0.055158
esp32-c3-004,6,88,17723,0.816423,7.261614,-6.902483,-0.033308,0.087933,-0.060221
esp32-c3-004,6,89,17743,0.92895,7.343017,-6.914454,-0.013323,0.081005,-0.05196
esp32-c3-004,6,90,17763,0.998382,7.228095,-6.892907,-0.007461,0.055424,0.015455
esp32-c3-004,6,91,17783,0.940921,7.359776,-6.959944,-0.006662,0.029844,0.058622
esp32-c3-004,6,92,17803,0.90022,7.398083,-6.95755,0.03091,0.015721,0.032775
esp32-c3-004,6,93,17823,0.871489,7.204153,-6.900089,0.067681,-0.006928,0
esp32-c3-004,6,94,17843,0.773327,6.924031,-6.921637,0.071412,-0.030643,0.01732
esp32-c3-004,6,95,17863,0.639252,6.744466,-6.962338,0.042368,-0.028511,0.049828
esp32-c3-004,6,96,17883,0.639252,6.655881,-7.046135,0.005596,-0.022649,0.062619
esp32-c3-004,6,97,17903,0.593762,6.636727,-7.125144,-0.017853,-0.015188,0.045565
esp32-c3-004,6,98,17923,0.550666,6.670246,-7.132327,-0.026113,-0.00373,0.002398
esp32-c3-004,6,99,17943,0.529119,6.739678,-7.084443,-0.026646,0.009326,-0.026113
esp32-c3-004,7,0,18084,0.701501,7.158663,-6.919243,-0.024248,0.093262,-0.045565
esp32-c3-004,7,1,18104,0.794875,7.113173,-6.88333,0.016254,0.065283,-0.049828
esp32-c3-004,7,2,18123,0.73502,7.137115,-6.921637,0.023982,0.035173,-0.019185
esp32-c3-004,7,3,18143,0.696713,7.249643,-6.969521,0.020784,0.029577,0.022916
esp32-c3-004,7,4,18163,0.665588,7.271191,-6.936002,0.03011,0.04823,0.026646
esp32-c3-004,7,5,18183,0.675165,7.199365,-6.861782,0.041835,0.061286,-0.007727
esp32-c3-004,7,6,18203,0.653617,7.237672,-6.849811,0.065816,0.044499,-0.056757
esp32-c3-004,7,7,18223,0.624887,7.254431,-6.797139,0.1303,0.01732,-0.077541
esp32-c3-004,7,8,18243,0.608127,6.828263,-6.871359,0.147354,0.011458,-0.062619
esp32-c3-004,7,9,18263,0.591368,6.670246,-6.890512,0.076741,0.022649,-0.022383
esp32-c3-004,7,10,18283,0.586579,6.943185,-6.976704,0.025314,0.035706,-0.022383
esp32-c3-004,7,11,18303,0.54109,7.156269,-6.98628,0.018386,0.036772,-0.046364
esp32-c3-004,7,12,18323,0.574608,7.491457,-7.00304,0.046098,0.01279,-0.025314
esp32-c3-004,7,13,18343,0.52433,7.491457,-7.026982,0.100989,-0.002665,0.006928
esp32-c3-004,7,14,18363,0.497994,7.254431,-7.091625,0.111914,-0.001066,-0.00906
esp32-c3-004,7,15,18383,0.517148,7.079654,-7.117962,0.111914,0.023449,-0.032242
esp32-c3-004,7,16,18403,0.52433,6.86657,-7.12275,0.089798,0.049828,-0.039436
esp32-c3-004,7,17,18423,0.529119,6.749255,-7.038953,0.070613,0.064217,-0.000799
esp32-c3-004,7,18,18443,0.466869,6.648698,-6.914454,0.054092,0.052227,0.046631
esp32-c3-004,7,19,18463,0.332794,6.670246,-6.924031,0.063951,0.038104,0.015988
esp32-c3-004,7,20,18483,0.418985,6.469133,-6.909666,0.066083,0.053825,-0.050894
esp32-c3-004,7,21,18503,0.493206,6.622362,-6.904878,0.037305,0.081005,-0.090597
esp32-c3-004,7,22,18523,0.675165,6.955156,-6.79235,0.033574,0.096459,-0.064484
esp32-c3-004,7,23,18543,0.816423,7.017405,-6.737284,0.038371,0.068481,0.031709
esp32-c3-004,7,24,18563,0.751779,7.108385,-6.907272,0.008793,0.04823,0.101522
esp32-c3-004,7,25,18583,0.806846,7.704541,-7.050924,0.025047,0.042368,0.006395
esp32-c3-004,7,26,18603,1.165976,8.276755,-6.79235,0.155348,-0.022649,-0.007194
esp32-c3-004,7,27,18623,1.268927,6.955156,-6.505046,-0.013057,-0.212371,1.055191
esp32-c3-004,7,28,18643,0.744597,5.829881,-7.091625,-0.799121,-0.137495,3.609234
esp32-c3-004,7,29,18663,0.31364,7.678205,-7.915231,-1.40932,0.292576,5.368952
esp32-c3-004,7,30,18683,0.629675,9.540894,-7.979874,-1.184426,0.866536,5.182961
esp32-c3-004,7,31,18703,1.271321,10.87207,-7.249643,-0.092729,1.137262,2.656364
esp32-c3-004,7,32,18723,3.136404,9.416395,-6.189012,0.928355,0.831896,-0.843354
esp32-c3-004,7,33,18743,4.876989,6.574478,-5.602432,1.360824,0.353596,-2.557507
esp32-c3-004,7,34,18763,5.204995,4.951209,-5.566519,1.083969,-0.098325,-2.20471
esp32-c3-004,7,35,18783,4.094085,4.893748,-5.95438,0.550245,-0.364254,-0.967792
esp32-c3-004,7,36,18803,2.770091,5.3678,-6.339846,0.078606,-0.40076,0.03011
esp32-c3-004,7,37,18823,1.958457,5.896919,-6.739678,-0.175599,-0.212904,0.668554
esp32-c3-004,7,38,18843,1.702277,6.607996,-6.780379,-0.142557,0.024515,0.754622
esp32-c3-004,7,39,18863,2.030283,6.397307,-6.610391,-0.066349,0.146288,0.459648
esp32-c3-004,7,40,18883,2.358289,6.591237,-6.564901,0.011991,0.146288,0.088199
esp32-c3-004,7,41,18903,2.604892,6.603208,-6.64391,0.069547,0.064217,-0.235286
esp32-c3-004,7,42,18924,2.786851,6.538565,-6.768408,0.057289,0.006395,-0.225161
esp32-c3-004,7,43,18943,2.770091,6.603208,-6.868965,0.022383,-0.005329,-0.071412
esp32-c3-004,7,44,18963,2.837129,6.828263,-6.926425,0.067948,-0.017054,0.001865
esp32-c3-004,7,45,18983,3.0143,6.641516,-7.060501,0.145489,-0.048496,-0.070879
esp32-c3-004,7,46,19003,3.234566,6.579266,-7.187394,0.171335,-0.094594,-0.218499
esp32-c3-004,7,47,19023,3.296816,6.591237,-7.24246,0.155614,-0.140159,-0.251274
esp32-c3-004,7,48,19043,3.074155,6.438008,-7.10599,0.062086,-0.182793,0.079939
esp32-c3-004,7,49,19063,2.612074,6.483498,-7.103596,-0.176665,-0.197182,0.948074
esp32-c3-004,7,50,19083,1.810017,7.244854,-7.40766,-0.416214,-0.13483,1.742665
esp32-c3-004,7,51,19103,1.170765,7.905654,-7.5561,-0.394098,0.061553,1.957167
esp32-c3-004,7,52,19123,1.079785,7.941567,-7.390901,-0.18759,0.243014,1.344303
esp32-c3-004,7,53,19143,1.637634,6.876147,-7.096414,0.025047,0.33441,0.414083
esp32-c3-004,7,54,19163,2.298434,5.449203,-6.789956,0.096193,0.389835,-0.142557
esp32-c3-004,7,55,19183,2.760514,4.845864,-6.584054,-0.018919,0.404757,-0.279253
esp32-c3-004,7,56,19203,3.16274,5.319916,-6.493075,-0.179329,0.394098,-0.064217
esp32-c3-004,7,57,19223,3.246537,6.361394,-6.414066,-0.133498,0.329348,0.058089
esp32-c3-004,7,58,19243,3.339911,6.454768,-6.397307,0.013856,0.25607,-0.053559
esp32-c3-004,7,59,19263,3.421314,6.114791,-6.435614,0.074343,0.225694,-0.181994
esp32-c3-004,7,60,19283,3.438074,6.287174,-6.485892,0.085534,0.257136,-0.23955
esp32-c3-004,7,61,19303,3.622427,6.418855,-6.382942,0.055691,0.271259,-0.24781
esp32-c3-004,7,62,19324,3.921702,6.421249,-6.38773,-0.01359,0.229424,-0.162009
esp32-c3-004,7,63,19343,3.940856,6.758832,-6.430826,-0.050361,0.159611,-0.057023
esp32-c3-004,7,64,19363,3.881001,7.060501,-6.540959,-0.022649,0.101789,-0.06102
esp32-c3-004,7,65,19383,3.842694,6.976704,-6.627151,0.008793,0.080205,-0.139093
esp32-c3-004,7,66,19403,3.907337,6.811504,-6.600814,-0.023715,0.068747,-0.17853
esp32-c3-004,7,67,19423,4.007894,6.897695,-6.584054,-0.074609,0.045032,-0.113513
esp32-c3-004,7,68,19443,3.902549,7.278373,-6.612785,-0.071945,0.009326,-0.052227
esp32-c3-004,7,69,19463,3.955221,7.438785,-6.665458,0.016787,-0.038104,-0.059155
esp32-c3-004,7,70,19483,3.907337,7.070077,-6.787562,0.096459,-0.070879,-0.06102
esp32-c3-004,7,71,19503,3.871424,6.615179,-6.847417,0.114046,-0.065017,-0.092196
esp32-c3-004,7,72,19523,4.209007,6.485892,-6.835446,0.12657,-0.051161,-0.127369
esp32-c3-004,7,73,19543,4.546589,6.071695,-6.438008,0.137495,-0.070346,-0.0429
esp32-c3-004,7,74,19563,4.19943,5.995081,-6.107608,0.102855,-0.245678,0.02558
esp32-c3-004,7,75,19583,3.359065,6.0286,-6.205771,0.060753,-0.428205,-0.09113
esp32-c3-004,7,76,19603,2.595315,6.040571,-6.323087,0.029844,-0.482031,-0.265663
esp32-c3-004,7,77,19624,2.011129,6.34224,-6.402095,0.072211,-0.441795,-0.509476
esp32-c3-004,7,78,19643,1.711854,6.471527,-6.363788,0.113513,-0.379443,-0.7826
esp32-c3-004,7,79,19663,1.810017,6.648698,-6.382942,0.118309,-0.33894,-0.848683
esp32-c3-004,7,80,19683,1.843535,6.713342,-6.447585,0.046897,-0.323752,-0.684542
esp32-c3-004,7,81,19703,1.814805,6.789956,-6.679823,-0.084469,-0.290178,-0.449789
esp32-c3-004,7,82,19723,1.898602,7.158663,-6.828263,-0.150018,-0.235819,-0.372515
esp32-c3-004,7,83,19743,2.001553,7.570466,-6.821081,-0.0874,-0.213969,-0.533458
esp32-c3-004,7,84,19763,2.025495,7.999028,-6.833052,0.102588,-0.252873,-0.884389
esp32-c3-004,7,85,19783,1.867477,7.594408,-6.888118,0.321887,-0.294441,-1.271026
esp32-c3-004,7,86,19803,1.568202,7.194576,-7.082048,0.403158,-0.314159,-1.563335
esp32-c3-004,7,87,19823,1.084573,7.323863,-7.129933,0.422876,-0.269394,-1.6089
esp32-c3-004,7,88,19843,0.814029,7.45315,-7.07726,0.479632,-0.181461,-1.484729
esp32-c3-004,7,89,19863,0.732626,7.223307,-6.98628,0.478567,-0.179063,-1.263032
esp32-c3-004,7,90,19883,0.588974,6.988675,-6.995857,0.391167,-0.241415,-0.882524
esp32-c3-004,7,91,19903,0.146046,6.756437,-7.252037,0.242214,-0.256603,-0.479899
esp32-c3-004,7,92,19923,-0.19393,6.794744,-7.319075,0.075675,-0.20864,-0.20411
esp32-c3-004,7,93,19943,-0.354342,7.201759,-7.295133,-0.007461,-0.119642,-0.037838
esp32-c3-004,7,94,19963,-0.409408,7.513005,-7.261614,0.033841,-0.028778,-0.012524
esp32-c3-004,7,95,19983,-0.215478,7.486669,-7.240066,0.128435,0.042101,-0.074876
esp32-c3-004,7,96,20003,0.062249,7.173028,-7.161057,0.186524,0.058888,-0.120175
esp32-c3-004,7,97,20023,0.162806,6.88333,-7.103596,0.175599,0.049296,-0.05649
esp32-c3-004,7,98,20043,0.143652,7.03177,-7.120356,0.148953,0.053559,0.022116
esp32-c3-004,7,99,20063,0.23942,7.345411,-7.072472,0.188389,0.053026,0.029311
esp32-c3-004,8,0,20256,0.325611,6.466739,-7.491457,0.316557,-0.097525,-0.212904
esp32-c3-004,8,1,20276,0.1652,6.098032,-7.5561,0.214502,-0.110049,-0.029044
esp32-c3-004,8,2,20295,-0.09098,6.256049,-7.66384,0.0866,-0.08207,0.229957
esp32-c3-004,8,3,20315,-0.227449,6.373365,-7.694964,0.037038,-0.039703,0.257669
esp32-c3-004,8,4,20335,-0.112527,6.205771,-7.735666,0.031975,-0.044233,0.239816
esp32-c3-004,8,5,20355,-0.083797,6.095637,-7.773973,0.034107,-0.052227,0.310695
esp32-c3-004,8,6,20375,-0.031125,6.083666,-7.788338,0.049296,-0.077541,0.378643
esp32-c3-004,8,7,20395,-0.052672,5.978322,-7.850587,0.023182,-0.067681,0.431403
esp32-c3-004,8,8,20415,-0.095768,6.002264,-7.872135,-0.021583,-0.022916,0.417014
esp32-c3-004,8,9,20435,0.07422,5.990293,-7.776367,-0.042368,0.007194,0.344003
esp32-c3-004,8,10,20455,0.105345,6.227319,-7.793127,-0.035972,0.001865,0.240083
esp32-c3-004,8,11,20475,0.186748,6.289568,-7.769185,0.036772,-0.015721,0.06475
esp32-c3-004,8,12,20495,0.19393,5.880159,-7.814674,0.009326,-0.020518,-0.000266
esp32-c3-004,8,13,20515,0.021548,5.942409,-7.862558,-0.110582,0.017587,0.090864
esp32-c3-004,8,14,20535,-0.100556,6.423643,-7.841011,-0.201446,0.086067,0.181727
esp32-c3-004,8,15,20555,0.021548,6.842628,-7.747637,-0.199047,0.132432,0.228625
esp32-c3-004,8,16,20575,0.160412,7.019799,-7.651869,-0.163342,0.134564,0.277387
esp32-c3-004,8,17,20595,0.296881,7.120356,-7.603985,-0.124704,0.11751,0.354129
esp32-c3-004,8,18,20615,0.328006,6.979098,-7.532158,-0.103121,0.124704,0.438597
esp32-c3-004,8,19,20635,0.430956,6.794744,-7.484274,-0.114845,0.141225,0.507611
esp32-c3-004,8,20,20655,0.507571,6.766014,-7.402872,-0.107917,0.155348,0.505213
esp32-c3-004,8,21,20675,0.646434,6.648698,-7.376535,-0.064217,0.160144,0.427672
esp32-c3-004,8,22,20695,0.73502,6.38773,-7.28795,-0.024515,0.148153,0.328282
esp32-c3-004,8,23,20715,0.78051,6.236896,-7.249643,-0.001599,0.13856,0.225161
esp32-c3-004,8,24,20735,0.881066,6.196194,-7.237672,-0.001865,0.138827,0.122306
esp32-c3-004,8,25,20755,0.952892,6.258443,-7.189788,-0.001066,0.141492,0.04743
esp32-c3-004,8,26,20775,0.976834,6.198588,-7.091625,-0.009593,0.13856,0.006662
esp32-c3-004,8,27,20795,1.098939,6.291962,-7.050924,-0.03091,0.121773,0.021317
esp32-c3-004,8,28,20815,1.25935,6.438008,-7.04853,-0.041568,0.078873,0.096193
esp32-c3-004,8,29,20835,1.218649,6.452374,-7.165846,-0.030643,0.036505,0.115378
esp32-c3-004,8,30,20855,1.154005,6.392519,-7.189788,-0.033041,0.03011,0.055957
esp32-c3-004,8,31,20875,1.170765,6.473921,-7.208941,-0.03091,0.022916,-0.009593
esp32-c3-004,8,32,20895,1.201889,6.512228,-7.218518,-0.019985,-0.000266,-0.033574
esp32-c3-004,8,33,20915,1.125275,6.629545,-7.223307,-0.029311,-0.048763,0.013856
esp32-c3-004,8,34,20935,0.866701,6.777985,-7.266402,-0.025314,-0.083403,0.041035
esp32-c3-004,8,35,20955,0.627281,6.708553,-7.343017,-0.028778,-0.07381,0.017853
esp32-c3-004,8,36,20975,0.490811,6.703765,-7.321469,-0.047697,-0.027446,0.006395
esp32-c3-004,8,37,20995,0.476446,6.648698,-7.376535,-0.074876,0.032242,-0.00826
esp32-c3-004,8,38,21015,0.691924,6.665458,-7.343017,-0.102588,0.096459,0.010392
esp32-c3-004,8,39,21035,0.950498,7.012617,-7.225701,-0.106851,0.094594,0.024515
esp32-c3-004,8,40,21055,1.046266,7.299921,-7.244854,-0.03544,0.058888,0.01279
esp32-c3-004,8,41,21075,0.866701,7.127539,-7.275979,0.041568,0.022916,-0.028245
esp32-c3-004,8,42,21095,0.703895,6.852205,-7.319075,0.068214,0.027712,-0.060221
esp32-c3-004,8,43,21115,0.634463,6.758832,-7.254431,0.056224,0.058622,-0.068214
esp32-c3-004,8,44,21135,0.73502,6.653487,-7.204153,0.026913,0.084735,-0.037038
esp32-c3-004,8,45,21155,0.821211,6.744466,-7.192182,-0.015988,0.099923,0.013057
esp32-c3-004,8,46,21175,0.924162,7.189788,-7.230489,-0.01279,0.113247,-0.019185
esp32-c3-004,8,47,21195,1.228225,7.510611,-7.144298,0.051427,0.110049,-0.036772
esp32-c3-004,8,48,21215,1.398214,7.388506,-7.225701,0.076475,0.102322,0.028778
esp32-c3-004,8,49,21235,1.649605,7.484274,-7.311892,0.056224,0.104187,0.096193
esp32-c3-004,8,50,21255,2.099715,7.43639,-7.156269,0.031176,0.083403,0.183593
esp32-c3-004,8,51,21275,2.260126,6.030994,-7.022193,-0.320021,-0.014389,0.847351
esp32-c3-004,8,52,21295,1.989582,4.69503,-6.73489,-1.297672,-0.057289,3.030211
esp32-c3-004,8,53,21315,1.625663,5.334281,-6.892907,-2.514873,0.113513,6.057758
esp32-c3-004,8,54,21335,2.190695,6.390124,-6.564901,-3.278821,0.558772,8.328284
esp32-c3-004,8,55,21355,3.040636,6.773197,-6.133945,-3.551412,1.045332,8.731176
esp32-c3-004,8,56,21375,5.145139,5.724536,-5.346252,-3.508245,1.407721,8.731176
esp32-c3-004,8,57,21395,7.13951,4.577713,-4.249708,-3.335577,1.674983,8.731176
esp32-c3-004,8,58,21415,10.053253,1.982399,-3.296816,-3.625222,1.626753,8.731176
esp32-c3-004,8,59,21435,11.377247,0.663194,-2.899378,-3.159446,1.30087,8.731176
esp32-c3-004,8,60,21455,7.888895,1.211466,-3.933673,-2.289446,0.996836,8.731176
esp32-c3-004,8,61,21476,1.96564,0.071826,-5.226542,-1.233455,0.721847,8.576895
esp32-c3-004,8,62,21495,-3.198653,-6.481104,-9.919178,0.524132,0.806848,3.828
esp32-c3-004,8,63,21515,-5.161899,-10.27352,-7.161057,0.223029,1.815409,-0.096193
esp32-c3-004,8,64,21535,-7.03177,-12.734758,-7.331046,-1.868435,3.738202,-2.065617
esp32-c3-004,8,65,21555,-9.461885,-9.414001,-3.086126,-3.368086,7.07751,-1.937449
esp32-c3-004,8,66,21575,-11.087548,-1.70946,8.145074,-3.563669,8.731176,-1.466876
esp32-c3-004,8,67,21595,1.070208,13.577518,26.922798,0.726377,8.731176,-0.749559
esp32-c3-004,8,68,21615,21.009119,9.299079,34.193989,0.461779,8.731176,1.091697
esp32-c3-004,8,69,21635,32.956188,-6.725313,30.731974,-2.128769,5.257039,4.501884
esp32-c3-004,8,70,21655,39.966408,-7.66384,28.56522,-2.020852,0.774074,4.582622
esp32-c3-004,8,71,21675,44.034157,-6.852205,29.673737,1.816741,-4.085136,-1.126337
esp32-c3-004,8,72,21695,34.21793,-10.982203,32.08709,5.266364,-8.731442,-8.731442
esp32-c3-004,8,73,21715,20.501549,-7.584831,33.394325,7.823605,-8.731442,-8.731442
esp32-c3-004,8,74,21735,14.147338,-10.603919,36.430172,8.731176,-8.731442,-8.731442
esp32-c3-004,8,75,21755,9.07163,-27.001806,41.850647,8.731176,-8.731442,-8.731442
esp32-c3-004,8,76,21775,-21.394587,-61.401695,34.201172,8.731176,-8.731442,-8.731442
esp32-c3-004,8,77,21795,-77.20343,-59.716179,-18.873491,-2.294775,-8.731442,1.40026
esp32-c3-004,8,78,21815,-72.225883,-7.580042,-22.278048,-1.571862,6.952539,8.731176
esp32-c3-004,8,79,21835,-35.259407,-15.456966,17.925388,0.668021,8.731176,8.731176
esp32-c3-004,8,80,21855,-2.557007,2.458845,42.547359,-0.298172,8.731176,8.731176
esp32-c3-004,8,81,21875,27.581203,-12.176909,48.391605,0.415415,8.731176,8.731176
esp32-c3-004,8,82,21895,67.394386,-45.073242,37.919365,-0.996037,5.098493,8.731176
esp32-c3-004,8,83,21915,45.56884,-55.856724,16.603788,-5.535491,-6.844622,5.307932
esp32-c3-004,8,84,21935,26.376921,-58.210224,-5.358223,-5.540554,-5.987412,-8.731442
esp32-c3-004,8,85,21955,16.869545,-12.457031,20.664354,0.112447,-7.314395,-8.731442
esp32-c3-004,8,86,21975,5.858612,11.860875,40.306385,5.309531,-8.731442,-8.731442
esp32-c3-004,8,87,21995,-40.785225,-34.878731,24.514231,3.699565,-8.731442,-8.731442
esp32-c3-004,8,88,22015,-71.050331,-13.579912,-31.22039,-6.167541,-7.335979,8.731176
esp32-c3-004,8,89,22035,-49.610252,27.559656,-11.47062,0.357859,4.803785,8.731176
esp32-c3-004,8,90,22055,-19.948488,9.287108,6.83784,7.579525,8.731176,8.731176
esp32-c3-004,8,91,22075,5.808333,-12.672509,34.21793,8.731176,8.731176,7.997605
esp32-c3-004,8,92,22095,54.606953,-28.033709,43.988667,5.774775,8.731176,2.800254
esp32-c3-004,8,93,22115,72.352776,-28.464664,21.035456,0.168404,-2.539654,-4.120842
esp32-c3-004,8,94,22135,49.552792,-31.591492,12.485762,-0.899577,-8.731442,-6.449725
esp32-c3-004,8,95,22155,21.95483,-6.215348,19.479225,-0.438864,-8.731442,-8.731442
esp32-c3-004,8,96,22175,-1.355118,8.671799,31.270668,3.93645,-8.731442,-8.731442
esp32-c3-004,8,97,22195,-36.207512,-18.2917,21.796812,3.678514,-8.731442,-8.731442
esp32-c3-004,8,98,22215,-61.801529,-29.982588,-29.051243,-4.652435,-6.025516,-1.913467
esp32-c3-004,8,99,22235,-49.631802,-6.562507,-16.043545,-1.560138,4.141626,8.731176
esp32-c3-004,9,0,22365,25.098417,-15.435418,0.830788,-0.122306,-4.062753,-2.344603
esp32-c3-004,9,1,22384,15.899894,-7.323863,2.499547,0.079406,-5.254907,-5.134732
esp32-c3-004,9,2,22404,8.470686,2.760514,5.523423,1.297406,-6.42148,-6.949075
esp32-c3-004,9,3,22425,-1.628057,3.921702,5.142745,1.834861,-7.49852,-7.869969
esp32-c3-004,9,4,22444,-12.804191,-0.861913,-2.252944,0.767145,-6.395632,-5.828334
esp32-c3-004,9,5,22464,-20.262129,-2.674323,-14.760254,-2.294508,-3.078441,-0.928888
esp32-c3-004,9,6,22484,-16.867151,6.447585,-17.190369,-1.561204,0.738368,3.931654
esp32-c3-004,9,7,22504,-7.671022,9.215282,-9.399636,0.711988,3.915933,4.533859
esp32-c3-004,9,8,22524,1.510741,4.314352,-4.1707,1.882291,5.656732,3.539421
esp32-c3-004,9,9,22544,8.978256,0.184354,-0.651223,1.620092,5.801155,3.11841
esp32-c3-004,9,10,22564,14.551958,-1.338359,0.328006,0.519335,4.599142,2.781335
esp32-c3-004,9,11,22584,17.882292,-2.686294,-1.022324,-0.083936,3.118943,2.532726
esp32-c3-004,9,12,22605,17.899052,-3.471592,-2.877831,0.142291,2.05336,2.203378
esp32-c3-004,9,13,22624,16.096218,-3.873818,-3.102885,0.549979,1.314193,1.118077
esp32-c3-004,9,14,22644,15.107412,-4.144363,-2.877831,0.41808,0.455118,-0.000266
esp32-c3-004,9,15,22664,14.245501,-2.829947,-2.930503,0.171335,-0.274723,-0.478567
esp32-c3-004,9,16,22684,12.61026,-1.503559,-3.246537,0.155614,-0.695467,-0.777271
esp32-c3-004,9,17,22704,10.350134,-0.957681,-3.811569,0.184925,-0.77887,-1.242515
esp32-c3-004,9,18,22724,8.89446,-0.409408,-4.003105,0.255005,-0.686141,-1.753856
esp32-c3-004,9,19,22744,8.350976,-0.169988,-3.969586,0.182527,-0.503348,-1.835394
esp32-c3-004,9,20,22764,8.228871,0.155623,-3.787627,-0.050361,-0.316557,-1.330714
esp32-c3-004,9,21,22784,7.999028,1.371878,-3.624821,-0.263531,-0.195583,-0.722646
esp32-c3-004,9,22,22804,7.443573,3.244143,-3.303998,-0.084202,-0.098858,-0.501749
esp32-c3-004,9,23,22824,6.797139,4.07972,-2.918532,0.251541,-0.023182,-0.681345
esp32-c3-004,9,24,22844,6.914454,3.383007,-2.892196,0.382107,0.054092,-0.511342
esp32-c3-004,9,25,22864,7.625533,3.031059,-3.033453,0.183326,0.062352,0.407688
esp32-c3-004,9,26,22884,8.26239,3.248932,-3.301604,0.110582,0.11298,1.159645
esp32-c3-004,9,27,22904,9.279925,2.99754,-3.383007,0.322686,0.14309,1.495121
esp32-c3-004,9,28,22924,10.929531,3.380613,-2.463634,0.867335,0.010925,1.902542
esp32-c3-004,9,29,22944,11.221623,1.47004,-2.104503,1.168438,-0.355461,2.484496
esp32-c3-004,9,30,22964,8.753201,-1.266533,-3.569755,0.419412,-0.867335,3.482398
esp32-c3-004,9,31,22984,4.362236,0.708684,-6.390124,-0.195317,-1.150585,4.227694
esp32-c3-004,9,32,23004,-2.408567,3.876213,-9.481039,0.398628,-0.046897,4.726245
esp32-c3-004,9,33,23024,-7.208941,1.374272,-10.697293,1.558539,2.435467,5.989277
esp32-c3-004,9,34,23044,-7.012617,-3.270479,-7.041347,2.802652,5.172303,6.858745
esp32-c3-004,9,35,23064,-1.130063,-8.779537,1.489193,3.958833,7.003966,6.876064
esp32-c3-004,9,36,23084,8.169016,-20.520702,11.33894,4.795792,7.218202,6.798523
esp32-c3-004,9,37,23104,21.495142,-40.912117,21.856667,2.232956,4.14589,6.218168
esp32-c3-004,9,38,23124,21.942858,-49.129021,17.867928,-2.534858,-0.66136,-0.12204
esp32-c3-004,9,39,23144,14.348451,-41.29998,13.120225,-4.842156,-3.131467,-7.079375
esp32-c3-004,9,40,23164,13.460202,-20.219034,16.326061,-5.330049,-5.086769,-8.731442
esp32-c3-004,9,41,23184,11.731588,6.749255,23.851038,-2.721381,-8.731442,-8.731442
esp32-c3-004,9,42,23204,1.036689,11.985373,31.20842,1.558806,-8.731442,-8.731442
esp32-c3-004,9,43,23224,-35.958515,-13.395558,35.257015,3.045133,-8.731442,-8.731442
esp32-c3-004,9,44,23244,-78.453201,-26.408045,-22.40494,-7.384741,-8.731442,-3.643342
esp32-c3-004,9,45,23264,-78.453201,12.064383,-25.033773,-0.499884,6.561638,8.256873
esp32-c3-004,9,46,23284,-43.823467,-0.244209,18.016367,3.058456,8.731176,8.731176
esp32-c3-004,9,47,23304,-11.176133,7.951144,29.472624,2.657164,8.731176,8.731176
esp32-c3-004,9,48,23324,14.489709,-6.739678,42.81551,3.434968,8.731176,8.731176
esp32-c3-004,9,49,23344,50.141766,-36.899437,50.546387,0.754355,8.731176,8.731176
esp32-c3-004,9,50,23364,59.057774,-56.043472,28.237215,-2.199381,-2.625455,8.731176
esp32-c3-004,9,51,23384,28.893227,-60.649918,14.669273,-2.527397,-7.667191,-7.088968
esp32-c3-004,9,52,23404,18.497602,-27.669788,19.129671,-3.11841,-8.731442,-8.731442
esp32-c3-004,9,53,23424,10.682928,10.666168,30.559591,0.97392,-8.731442,-8.731442
esp32-c3-004,9,54,23444,-10.716447,-3.713407,37.78529,5.545617,-8.731442,-8.731442
esp32-c3-004,9,55,23464,-61.404091,-34.567486,12.593501,-2.794126,-8.731442,-2.969991
esp32-c3-004,9,56,23484,-72.537132,9.825804,-31.071949,-7.379945,-3.688107,8.731176
esp32-c3-004,9,57,23504,-51.935024,21.39698,-5.425261,2.676349,8.731176,8.731176
esp32-c3-004,9,58,23524,-22.170307,4.213795,11.547235,6.972524,8.731176,8.251544
esp32-c3-004,9,59,23544,0.131681,0.545878,36.145264,8.380245,8.731176,7.031945
esp32-c3-004,9,60,23564,34.311306,-28.526913,57.262123,4.132034,8.731176,8.731176
esp32-c3-004,9,61,23584,70.767815,-54.290916,33.51643,-3.116545,-0.458315,8.731176
esp32-c3-004,9,62,23604,34.476505,-53.381123,10.793061,-5.087035,-7.162778,-1.743464
esp32-c3-004,9,63,23625,20.211851,-39.106892,11.820174,-4.138163,-7.709292,-8.731442
esp32-c3-004,9,64,23644,11.822568,5.609614,25.519796,-1.947841,-8.731442,-8.731442
esp32-c3-004,9,65,23664,5.597643,14.271836,31.450233,3.557008,-8.731442,-8.731442
esp32-c3-004,9,66,23684,-19.577387,-20.1089,36.250607,6.048432,-8.731442,-8.731442
esp32-c3-004,9,67,23704,-62.507816,-43.710941,4.970363,-4.651902,-8.731442,-2.067749
esp32-c3-004,9,68,23725,-69.731125,-1.228225,-26.987442,-4.656165,-1.192153,8.731176
esp32-c3-004,9,69,23744,-47.153801,4.333505,-0.787692,1.687507,8.731176,7.637348
esp32-c3-004,9,70,23764,-20.683508,5.391742,19.61809,3.940447,8.731176,6.837428
esp32-c3-004,9,71,23784,-0.830788,9.320627,26.953922,2.480499,8.731176,5.413718
esp32-c3-004,9,72,23804,14.999674,-4.232949,34.794933,1.077308,8.731176,8.731176
esp32-c3-004,9,73,23824,33.925838,-33.099838,37.124493,-0.961663,8.731176,8.731176
esp32-c3-004,9,74,23844,40.339905,-53.053116,17.013197,-2.015522,0.648037,8.731176
esp32-c3-004,9,75,23864,20.728998,-65.213264,8.710106,-1.696567,-3.351299,-6.74683
esp32-c3-004,9,76,23884,13.429077,-41.867405,12.825739,-3.62842,-4.564769,-8.731442
esp32-c3-004,9,77,23904,15.674838,-3.143587,20.937294,-2.635314,-6.90724,-8.731442
esp32-c3-004,9,78,23925,9.878476,10.455479,26.408045,0.503348,-8.731442,-8.731442
esp32-c3-004,9,79,23944,-10.742783,-6.833052,27.210102,2.34487,-8.731442,-8.731442
esp32-c3-004,9,80,23964,-41.086895,-21.057003,9.89763,-4.318824,-8.731442,-3.389935
esp32-c3-004,9,81,23984,-44.220905,8.408437,-23.75527,-8.593415,-6.872601,7.02475
esp32-c3-004,9,82,24004,-28.431145,28.86689,-14.113819,-1.547614,1.963029,8.159081
esp32-c3-004,9,83,24024,-15.140931,16.591818,-6.179435,3.127203,5.757721,2.993706
esp32-c3-004,9,84,24044,-2.75812,5.355829,-2.147599,4.358793,7.494257,-0.621923
esp32-c3-004,9,85,24064,8.348581,1.400608,0.459687,3.942845,8.123908,-2.611865
esp32-c3-004,9,86,24084,20.566193,-0.80924,2.913743,1.988876,6.882459,-0.862273
esp32-c3-004,9,87,24104,30.387207,1.328782,2.576161,-0.176398,3.787764,4.073945
esp32-c3-004,9,88,24124,30.966604,5.12838,1.278504,0.694401,0.524132,5.822738
esp32-c3-004,9,89,24144,27.655424,-3.62961,1.594538,1.894015,-2.615063,2.062686
esp32-c3-004,9,90,24164,23.96596,-13.256695,1.300052,1.769577,-4.917032,-2.120508
esp32-c3-004,9,91,24184,14.817715,-11.192893,4.886566,0.937948,-7.180631,-5.081173
esp32-c3-004,9,92,24204,-8.355764,-12.275072,8.099585,-0.584352,-8.731442,-4.58049
esp32-c3-004,9,93,24224,-44.457932,0.234632,-11.48738,-5.51071,-5.229859,1.875896
esp32-c3-004,9,94,24244,-52.57188,10.879252,-27.899632,-3.863972,3.642276,6.149155
esp32-c3-004,9,95,24264,-36.846764,3.268085,-1.242591,1.504714,8.731176,6.466511
esp32-c3-004,9,96,24284,-14.765042,0.342371,18.301277,3.275623,8.731176,7.064187
esp32-c3-004,9,97,24304,7.388506,1.525106,32.020054,3.096028,8.731176,7.389804
esp32-c3-004,9,98,24324,32.441433,-6.79235,41.149143,3.601507,8.731176,4.302836
esp32-c3-004,9,99,24344,60.482323,-20.90617,32.350452,1.548414,1.579589,-5.957302
esp32-c3-004,10,0,24465,-20.712238,-67.085533,-23.312342,-4.814977,-7.728211,-8.731442
esp32-c3-004,10,1,24484,-32.738316,-37.68713,-7.170634,-8.731442,-4.526398,-7.419382
esp32-c3-004,10,2,24504,-42.274418,7.417237,17.257406,-8.381044,-0.929155,-5.188824
esp32-c3-004,10,3,24525,-35.764584,59.850254,21.231781,-4.768079,1.168971,-8.731442
esp32-c3-004,10,4,24545,-30.949846,41.151539,6.184223,1.340306,2.169538,-8.731442
esp32-c3-004,10,5,24564,-30.837318,15.660473,-5.638345,1.212671,2.037639,2.440263
esp32-c3-004,10,6,24584,-17.757793,3.646369,-0.014365,2.474371,2.710723,8.731176
esp32-c3-004,10,7,24604,1.146823,-13.936648,-2.573767,3.911936,2.237485,8.731176
esp32-c3-004,10,8,24624,3.495534,-16.960526,-5.355829,3.509311,-0.085801,8.731176
esp32-c3-004,10,9,24644,5.537788,-15.586253,-9.004593,-0.858009,-1.133531,5.048665
esp32-c3-004,10,10,24664,4.642357,-13.922283,-19.230228,-3.251375,0.334677,-3.299871
esp32-c3-004,10,11,24684,-1.975216,-8.983045,-11.32218,-6.05989,2.058956,-7.285084
esp32-c3-004,10,12,24704,-22.021868,7.144298,4.443638,-4.80272,2.730707,-4.887455
esp32-c3-004,10,13,24724,-18.083405,36.34877,16.321274,-0.585951,1.492989,4.437133
esp32-c3-004,10,14,24744,-4.944026,31.083921,3.124433,-3.859709,0.092729,8.731176
esp32-c3-004,10,15,24764,3.596091,28.136658,3.670311,0.002931,0.321887,8.731176
esp32-c3-004,10,16,24784,20.374657,15.492879,4.209007,4.16241,1.084769,1.890285
esp32-c3-004,10,17,24804,24.169466,0.076614,-0.52433,5.415317,-0.20944,-6.524601
esp32-c3-004,10,18,24824,15.543158,-10.666168,-3.148375,5.072913,-1.841522,-8.018389
esp32-c3-004,10,19,24844,1.936909,-21.559786,-8.001422,1.091697,-2.512741,-5.292212
esp32-c3-004,10,20,24865,-13.187263,-10.508151,-11.638214,-3.367819,-2.798656,0.83909
esp32-c3-004,10,21,24884,-12.864046,17.657238,-2.506729,-2.849283,-0.671219,5.12434
esp32-c3-004,10,22,24904,-1.237802,27.617117,3.82354,-0.184658,1.887354,5.340174
esp32-c3-004,10,23,24924,10.187328,24.700979,2.39899,1.736003,2.006995,2.29291
esp32-c3-004,10,24,24944,18.765753,23.760057,1.462857,3.491724,0.448989,-2.268129
esp32-c3-004,10,25,24964,16.27339,20.116083,2.961627,6.201382,-1.142058,-6.515541
esp32-c3-004,10,26,24984,11.592725,4.041412,5.865794,8.044235,-1.66539,-8.731442
esp32-c3-004,10,27,25004,1.580173,-24.356215,-2.082955,5.310863,-2.728576,-5.877629
esp32-c3-004,10,28,25024,-20.396204,-39.844303,-21.361067,-2.203378,-4.790729,1.903874
esp32-c3-004,10,29,25044,-25.98427,-19.285295,-16.642096,-6.208576,-1.067982,7.88649
esp32-c3-004,10,30,25064,-14.257471,-5.145139,-2.346318,-6.602141,4.512009,5.873099
esp32-c3-004,10,31,25084,-2.176329,15.368381,8.221688,-4.825102,6.612533,3.413917
esp32-c3-004,10,32,25104,14.463372,34.723106,18.076223,-2.558573,5.62902,6.105988
esp32-c3-004,10,33,25124,26.958712,32.678459,9.627085,-2.100257,1.022417,8.731176
esp32-c3-004,10,34,25144,36.164417,27.439945,6.464345,2.616662,-2.019786,6.1329
esp32-c3-004,10,35,25164,34.579456,10.290278,8.3821,5.904275,-4.845088,-0.693602
esp32-c3-004,10,36,25184,19.519926,-3.900155,12.797009,7.622159,-7.041537,-5.284484
esp32-c3-004,10,37,25204,-2.365471,-22.646753,12.797009,7.200349,-7.386873,-6.758821
esp32-c3-004,10,38,25224,-32.867599,-40.162735,-9.284714,-1.981681,-6.360459,-2.131433
esp32-c3-004,10,39,25244,-43.519405,-21.006725,-25.289953,-5.458217,-1.887354,5.699632
esp32-c3-004,10,40,25264,-27.188555,-3.110068,-5.631162,-5.613032,4.463779,8.380245
esp32-c3-004,10,41,25284,-4.146757,13.486538,8.137892,-3.881825,7.687709,8.731176
esp32-c3-004,10,42,25304,20.57098,29.144617,17.032351,-1.004031,8.183063,6.913902
esp32-c3-004,10,43,25324,42.923248,24.035391,9.794679,0.606735,2.277721,2.750959
esp32-c3-004,10,44,25344,37.751774,16.876728,4.900931,3.363822,-2.958266,-2.214037
esp32-c3-004,10,45,25364,27.202919,0.354342,3.502717,4.937017,-5.060389,-6.694603
esp32-c3-004,10,46,25384,8.228871,-14.20001,2.602497,4.431804,-6.514475,-6.095063
esp32-c3-004,10,47,25404,-18.471266,-19.977219,-3.998317,-0.527862,-5.524567,-1.88762
esp32-c3-004,10,48,25424,-36.0471,-5.125986,-20.508732,-4.177599,-1.748793,4.109384
esp32-c3-004,10,49,25444,-24.885332,7.936779,-9.785102,-2.408821,3.610567,5.305001
esp32-c3-004,10,50,25464,-4.522647,12.47858,-0.684742,-0.949939,6.985314,4.75902
esp32-c3-004,10,51,25484,18.327614,23.695414,13.977349,2.69207,7.976021,4.408089
esp32-c3-004,10,52,25504,40.265686,21.236568,12.739547,2.429338,2.961464,1.540153
esp32-c3-004,10,53,25524,38.386234,11.705252,6.138733,3.803752,-2.78027,-1.497253
esp32-c3-004,10,54,25544,28.663383,-3.53863,3.548207,4.491225,-5.964496,-4.355596
esp32-c3-004,10,55,25564,8.90643,-14.094666,5.370194,4.592481,-7.622426,-6.571764
esp32-c3-004,10,56,25584,-18.009186,-25.687389,-1.266533,0.594744,-6.29038,-4.980184
esp32-c3-004,10,57,25604,-39.463627,-18.016367,-26.472689,-5.227194,-1.691504,0.780469
esp32-c3-004,10,58,25624,-29.412767,-5.142745,-14.966155,-4.225828,4.426741,2.459982
esp32-c3-004,10,59,25644,-9.004593,6.10282,0.361524,-3.591914,7.355963,1.744263
esp32-c3-004,10,60,25664,11.432313,27.849354,17.329231,-1.059455,7.517706,2.002465
esp32-c3-004,10,61,25684,29.192501,31.36883,12.026075,-1.179896,2.810113,2.401893
esp32-c3-004,10,62,25704,27.825413,22.213404,3.866636,1.82287,-1.321387,1.541219
esp32-c3-004,10,63,25724,22.428881,6.138733,1.173159,3.615363,-3.603372,-0.9566
esp32-c3-004,10,64,25744,11.525687,-5.544971,-0.572214,3.167173,-5.11901,-1.673118
esp32-c3-004,10,65,25764,-1.781286,-10.359711,-4.690241,0.749292,-5.118744,-1.019752
esp32-c3-004,10,66,25784,-12.871228,-9.576807,-13.845669,-2.754422,-3.377412,-0.0437
esp32-c3-004,10,67,25804,-17.695545,1.369483,-13.400347,-2.710723,-0.134564,0.084469
esp32-c3-004,10,68,25824,-13.292608,10.192117,-8.714894,-1.649136,2.738168,-0.289112
esp32-c3-004,10,69,25844,-1.154005,18.155231,-1.419762,-0.084469,3.764582,0.640043
esp32-c3-004,10,70,25864,12.576741,22.788012,3.045424,0.819372,2.881259,3.378211
esp32-c3-004,10,71,25884,20.724211,19.175161,1.067814,1.799155,0.344003,3.744331
esp32-c3-004,10,72,25904,19.661184,9.821015,-0.402226,2.943078,-2.065884,1.076775
esp32-c3-004,10,73,25924,11.36767,-4.043807,-3.057395,2.475436,-3.620692,-1.581455
esp32-c3-004,10,74,25944,-4.288015,-14.853627,-9.382876,0.514805,-3.784034,-2.277188
esp32-c3-004,10,75,25964,-17.863138,-17.894264,-19.682732,-3.235654,-1.406922,-1.596643
esp32-c3-004,10,76,25985,-18.121712,-9.78989,-16.75223,-5.225595,2.636113,-0.026646
esp32-c3-004,10,77,26004,-10.326192,-0.07422,-5.193024,-5.249844,5.888288,0.23049
esp32-c3-004,10,78,26024,1.661576,22.369026,9.19134,-0.945942,6.449725,0.111914
esp32-c3-004,10,79,26044,16.081852,35.25462,12.346898,-0.418346,3.630818,0.735436
esp32-c3-004,10,80,26064,18.713081,26.137501,2.231396,0.254205,0.009859,1.832462
esp32-c3-004,10,81,26084,15.545551,17.255013,0.105345,2.331014,-1.167372,-0.279253
esp32-c3-004,10,82,26104,11.915942,8.480263,-0.682347,3.0017,-1.692037,-1.997669
esp32-c3-004,10,83,26124,6.742072,-1.357512,-2.396596,2.782668,-2.232423,-1.312061
esp32-c3-004,10,84,26144,-0.454898,-7.007828,-6.023811,0.913433,-2.412551,-0.029311
esp32-c3-004,10,85,26164,-5.492299,-8.607155,-13.323732,-2.064818,-1.359225,0.443926
esp32-c3-004,10,86,26184,-5.185841,-4.936844,-13.426683,-3.049397,0.638444,0.124971
esp32-c3-004,10,87,26204,-3.924097,5.525817,-6.639122,-2.339807,2.551645,-0.943277
esp32-c3-004,10,88,26224,3.907337,22.747311,3.837905,0.949939,3.028346,-1.192686
esp32-c3-004,10,89,26244,9.591172,25.096022,5.035006,1.917198,1.536689,1.146588
esp32-c3-004,10,90,26264,11.061212,18.856733,-1.491588,1.983813,-0.452187,3.013424
esp32-c3-004,10,91,26284,9.854534,12.768278,-2.851494,2.898046,-1.030943,1.664325
esp32-c3-004,10,92,26304,9.184157,2.856283,-4.477157,2.981982,-1.233988,-0.319489
esp32-c3-004,10,93,26324,4.76925,-6.112397,-7.824251,1.782101,-1.311262,-0.793525
esp32-c3-004,10,94,26344,-0.052672,-10.520123,-12.411542,-0.832429,-1.018686,-0.643507
esp32-c3-004,10,95,26364,-2.920926,-9.569624,-12.899959,-3.233256,0.348266,-0.756753
esp32-c3-004,10,96,26385,-2.801216,-2.549825,-7.999028,-4.679081,2.407489,-1.365354
esp32-c3-004,10,97,26404,-0.124498,15.227123,0.177171,-2.300904,3.527164,-1.980616
esp32-c3-004,10,98,26424,9.746795,33.506851,8.377312,2.550312,2.551645,-1.279553
esp32-c3-004,10,99,26444,11.877635,23.980324,2.078167,2.69207,-0.124971,1.971556
esp32-c3-004,11,0,26544,-6.428432,-15.976508,-17.118542,-2.533792,-1.153783,1.150851
esp32-c3-004,11,1,26563,-6.737284,-10.297462,-13.314156,-4.261002,1.204943,1.284083
esp32-c3-004,11,2,26583,-3.330335,-0.452504,-6.454768,-4.794193,3.36702,0.428738
esp32-c3-004,11,3,26604,4.182671,18.171991,3.593697,-1.579323,3.895149,-0.858276
esp32-c3-004,11,4,26623,12.713211,25.843014,6.416461,0.296306,2.123173,-0.485495
esp32-c3-004,11,5,26643,12.650962,19.893421,-0.667982,0.534524,-0.306965,0.72691
esp32-c3-004,11,6,26663,9.112331,15.543158,-2.537854,1.392267,-1.30913,-0.539853
esp32-c3-004,11,7,26683,7.994239,10.785878,-3.414132,2.108251,-1.330714,-2.285715
esp32-c3-004,11,8,26703,6.232107,3.423708,-4.663905,2.357927,-1.165507,-2.77121
esp32-c3-004,11,9,26723,4.43885,-2.011129,-7.173028,0.983779,-1.185492,-1.523632
esp32-c3-004,11,10,26743,1.25935,-2.813187,-10.419566,-1.224928,-0.916897,0.067948
esp32-c3-004,11,11,26763,-0.608127,1.745373,-8.702923,-1.292077,0.029577,0.500417
esp32-c3-004,11,12,26783,0.383072,7.417237,-5.427655,-0.990974,0.758086,0.187057
esp32-c3-004,11,13,26803,2.221819,11.221623,-3.514688,-0.520668,0.739433,0.105786
esp32-c3-004,11,14,26823,3.457227,13.606248,-3.306392,0.036772,0.3917,0.467375
esp32-c3-004,11,15,26843,3.392584,14.161703,-4.187459,0.721047,0.174,0.909703
esp32-c3-004,11,16,26863,3.294421,13.144167,-4.855441,1.31366,0.232888,0.585685
esp32-c3-004,11,17,26883,3.560178,10.642226,-5.030218,1.689106,0.329881,-0.050894
esp32-c3-004,11,18,26903,2.899378,6.876147,-4.462792,1.93132,0.297106,-0.765547
esp32-c3-004,11,19,26923,-2.746149,0.42138,-5.509058,1.107152,0.173467,-0.162542
esp32-c3-004,11,20,26943,-6.593631,-3.632004,-10.352529,-1.325917,0.571562,2.41042
esp32-c3-004,11,21,26963,-1.711854,-3.847482,-12.617443,-2.251075,1.878827,3.651335
esp32-c3-004,11,22,26983,3.883395,-2.264915,-6.761226,-2.458383,4.076343,3.45442
esp32-c3-004,11,23,27003,16.668432,6.241684,2.269703,-1.612631,4.983381,3.060854
esp32-c3-004,11,24,27023,36.375107,21.566969,13.4195,0.515605,1.790628,1.459948
esp32-c3-004,11,25,27043,34.849998,23.166296,9.205706,1.763982,-2.999835,0.35626
esp32-c3-004,11,26,27063,25.045744,12.825739,9.500193,5.035874,-5.670854,-3.058456
esp32-c3-004,11,27,27083,15.828068,0.656011,10.129868,6.651969,-7.82174,-6.69407
esp32-c3-004,11,28,27103,0.617704,-17.424999,10.742783,7.363424,-8.459651,-7.152386
esp32-c3-004,11,29,27124,-22.483948,-33.162086,-2.379837,0.131632,-7.573929,-3.731274
esp32-c3-004,11,30,27143,-37.675159,-23.769634,-23.769634,-3.974554,-2.973455,0.529461
esp32-c3-004,11,31,27163,-33.533188,-9.78989,-10.704475,-4.424609,2.939614,1.829531
esp32-c3-004,11,32,27183,-18.054674,-0.538695,-0.339977,-5.583722,5.051063,2.501816
esp32-c3-004,11,33,27203,-4.666299,13.888764,4.707001,-5.982882,5.716952,4.177599
esp32-c3-004,11,34,27223,11.7268,22.811954,6.988675,-4.569831,5.827268,6.431072
esp32-c3-004,11,35,27243,27.57402,24.384945,9.136273,-1.776772,3.909271,7.049798
esp32-c3-004,11,36,27263,35.994427,22.091299,7.271191,0.988309,0.103654,2.946276
esp32-c3-004,11,37,27283,31.794998,10.429143,5.657499,4.27166,-2.502882,-2.912968
esp32-c3-004,11,38,27304,22.632389,0.955287,4.525041,5.860043,-4.347868,-5.681513
esp32-c3-004,11,39,27323,11.513716,-4.469975,5.38456,6.432671,-5.52803,-6.487828
esp32-c3-004,11,40,27343,-1.436521,-15.674838,5.353435,6.011926,-5.796891,-6.304769
esp32-c3-004,11,41,27363,-17.494432,-25.498249,-5.05416,-0.080472,-5.362291,-2.805317
esp32-c3-004,11,42,27383,-27.535713,-18.928558,-23.127989,-4.644441,-3.029945,1.680579
esp32-c3-004,11,43,27403,-22.881386,-5.32231,-13.43626,-5.164576,1.248643,2.559106
esp32-c3-004,11,44,27423,-11.961432,5.492299,-4.821922,-5.01509,4.048631,1.717884
esp32-c3-004,11,45,27443,-0.687136,19.996372,3.950433,-3.537289,5.046266,1.266496
esp32-c3-004,11,46,27463,11.892,28.318617,5.758055,-2.098392,4.046233,2.245479
esp32-c3-004,11,47,27483,19.409794,25.074474,1.807622,-1.125804,1.333645,3.628153
esp32-c3-004,11,48,27503,17.599777,18.923771,-0.452504,0.713587,-0.549446,1.884956
esp32-c3-004,11,49,27523,14.595054,12.670115,-1.194707,2.226294,-1.576126,-1.317391
esp32-c3-004,11,50,27543,10.364499,4.671088,-1.587356,3.290012,-2.218833,-3.35876
esp32-c3-004,11,51,27563,2.964022,-5.030218,-5.245696,1.993672,-2.628919,-2.694469
esp32-c3-004,11,52,27583,-7.129933,-8.128315,-12.160151,-1.712821,-2.578291,0.163075
esp32-c3-004,11,53,27603,-14.738706,2.667141,-13.383588,-2.396031,-0.900377,1.847651
esp32-c3-004,11,54,27623,-10.098742,11.765107,-7.704541,-1.143391,1.557207,0.933418
esp32-c3-004,11,55,27643,-0.979228,16.613365,-2.090138,-0.033574,2.549779,0.94461
esp32-c3-004,11,56,27663,7.78355,19.603724,0.873884,0.344003,1.828998,2.272925
esp32-c3-004,11,57,27683,13.034034,17.094601,-0.1652,1.39573,0.281917,2.262799
esp32-c3-004,11,58,27703,13.347674,11.669339,-1.170765,2.485828,-1.161776,0.383706
esp32-c3-004,11,59,27723,10.448297,3.44765,-2.882619,3.079507,-1.949173,-1.409054
esp32-c3-004,11,60,27743,4.910508,-7.568071,-7.12275,2.036573,-2.367519,-1.633681
esp32-c3-004,11,61,27763,-3.730166,-15.478514,-14.484921,-1.686441,-2.310496,-0.047697
esp32-c3-004,11,62,27783,-11.161768,-11.042058,-14.638149,-4.478435,-0.856943,0.904107
esp32-c3-004,11,63,27803,-12.607866,-0.646434,-9.064447,-5.360693,1.791427,0.48656
esp32-c3-004,11,64,27823,-8.470686,15.466543,1.007959,-2.746429,3.623357,-0.095394
esp32-c3-004,11,65,27843,0.744597,27.387274,7.12275,-1.422377,3.87543,0.706126
esp32-c3-004,11,66,27863,9.674969,26.865337,2.975993,-0.748227,1.930521,3.025415
esp32-c3-004,11,67,27883,11.360487,20.819979,0.794875,1.414649,0.300303,2.145822
esp32-c3-004,11,68,27903,11.228806,14.829685,0.009577,2.821305,-0.388769,-1.001632
esp32-c3-004,11,69,27924,9.643845,6.071695,-1.462857,3.810414,-0.349865,-3.154916
esp32-c3-004,11,70,27943,6.409278,-4.845864,-4.367024,3.624956,-0.567565,-3.54555
esp32-c3-004,11,71,27963,-1.30484,-16.749836,-12.595895,-0.193985,-0.803917,-2.762417
esp32-c3-004,11,72,27983,-5.916072,-16.871939,-18.037916,-4.28898,-0.183859,-1.927856
esp32-c3-004,11,73,28003,-6.892907,-6.378153,-9.473856,-6.253341,2.143424,-1.344836
esp32-c3-004,11,74,28023,-9.691729,9.129091,1.199495,-4.618861,4.019587,-1.082637
esp32-c3-004,11,75,28043,0.572214,41.860222,11.101913,1.12607,5.177099,-0.860141
esp32-c3-004,11,76,28063,6.861782,40.806774,9.179369,2.659562,3.818141,0.853213
esp32-c3-004,11,77,28083,18.107347,37.342365,9.710882,5.34577,1.8274,0.35173
esp32-c3-004,11,78,28103,18.696321,25.110388,15.011644,8.731176,-0.318689,-4.083538
esp32-c3-004,11,79,28123,13.893553,4.390966,15.286978,8.731176,-0.898511,-4.267396
esp32-c3-004,11,80,28143,11.992557,-28.632257,4.278439,7.560606,-1.850315,-0.953403
esp32-c3-004,11,81,28163,6.46195,-57.329159,-25.811888,-1.749859,-6.395632,2.896447
esp32-c3-004,11,82,28183,-8.765172,-43.198582,-22.687456,-8.731442,-6.401761,4.058756
esp32-c3-004,11,83,28203,-22.807165,-15.59583,2.925714,-8.731442,-1.209473,3.783501
esp32-c3-004,11,84,28223,-29.451075,37.952885,22.816742,-7.60324,2.930288,2.636113
esp32-c3-004,11,85,28244,-6.105214,47.024517,13.496115,-3.628153,4.977252,1.388802
esp32-c3-004,11,86,28263,16.041151,42.662281,10.25676,-0.414349,3.023017,2.360591
esp32-c3-004,11,87,28283,22.754494,36.147655,13.596671,5.115547,0.087933,-0.000266
esp32-c3-004,11,88,28303,14.820108,19.225439,14.721947,8.731176,-1.290744,-2.971056
esp32-c3-004,11,89,28323,8.2169,-11.678916,7.345411,8.731176,-0.238484,-2.888187
esp32-c3-004,11,90,28343,5.363012,-38.556225,-15.636531,1.573994,-1.433035,-0.437798
esp32-c3-004,11,91,28363,-2.063802,-30.540438,-23.578098,-4.025981,-2.657164,1.113547
esp32-c3-004,11,92,28383,-9.576807,-10.891224,-10.160992,-5.916,-0.85721,0.849482
esp32-c3-004,11,93,28403,-12.662932,10.833763,2.772485,-4.926092,-0.209706,0.781002
esp32-c3-004,11,94,28423,-7.596802,27.485435,4.752491,-4.007063,1.034141,2.301436
esp32-c3-004,11,95,28443,3.677494,29.393614,3.847482,-1.731207,1.350698,3.462147
esp32-c3-004,11,96,28463,8.990228,24.75844,2.47321,1.237718,0.961663,2.218833
esp32-c3-004,11,97,28483,9.706094,17.441759,2.080561,3.323586,0.071412,-0.468441
esp32-c3-004,11,98,28503,7.508216,7.548918,0.335188,3.842123,-0.219565,-2.858876
esp32-c3-004,11,99,28523,5.688623,-3.981557,-6.428432,2.316092,0.134564,-2.603072
esp32-c3-004,12,0,28666,4.88896,20.183121,1.666364,3.41072,0.10472,0.16494
esp32-c3-004,12,1,28685,5.614403,11.877635,1.256956,4.399295,-0.144423,-2.083737
esp32-c3-004,12,2,28706,3.416526,-0.653617,-2.090138,3.393133,-0.044766,-3.040337
esp32-c3-004,12,3,28725,2.183512,-14.449007,-11.784261,0.296306,-0.176665,-1.721348
esp32-c3-004,12,4,28745,-1.04866,-20.470425,-17.379511,-3.861574,-0.423942,0.949939
esp32-c3-004,12,5,28765,-6.019023,-10.390836,-7.800309,-6.614931,0.877727,1.092763
esp32-c3-004,12,6,28785,-8.631097,5.865794,2.202666,-6.46358,1.755455,1.280352
esp32-c3-004,12,7,28805,3.488352,33.576286,13.22557,-3.353164,2.430937,2.96706
esp32-c3-004,12,8,28825,18.926165,41.525036,9.967062,1.148187,1.036273,3.837326
esp32-c3-004,12,9,28846,21.037849,39.877823,15.600618,4.967927,-2.081871,1.533225
esp32-c3-004,12,10,28865,9.888053,24.940399,16.275784,8.731176,-3.588184,-1.823403
esp32-c3-004,12,11,28885,4.51307,3.359065,14.525621,8.731176,-3.193286,-3.533559
esp32-c3-004,12,12,28905,0.038307,-26.968288,0.021548,5.69004,-2.984113,-1.327783
esp32-c3-004,12,13,28925,-9.97185,-43.019016,-26.187778,-1.780502,-3.925525,1.693369
esp32-c3-004,12,14,28945,-17.010803,-27.504589,-22.220587,-6.195252,-0.940879,2.819973
esp32-c3-004,12,15,28965,-16.402676,-8.367735,-3.696647,-7.440432,2.528196,2.61826
esp32-c3-004,12,16,28985,-10.795456,18.854338,11.224017,-6.629054,3.600974,2.913234
esp32-c3-004,12,17,29005,7.759608,35.508404,11.654974,-3.405391,4.740101,3.505314
esp32-c3-004,12,18,29025,27.030537,34.620155,11.702858,0.250208,1.714686,3.001433
esp32-c3-004,12,19,29045,25.4767,27.078421,11.331757,4.137363,-1.635547,-1.093029
esp32-c3-004,12,20,29065,15.871163,17.257406,10.635044,6.957602,-2.921495,-3.988943
esp32-c3-004,12,21,29085,8.750807,0.021548,7.920019,7.582456,-2.806383,-4.54132
esp32-c3-004,12,22,29105,1.189918,-24.875755,-7.991845,3.256438,-3.241516,-2.002732
esp32-c3-004,12,23,29125,-12.018892,-33.377567,-26.927586,-3.54555,-3.712355,1.697366
esp32-c3-004,12,24,29145,-17.987637,-15.957355,-16.445772,-6.66849,-0.159345,2.969724
esp32-c3-004,12,25,29165,-16.927006,3.572149,0.351948,-6.10359,2.868469,2.897779
esp32-c3-004,12,26,29185,-5.916072,31.297005,14.097059,-4.220233,4.445926,1.878561
esp32-c3-004,12,27,29205,11.832145,34.622551,9.933543,-0.489225,4.515739,1.304334
esp32-c3-004,12,28,29225,24.143129,30.724791,10.230424,2.347002,1.40932,-0.433268
esp32-c3-004,12,29,29245,19.958065,23.657106,9.284714,5.27196,-1.402392,-2.137029
esp32-c3-004,12,30,29265,11.140221,14.085089,8.219295,7.320258,-2.467709,-3.383274
esp32-c3-004,12,31,29285,7.13951,-0.275333,6.459556,7.889421,-2.502083,-3.932453
esp32-c3-004,12,32,29305,1.855506,-22.914904,-5.906496,4.205311,-2.752291,-2.13543
esp32-c3-004,12,33,29325,-11.137826,-36.758179,-26.54212,-3.173301,-3.527963,1.232123
esp32-c3-004,12,34,29345,-17.606958,-19.002779,-17.559074,-7.644276,-0.398361,2.802652
esp32-c3-004,12,35,29366,-17.592594,2.082955,0.802058,-6.924027,3.185292,3.085103
esp32-c3-004,12,36,29385,-5.396531,34.751839,16.606182,-4.705727,5.107286,1.855112
esp32-c3-004,12,37,29405,13.453019,38.99197,11.264719,-1.318989,4.085403,2.727243
esp32-c3-004,12,38,29425,26.57085,35.759796,10.955867,2.276922,0.314159,1.405057
esp32-c3-004,12,39,29445,19.761742,26.829424,11.60709,6.49822,-2.007795,-1.957433
esp32-c3-004,12,40,29465,12.366052,12.559982,11.48738,8.731176,-2.60627,-4.135498
esp32-c3-004,12,41,29485,8.224083,-9.813833,7.412448,8.707727,-2.225228,-3.80162
esp32-c3-004,12,42,29505,1.113304,-35.860352,-10.33098,2.516738,-3.616695,-0.715452
esp32-c3-004,12,43,29525,-11.678916,-35.848381,-27.382484,-4.772609,-4.34094,1.858842
esp32-c3-004,12,44,29545,-15.102624,-20.266918,-12.258312,-8.731442,-1.038937,1.917464
esp32-c3-004,12,45,29565,-18.897434,-2.485181,5.793968,-8.731442,2.516205,2.211639
esp32-c3-004,12,46,29585,-14.4107,35.261803,17.685968,-5.711624,4.312429,1.947308
esp32-c3-004,12,47,29605,3.174711,39.535454,9.991004,-1.390934,4.652168,0.254738
esp32-c3-004,12,48,29625,13.40753,28.323406,7.515399,1.748527,2.453054,-0.346668
esp32-c3-004,12,49,29645,15.263036,21.942858,6.742072,3.790695,0.630983,-1.429038
esp32-c3-004,12,50,29665,11.410766,15.284584,5.963956,5.609302,-0.377844,-2.969191
esp32-c3-004,12,51,29685,9.287108,6.100426,5.683835,6.772943,-0.650701,-4.694802
esp32-c3-004,12,52,29705,9.605537,-6.38773,2.636016,6.817176,-0.424208,-5.358827
esp32-c3-004,12,53,29725,9.270349,-18.382681,-5.386954,4.775274,-1.346968,-3.685176
esp32-c3-004,12,54,29745,5.003881,-22.857443,-14.089877,-0.286714,-3.449357,-1.580655
esp32-c3-004,12,55,29765,-3.643975,-18.595764,-12.887988,-4.482166,-4.209042,-1.573195
esp32-c3-004,12,56,29785,-12.435484,-11.123461,-5.951985,-6.210974,-3.140793,-3.027813
esp32-c3-004,12,57,29805,-19.160797,-2.724602,-0.466869,-6.427608,-1.105553,-3.641476
esp32-c3-004,12,58,29825,-24.463953,12.629414,2.078167,-5.129669,0.843887,-2.36592
esp32-c3-004,12,59,29845,-18.528727,19.395428,1.18513,-3.908738,2.705394,-1.793293
esp32-c3-004,12,60,29865,-11.743559,15.251065,-1.252167,-3.037939,3.463479,-3.681446
esp32-c3-004,12,61,29885,-6.169858,11.233594,-3.873818,-3.077642,3.064052,-3.960432
esp32-c3-004,12,62,29905,-6.593631,8.027759,-5.640739,-3.509044,2.587884,-2.769078
esp32-c3-004,12,63,29925,-10.747571,11.324574,-6.291962,-3.616962,1.758119,-1.040802
esp32-c3-004,12,64,29945,-10.108319,16.692375,-4.359841,-2.713654,1.358959,0.768744
esp32-c3-004,12,65,29965,-10.108319,15.866375,-3.337517,-0.916364,2.001666,0.4346
esp32-c3-004,12,66,29985,-11.540052,11.980585,-3.385401,-0.129767,2.7403,-1.373614
esp32-c3-004,12,67,30005,-12.320562,9.215282,-3.294421,-0.528129,3.232723,-1.715485
esp32-c3-004,12,68,30025,-11.451467,8.743625,-1.843535,-1.041069,3.378478,-1.033874
esp32-c3-004,12,69,30045,-9.483433,11.092337,0.866701,-0.94008,3.098426,-0.411152
esp32-c3-004,12,70,30065,-7.295133,10.979809,2.102109,-1.363489,3.749927,-0.51374
esp32-c3-004,12,71,30085,-8.576031,9.040505,2.674323,0.047963,3.319856,-0.948606
esp32-c3-004,12,72,30105,-9.339781,8.772355,3.076549,0.572361,2.832496,-1.172701
esp32-c3-004,12,73,30125,-9.459491,9.536105,3.445256,0.766613,2.750426,-1.071179
esp32-c3-004,12,74,30145,-8.449138,8.777143,3.579332,1.29554,2.533792,-0.76155
esp32-c3-004,12,75,30165,-9.184157,8.597578,3.160346,2.10159,2.472239,-0.762616
esp32-c3-004,12,76,30185,-9.011775,7.70933,2.712631,2.434135,2.713654,-0.611531
esp32-c3-004,12,77,30205,-8.365341,7.754819,2.183512,2.259069,3.27589,-0.568631
esp32-c3-004,12,78,30225,-8.523358,7.323863,0.962469,1.860441,3.065651,0.762083
esp32-c3-004,12,79,30245,-6.289568,7.141904,0.663194,2.161011,2.428006,1.967026
esp32-c3-004,12,80,30265,-3.066972,4.984728,-0.016759,2.613997,2.164208,1.628885
esp32-c3-004,12,81,30285,-0.102951,0.445322,-2.628834,2.053093,1.695234,1.061054
esp32-c3-004,12,82,30305,3.20823,-2.930503,-4.733337,1.050395,0.569697,0.746628
esp32-c3-004,12,83,30325,5.712565,-6.476315,-8.710106,-0.109516,-1.273424,1.356294
esp32-c3-004,12,84,30345,6.361394,-6.955156,-9.995792,-1.659795,-2.936949,2.504481
esp32-c3-004,12,85,30365,0.270545,-5.044583,-10.465055,-3.304401,-3.424043,2.787198
esp32-c3-004,12,86,30385,-8.025364,2.355895,-9.064447,-3.903142,-2.56177,1.552144
esp32-c3-004,12,87,30405,-8.394072,7.216124,-9.205706,-2.554842,-0.550778,-0.387969
esp32-c3-004,12,88,30425,-4.944026,5.762844,-9.078813,-0.440995,0.762882,-1.571596
esp32-c3-004,12,89,30445,-2.956839,5.74369,-7.838616,0.593412,1.275822,-2.030444
esp32-c3-004,12,90,30465,-3.6751,6.605602,-7.740454,1.32192,1.269161,-1.976885
esp32-c3-004,12,91,30486,-5.315128,7.541735,-8.520964,1.080772,0.855078,-1.03121
esp32-c3-004,12,92,30505,-5.44202,10.259154,-6.777985,1.565201,0.843887,-0.319755
esp32-c3-004,12,93,30525,-4.836287,11.791444,-3.409343,3.514374,1.936649,-1.731207
esp32-c3-004,12,94,30545,-5.085284,9.895236,-3.265691,6.405758,3.40992,-4.659363
esp32-c3-004,12,95,30565,-5.200206,6.71813,-5.207389,6.967994,4.6106,-5.168306
esp32-c3-004,12,96,30585,-2.53546,2.533065,-5.243302,6.706861,5.421179,-3.703029
esp32-c3-004,12,97,30605,2.463634,-2.461239,-7.199365,6.478502,5.010827,-1.700564
esp32-c3-004,12,98,30625,5.013458,-6.186617,-10.065224,4.87653,2.81038,0.240349
esp32-c3-004,12,99,30645,4.390966,-7.438785,-10.642226,2.596943,0.147887,1.684309
esp32-c3-004,13,0,30755,-0.581791,-6.588843,-9.495404,-1.719216,-2.003531,1.694168
esp32-c3-004,13,1,30774,-1.891419,-3.892972,-8.810662,-2.475703,-2.648371,1.940113
esp32-c3-004,13,2,30794,-5.839458,0.258574,-8.89446,-2.523933,-2.625455,2.879394
esp32-c3-004,13,3,30815,-6.698977,1.932121,-9.107543,-2.371516,-1.695501,3.286548
esp32-c3-004,13,4,30834,-5.765238,0.718261,-9.176975,-2.058423,-1.127936,2.539654
esp32-c3-004,13,5,30854,-5.521029,2.439692,-7.733272,-1.813277,-0.920894,1.303268
esp32-c3-004,13,6,30874,-4.675876,-1.067814,-8.336611,-1.628885,-1.004031,0.675749
esp32-c3-004,13,7,30894,-4.881777,2.135628,-5.913678,-1.971289,-0.867868,0.566766
esp32-c3-004,13,8,30914,-5.887342,4.165911,-4.833893,-1.252907,-0.359191,0.581954
esp32-c3-004,13,9,30934,-5.410896,2.403779,-4.953603,-0.678413,-0.034374,0.575293
esp32-c3-004,13,10,30954,-3.974375,0.248997,-5.123591,-0.654965,-0.280052,0.453519
esp32-c3-004,13,11,30974,-3.804387,-0.289698,-5.295974,-1.082904,-0.988576,0.477767
esp32-c3-004,13,12,30994,-5.406107,0.682347,-5.612009,-1.787697,-1.673917,0.815642
esp32-c3-004,13,13,31014,-7.637504,4.441244,-4.93445,-1.524698,-1.785032,0.919296
esp32-c3-004,13,14,31034,-7.632715,5.710171,-5.645528,-0.141492,-1.125804,0.14309
esp32-c3-004,13,15,31054,-6.73489,2.918532,-7.730877,0.529727,-0.720248,-0.459914
esp32-c3-004,13,16,31074,-7.216124,2.418144,-8.829816,-0.129501,-0.967792,-0.2606
esp32-c3-004,13,17,31094,-7.199365,4.812346,-5.712565,-0.874263,-0.853479,0.341072
esp32-c3-004,13,18,31114,-6.852205,3.818752,-5.226542,-0.914766,-0.482297,1.062652
esp32-c3-004,13,19,31134,-6.567295,3.526659,-5.169082,-0.321354,-0.170802,0.842288
esp32-c3-004,13,20,31154,-7.055712,2.686294,-5.985504,0.470573,0.792726,0.048496
esp32-c3-004,13,21,31174,-7.486669,2.291251,-7.091625,0.83909,1.935317,-0.594211
esp32-c3-004,13,22,31194,-6.653487,1.233014,-7.477092,0.128168,3.208475,-0.923825
esp32-c3-004,13,23,31214,-5.087678,0.505177,-8.070854,-1.833795,4.073945,-0.515605
esp32-c3-004,13,24,31234,-3.100491,1.786075,-9.143456,-3.499185,4.036907,-0.117776
esp32-c3-004,13,25,31254,-0.620098,5.295974,-11.84651,-3.761651,2.473038,-0.579556
esp32-c3-004,13,26,31274,1.218649,5.98311,-12.349293,-1.584919,-0.810579,-1.108484
esp32-c3-004,13,27,31294,-1.843535,4.216189,-7.400477,0.894248,-2.973721,-1.385072
esp32-c3-004,13,28,31314,-3.541024,4.371812,-6.629545,-0.407155,-0.436199,-1.27076
esp32-c3-004,13,29,31334,-3.198653,4.99191,-9.375694,-0.224628,0.204377,-1.267029
esp32-c3-004,13,30,31354,-3.414132,4.718972,-10.010158,0.019185,-0.325084,-1.443161
esp32-c3-004,13,31,31374,-3.684676,5.003881,-10.630256,-2.024049,-0.395963,-1.131133
esp32-c3-004,13,32,31394,-4.39336,6.191406,-10.093954,-2.695801,-0.154015,-0.914766
esp32-c3-004,13,33,31414,-4.915296,6.07409,-9.533711,-1.239317,0.856144,-0.845219
esp32-c3-004,13,34,31434,-4.762067,5.389348,-10.146626,-0.61393,1.772508,-1.03947
esp32-c3-004,13,35,31454,-5.257667,5.499481,-9.325416,-1.851648,3.035274,-1.069847
esp32-c3-004,13,36,31474,-5.911284,6.045359,-11.233594,-2.057623,2.649703,-1.236919
esp32-c3-004,13,37,31494,-6.73489,6.617573,-8.60955,-1.624888,1.963029,-1.319256
esp32-c3-004,13,38,31514,-8.717288,8.595184,-6.979098,-0.819639,2.376579,-0.676815
esp32-c3-004,13,39,31534,-9.11712,8.681376,-6.28478,1.544417,2.502349,0.176665
esp32-c3-004,13,40,31554,-8.137892,6.95755,-3.248932,1.516971,2.920962,0.219299
esp32-c3-004,13,41,31574,-8.324639,5.626374,-4.474763,-0.593678,3.258037,0.013323
esp32-c3-004,13,42,31594,-8.968679,4.802769,-5.391742,-1.457283,2.03524,0.14389
esp32-c3-004,13,43,31615,-8.300697,5.947197,-3.792415,-1.016288,1.147121,0.433801
esp32-c3-004,13,44,31634,-7.457938,7.261614,-1.491588,0.466576,0.792726,0.17853
esp32-c3-004,13,45,31654,-8.145074,5.659893,-1.041478,1.653133,1.20441,-0.714919
esp32-c3-004,13,46,31674,-9.526528,2.300828,-3.256114,1.650202,0.597142,0.268861
esp32-c3-004,13,47,31694,-7.153875,3.330335,-2.932897,1.382407,-0.385305,1.049329
esp32-c3-004,13,48,31715,-6.715736,1.369483,-3.907337,1.651534,-0.855345,0.731706
esp32-c3-004,13,49,31734,-5.999869,-0.493206,-4.790798,1.695501,-1.13593,0.90011
esp32-c3-004,13,50,31754,-4.776433,-1.867477,-5.317522,2.624389,-0.775939,1.005896
esp32-c3-004,13,51,31774,-4.350265,-4.13718,-7.443573,4.853614,-0.41355,0.86627
esp32-c3-004,13,52,31794,-2.995146,-5.770026,-9.981427,5.649004,-1.054392,1.123939
esp32-c3-004,13,53,31814,-0.926556,-7.671022,-10.716447,3.681712,-1.4794,1.339507
esp32-c3-004,13,54,31834,0.859518,-7.33344,-11.207258,0.957133,-1.773308,1.555608
esp32-c3-004,13,55,31854,1.082179,-6.406884,-12.636597,-0.734904,-1.762649,1.513773
esp32-c3-004,13,56,31874,1.163582,-4.570531,-13.570335,-2.610266,-1.003764,1.385605
esp32-c3-004,13,57,31894,0.064643,-2.573767,-12.890382,-2.154083,-0.179596,0.288579
esp32-c3-004,13,58,31914,-0.617704,-1.508347,-12.188881,-1.279553,0.859342,-0.435666
esp32-c3-004,13,59,31935,-2.272097,1.072602,-11.923124,-1.326983,1.187623,-1.188156
esp32-c3-004,13,60,31954,-3.804387,3.734955,-11.274296,-1.318723,0.840423,-0.993905
esp32-c3-004,13,61,31974,-3.394978,4.91769,-10.515334,-2.032576,0.444992,-0.412484
esp32-c3-004,13,62,31994,-2.06859,4.220978,-10.196905,-2.658496,-0.101522,-0.122573
esp32-c3-004,13,63,32014,-1.489193,4.616021,-10.335769,-2.550579,-0.049562,-0.080205
esp32-c3-004,13,64,32034,-2.288857,5.600038,-10.745177,-1.488193,0.703194,-0.189988
esp32-c3-004,13,65,32054,-2.5187,5.81791,-10.436325,-1.167905,1.577458,-0.204643
esp32-c3-004,13,66,32074,-3.579332,6.081272,-9.832987,-1.224662,1.461014,-0.060221
esp32-c3-004,13,67,32094,-3.150769,5.288792,-9.097966,-0.946475,0.758086,-0.041568
esp32-c3-004,13,68,32114,-2.681506,4.505888,-8.777143,-1.088766,0.337608,-0.310695
esp32-c3-004,13,69,32134,-2.837129,4.175488,-8.11395,-1.181228,0.386903,-0.520668
esp32-c3-004,13,70,32154,-3.65834,4.187459,-7.565677,-1.097026,0.731972,-0.531593
esp32-c3-004,13,71,32174,-3.751714,4.297592,-7.079654,-0.790861,0.99577,-0.477234
esp32-c3-004,13,72,32194,-3.773262,4.182671,-6.588843,-0.287513,0.934217,-0.588083
esp32-c3-004,13,73,32214,-2.916138,3.454833,-5.765238,0.035972,0.056224,-0.423675
esp32-c3-004,13,74,32234,-5.509058,4.939238,-4.845864,0.186257,-0.824435,-0.57023
esp32-c3-004,13,75,32254,-4.548983,5.753267,-5.944803,0.335743,-1.035207,-0.457783
esp32-c3-004,13,76,32274,-4.448427,6.576872,-7.520187,0.02185,-1.539354,-0.445525
esp32-c3-004,13,77,32294,-5.228937,5.951985,-8.389283,-0.782334,-1.539887,-0.619792
esp32-c3-004,13,78,32314,-4.999093,6.22253,-7.843405,-0.907571,-1.697632,-0.680545
esp32-c3-004,13,79,32335,-6.299145,5.971139,-6.600814,-0.379709,-1.862839,-0.782334
esp32-c3-004,13,80,32354,-8.525752,7.28795,-6.555324,-0.180928,-1.856444,-0.738368
esp32-c3-004,13,81,32374,-9.102755,8.836999,-7.544129,-0.192919,-1.578257,-0.287247
esp32-c3-004,13,82,32394,-8.99741,9.428367,-7.278373,-0.097525,-1.377345,0.249409
esp32-c3-004,13,83,32414,-7.608773,7.750031,-6.47871,-0.132698,-1.111149,0.683743
esp32-c3-004,13,84,32434,-6.92882,6.466739,-4.477157,-0.281651,-1.200147,0.886521
esp32-c3-004,13,85,32454,-4.295198,5.62398,-1.889025,-0.275522,-1.449023,0.57023
esp32-c3-004,13,86,32474,-1.580173,4.465186,1.893813,-0.4354,-1.564934,0.141492
esp32-c3-004,13,87,32494,-0.888249,1.426944,4.335899,0.642708,-1.691237,0.0429
esp32-c3-004,13,88,32514,-0.409408,0.363919,1.745373,2.1317,-1.919329,-0.602472
esp32-c3-004,13,89,32534,-1.053449,-1.221043,-1.158794,2.32755,-2.749893,-1.433302
esp32-c3-004,13,90,32554,-4.99191,-1.795651,-9.595961,0.333078,-3.748327,-1.588116
esp32-c3-004,13,91,32574,-9.291897,2.365471,-17.29332,-3.106686,-2.285182,-2.199648
esp32-c3-004,13,92,32594,-7.508216,6.737284,-18.504786,-2.198049,-1.895614,-3.212738
esp32-c3-004,13,93,32614,-8.159439,7.493851,-18.571823,-0.911035,-0.948074,-1.971822
esp32-c3-004,13,94,32634,-6.811504,6.528988,-16.117765,0.059954,-0.584619,-1.074377
esp32-c3-004,13,95,32654,-6.564901,2.315193,-12.447454,-1.477534,-0.628851,-0.694135
esp32-c3-004,13,96,32674,-5.978322,0.361524,-9.67018,-3.539421,-1.012824,-1.144723
esp32-c3-004,13,97,32694,-5.999869,0.512359,-5.71496,-4.150153,-0.810046,-2.309963
esp32-c3-004,13,98,32714,-8.789114,-1.005565,-0.488417,-3.230058,0.158279,-2.745629
esp32-c3-004,13,99,32734,-11.334151,0.023942,3.746926,-0.703461,0.986711,-2.442395
esp32-c3-004,14,0,32824,-12.576741,2.171541,2.231396,-2.216968,0.156413,0.916897
esp32-c3-004,14,1,32843,-14.058752,2.643199,0.818817,-0.898245,-0.298438,1.527097
esp32-c3-004,14,2,32863,-14.592659,-0.78051,1.960851,-0.217167,0.067948,1.740266
esp32-c3-004,14,3,32884,-13.936648,0.521936,2.547431,0.94008,-0.384772,1.451155
esp32-c3-004,14,4,32903,-12.710816,1.824382,2.571373,0.631783,-1.15698,1.227593
esp32-c3-004,14,5,32923,-12.37084,2.384625,0.61531,-0.073011,-1.595577,1.172701
esp32-c3-004,14,6,32944,-12.071565,3.421314,-0.890643,0.322953,-1.330181,1.263299
esp32-c3-004,14,7,32963,-11.583148,3.256114,-1.201889,0.79166,-0.742364,1.365087
esp32-c3-004,14,8,32983,-9.835381,2.286463,-1.403002,0.561436,-0.288312,1.025614
esp32-c3-004,14,9,33003,-6.05733,3.811569,0.112527,0.77887,-0.331479,0.616861
esp32-c3-004,14,10,33023,-3.861847,2.595315,2.406173,1.41838,-0.03544,1.040003
esp32-c3-004,14,11,33043,-1.101333,1.788469,4.589684,2.349933,-0.174266,1.477002
esp32-c3-004,14,12,33063,-0.885855,-0.840365,4.127604,2.207642,-0.822037,1.289412
esp32-c3-004,14,13,33083,-1.673547,-2.173935,1.659182,0.85268,-1.768512,0.149752
esp32-c3-004,14,14,33103,-2.952051,-3.117251,-2.063802,0.893182,-1.858043,-1.073311
esp32-c3-004,14,15,33123,-5.046977,-2.633622,-5.904101,1.663525,-1.385605,-1.905473
esp32-c3-004,14,16,33143,-7.445967,0.023942,-7.920019,1.857776,-0.838824,-2.246279
esp32-c3-004,14,17,33163,-9.500193,2.252944,-7.888895,1.602772,-0.445259,-1.751991
esp32-c3-004,14,18,33183,-10.280702,2.705448,-7.82904,1.426374,-0.326417,-0.713054
esp32-c3-004,14,19,33203,-9.701305,2.911349,-7.589619,1.205476,-0.384505,-0.04743
esp32-c3-004,14,20,33223,-8.671799,3.076549,-6.347029,0.897179,-0.487093,0.223828
esp32-c3-004,14,21,33244,-7.941567,2.791639,-5.334281,0.899844,-0.297639,0.022116
esp32-c3-004,14,22,33263,-8.458714,3.394978,-3.948039,2.00966,0.348,-0.716518
esp32-c3-004,14,23,33283,-10.371682,4.259285,-3.356671,3.797623,0.700796,-1.295274
esp32-c3-004,14,24,33303,-9.138668,6.1938,-1.426944,1.721348,0.201179,-0.958199
esp32-c3-004,14,25,33323,-11.010934,6.677429,-4.55856,-0.608867,-0.515338,-0.246744
esp32-c3-004,14,26,33343,-13.455414,7.759608,-4.077325,-2.084003,-0.733038,-0.511608
esp32-c3-004,14,27,33363,-14.903906,7.065289,-2.794033,-1.256637,-0.473237,-0.022916
esp32-c3-004,14,28,33383,-15.344439,7.951144,-1.960851,-0.216368,-0.419145,0.599541
esp32-c3-004,14,29,33403,-14.827291,7.441179,-1.692701,0.177997,-0.394631,1.025614
esp32-c3-004,14,30,33423,-13.934254,6.971915,-1.244985,-0.173201,-0.377311,1.417048
esp32-c3-004,14,31,33443,-12.820951,6.105214,-0.727837,-1.009626,-0.656564,1.571329
esp32-c3-004,14,32,33464,-10.996569,4.620809,0.107739,-1.378144,-1.015489,1.565201
esp32-c3-004,14,33,33483,-8.90643,3.890578,0.529119,-0.921427,-0.932086,1.629152
esp32-c3-004,14,34,33503,-6.46195,3.294421,0.806846,-0.452187,-0.62219,1.588383
esp32-c3-004,14,35,33523,-3.416526,2.657564,1.850718,-0.418346,-0.350931,1.32272
esp32-c3-004,14,36,33543,-1.115698,0.617704,2.726996,-0.741032,-0.168671,0.822836
esp32-c3-004,14,37,33563,-0.723049,-3.296816,2.542642,-0.236885,-0.016254,-0.297372
esp32-c3-004,14,38,33583,-1.924938,-3.37343,1.398214,0.883856,0.034907,-1.580655
esp32-c3-004,14,39,33603,-3.773262,-2.604892,-0.658405,1.148986,0.022116,-2.655032
esp32-c3-004,14,40,33623,-6.514623,-1.865083,-2.53546,0.493755,-0.207574,-3.426974
esp32-c3-004,14,41,33643,-9.196129,0.349553,-3.801992,0.231023,-0.522,-3.509577
esp32-c3-004,14,42,33663,-10.874464,2.104503,-4.132392,-0.040769,-0.385305,-2.696334
esp32-c3-004,14,43,33683,-11.796232,2.762909,-4.225766,0.027712,0.263531,-1.459149
esp32-c3-004,14,44,33703,-11.915942,2.094927,-4.180276,0.40449,1.063985,-0.288312
esp32-c3-004,14,45,33723,-11.161768,1.939303,-3.356671,0.541185,1.242515,0.265397
esp32-c3-004,14,46,33743,-9.986216,1.896208,-2.018312,-0.259801,0.858009,0.459648
esp32-c3-004,14,47,33763,-9.562442,1.101333,-1.16837,-1.334977,0.529461,0.558505
esp32-c3-004,14,48,33783,-9.765948,0.610521,-1.04866,-1.080772,0.446591,0.49189
esp32-c3-004,14,49,33803,-9.92636,1.604115,-1.130063,-0.492956,0.704527,0.402092
esp32-c3-004,14,50,33823,-10.014946,2.296039,-1.393425,-0.197982,1.072778,0.501216
esp32-c3-004,14,51,33843,-10.086772,2.501941,-1.661576,-0.102322,1.301936,0.506812
esp32-c3-004,14,52,33864,-10.321404,2.329558,-1.103727,-0.61313,1.220132,0.305366
esp32-c3-004,14,53,33883,-10.807426,2.334347,-0.61531,-1.117277,1.119409,0.19958
esp32-c3-004,14,54,33903,-11.99495,4.448427,0.184354,-0.674949,1.504181,0.110582
esp32-c3-004,14,55,33923,-10.25676,3.682282,-0.708684,0.111115,1.672319,0.367185
esp32-c3-004,14,56,33943,-10.812215,3.588908,-0.627281,-0.709856,1.723479,0.511874
esp32-c3-004,14,57,33963,-11.899182,3.600879,-0.107739,-0.812444,1.856178,0.438597
esp32-c3-004,14,58,33983,-12.528857,3.361459,1.774103,-0.508943,1.799954,0.469507
esp32-c3-004,14,59,34003,-11.944673,4.209007,3.430891,-0.516138,1.463945,0.861207
esp32-c3-004,14,60,34023,-10.716447,4.412514,2.889802,-0.255538,0.891051,1.441296
esp32-c3-004,14,61,34043,-9.105149,3.46441,3.404555,0.276322,0.597942,1.79196
esp32-c3-004,14,62,34063,-7.220912,2.403779,3.402161,1.327783,0.267262,1.94038
esp32-c3-004,14,63,34083,-5.310339,0.995988,2.41575,1.601706,-0.366119,1.722413
esp32-c3-004,14,64,34103,-4.27365,-0.435745,0.373495,0.571296,-1.298472,0.86627
esp32-c3-004,14,65,34123,-4.098873,-0.916979,-2.219425,-0.320554,-1.763182,-0.334144
esp32-c3-004,14,66,34143,-4.79798,-0.907402,-4.414908,-0.39623,-1.591847,-1.459682
esp32-c3-004,14,67,34163,-6.160281,0.100556,-5.803545,0.124172,-1.48393,-2.21457
esp32-c3-004,14,68,34183,-9.212888,1.687912,-7.16824,0.055957,-0.722646,-2.563902
esp32-c3-004,14,69,34203,-10.311827,4.146757,-7.156269,-0.031443,-0.140959,-2.32675
esp32-c3-004,14,70,34223,-11.453861,4.577713,-5.506664,-0.334943,0.107917,-1.551345
esp32-c3-004,14,71,34243,-11.73877,4.118027,-3.845088,-0.615528,0.334677,-0.736236
esp32-c3-004,14,72,34263,-11.827356,3.936068,-2.636016,-0.326683,0.292576,-0.151617
esp32-c3-004,14,73,34283,-11.762712,4.129998,-2.145205,-0.075942,-0.034374,0.065816
esp32-c3-004,14,74,34303,-11.604695,4.944026,-1.833959,-0.448723,-0.374113,0.276322
esp32-c3-004,14,75,34323,-11.257536,4.8722,-2.111686,-0.703994,-0.389835,0.605936
esp32-c3-004,14,76,34343,-10.793061,4.261679,-1.953669,-0.812178,-0.375179,0.816707
esp32-c3-004,14,77,34363,-10.632649,3.768473,-1.917756,-0.90011,-0.632848,0.922227
esp32-c3-004,14,78,34383,-10.295067,3.258508,-2.06859,-0.858542,-0.868934,0.717317
esp32-c3-004,14,79,34403,-9.959879,3.8403,-1.92015,-0.945142,-0.859075,0.579289
esp32-c3-004,14,80,34423,-10.125079,4.450821,-0.553061,-1.149786,-0.724778,0.665623
esp32-c3-004,14,81,34443,-10.309433,4.086902,0.579397,-1.296074,-0.787663,0.806582
esp32-c3-004,14,82,34463,-9.485827,3.069367,0.926556,-1.270227,-0.981914,0.662959
esp32-c3-004,14,83,34483,-9.464279,2.547431,0.885855,-1.206809,-0.51374,0.280851
esp32-c3-004,14,84,34503,-9.25359,3.531447,2.482787,-1.298205,-0.474303,0.292043
esp32-c3-004,14,85,34523,-8.355764,2.712631,4.625597,-1.303268,-0.318423,0.424741
esp32-c3-004,14,86,34543,-6.804321,2.382231,6.402095,-0.207308,-0.618992,0.803651
esp32-c3-004,14,87,34563,-5.307945,1.429338,6.624756,0.280585,-0.955268,0.928622
esp32-c3-004,14,88,34584,-3.797204,-0.414197,5.190629,0.360524,-1.150585,0.302435
esp32-c3-004,14,89,34603,-2.995146,-1.757344,3.318364,0.419678,-1.095161,-0.658695
esp32-c3-004,14,90,34623,-3.411737,-2.272097,1.496376,1.21427,-0.763415,-1.576392
esp32-c3-004,14,91,34643,-5.683835,-1.807622,-0.186748,1.593712,-0.477767,-2.285449
esp32-c3-004,14,92,34663,-8.980651,-0.727837,-2.260126,1.307531,-0.571029,-2.675283
esp32-c3-004,14,93,34683,-12.243947,0.629675,-4.580108,0.97925,-0.642708,-2.565767
esp32-c3-004,14,94,34703,-14.032416,2.772485,-6.435614,0.911835,-0.256603,-1.955568
esp32-c3-004,14,95,34723,-14.415488,5.109226,-6.454768,1.181495,0.370916,-0.738634
esp32-c3-004,14,96,34743,-12.014104,5.32231,-4.261679,0.712254,0.765813,0.504413
esp32-c3-004,14,97,34763,-8.693346,3.653552,-1.405396,0.187057,1.070113,1.153516
esp32-c3-004,14,98,34783,-5.269638,1.941698,3.038242,-0.116977,1.449556,1.224928
esp32-c3-004,14,99,34803,-3.667917,-0.744597,5.492299,0.550511,1.473804,0.746894
esp32-c3-004,15,0,34929,-12.591106,2.741361,-0.380678,-0.124704,1.271825,1.403724
esp32-c3-004,15,1,34948,-9.078813,0.251391,2.063802,-0.176398,0.983247,1.377078
esp32-c3-004,15,2,34968,-6.694188,-0.778116,2.995146,-0.031176,0.388236,0.774606
esp32-c3-004,15,3,34988,-6.016629,-0.687136,2.073379,0.244346,0.099923,0.047164
esp32-c3-004,15,4,35008,-7.101202,-0.002394,0.497994,0.538787,0.29604,-0.645905
esp32-c3-004,15,5,35028,-9.198523,2.032677,-0.960075,0.654165,0.408753,-0.953936
esp32-c3-004,15,6,35048,-11.106702,3.770868,-1.750161,0.494288,0.431669,-0.575559
esp32-c3-004,15,7,35068,-11.918336,3.737349,-2.018312,0.247277,0.40076,0.06475
esp32-c3-004,15,8,35088,-11.736377,3.004723,-2.080561,0.132698,0.225427,0.39996
esp32-c3-004,15,9,35108,-10.982203,2.841918,-2.193089,-0.064217,0.0429,0.431936
esp32-c3-004,15,10,35128,-10.163386,3.038242,-2.209848,-0.310695,0.091663,0.359458
esp32-c3-004,15,11,35148,-9.581595,3.05979,-2.015918,-0.433801,0.327216,0.271525
esp32-c3-004,15,12,35169,-9.308656,2.791639,-1.675941,-0.216634,0.616861,0.225161
esp32-c3-004,15,13,35188,-9.248801,2.908955,-2.063802,-0.006129,0.863871,0.195051
esp32-c3-004,15,14,35208,-9.119514,3.29921,-2.686294,-0.151351,1.189489,0.280851
esp32-c3-004,15,15,35228,-8.386889,3.818752,-4.704607,-0.246478,1.623822,0.628052
esp32-c3-004,15,16,35248,-8.334216,3.770868,-5.846641,0.998701,2.563369,1.093296
esp32-c3-004,15,17,35268,-8.092402,3.624821,-6.229713,1.697899,3.323853,1.652067
esp32-c3-004,15,18,35288,-6.715736,3.019088,-7.328651,2.214303,3.521835,1.893482
esp32-c3-004,15,19,35308,-4.84347,2.633622,-9.157822,1.363755,3.443495,1.710423
esp32-c3-004,15,20,35328,-2.322376,0.964863,-10.237606,-0.023715,2.901243,1.316325
esp32-c3-004,15,21,35348,-2.932897,0.476446,-11.039664,-0.260334,3.178897,1.079173
esp32-c3-004,15,22,35368,-3.406949,-1.675941,-12.732365,0.668554,4.732906,0.887054
esp32-c3-004,15,23,35388,-3.181894,-2.686294,-12.093113,1.01762,6.034309,-0.029044
esp32-c3-004,15,24,35408,-1.04866,-0.612916,-8.872911,1.585185,4.848019,-1.118343
esp32-c3-004,15,25,35428,-0.588974,-0.957681,-8.315063,-0.535057,3.035274,-1.819406
esp32-c3-004,15,26,35448,-1.362301,-2.214637,-9.25359,-1.930521,2.631317,-2.095994
esp32-c3-004,15,27,35468,-1.216254,-3.026271,-9.19134,-1.289145,2.807449,-2.223363
esp32-c3-004,15,28,35488,-1.01993,-3.548207,-9.167398,-0.505213,2.977718,-2.445326
esp32-c3-004,15,29,35508,-1.108515,-3.387795,-8.834604,-0.190787,2.809847,-2.938015
esp32-c3-004,15,30,35528,-1.984793,-2.956839,-8.911219,-0.414349,2.210306,-3.569798
esp32-c3-004,15,31,35548,-3.205836,-2.425326,-9.382876,-1.05226,1.483663,-4.014524
esp32-c3-004,15,32,35568,-3.667917,-2.595315,-10.369287,-1.528429,1.03574,-4.186126
esp32-c3-004,15,33,35588,-3.967192,-2.346318,-11.705252,-1.432769,0.965394,-4.248744
esp32-c3-004,15,34,35608,-5.564125,-1.211466,-13.117831,-1.233721,1.380276,-4.419547
esp32-c3-004,15,35,35628,-7.685388,0.816423,-13.000515,-0.786864,1.768512,-4.148288
esp32-c3-004,15,36,35648,-8.080431,1.532289,-11.547235,-0.45645,2.021118,-3.322254
esp32-c3-004,15,37,35668,-8.128315,0.675165,-11.022904,-0.371982,1.993406,-2.57909
esp32-c3-004,15,38,35688,-8.580819,0.390255,-10.747571,-0.454052,1.662992,-2.669688
esp32-c3-004,15,39,35709,-8.935161,0.902614,-10.436325,-0.940346,1.193485,-2.811179
esp32-c3-004,15,40,35728,-9.440337,1.778892,-10.254366,-1.180429,0.954202,-2.511142
esp32-c3-004,15,41,35748,-9.414001,2.288857,-9.416395,-1.137262,0.742098,-1.9569
esp32-c3-004,15,42,35768,-9.100361,1.977611,-8.599973,-1.15245,0.56117,-1.541752
esp32-c3-004,15,43,35788,-8.798691,1.640028,-7.936779,-0.994438,0.411152,-1.272625
esp32-c3-004,15,44,35808,-8.185776,1.721431,-7.560889,-0.818839,0.386104,-0.967259
esp32-c3-004,15,45,35828,-7.704541,2.257732,-7.601591,-0.468441,0.533724,-0.497752
esp32-c3-004,15,46,35848,-7.062895,2.48997,-7.240066,-0.220897,0.633381,0.078074
esp32-c3-004,15,47,35868,-6.220136,2.229002,-6.64391,-0.047963,0.632848,0.630983
esp32-c3-004,15,48,35888,-5.178658,1.54426,-6.330269,0.413816,0.779403,1.15245
esp32-c3-004,15,49,35908,-4.314352,1.206678,-5.916072,1.402392,1.110083,1.653666
esp32-c3-004,15,50,35928,-3.73256,1.010353,-5.195418,2.243348,1.0877,2.045632
esp32-c3-004,15,51,35948,-2.13084,-0.076614,-5.157111,2.143424,-0.046897,1.973421
esp32-c3-004,15,52,35968,0.079009,-2.674323,-6.641516,0.922493,-2.162343,1.170037
esp32-c3-004,15,53,35988,1.936909,-4.328717,-8.358158,-0.267528,-3.561538,-0.261666
esp32-c3-004,15,54,36009,2.676718,-4.060566,-10.809821,-0.169204,-3.631351,-1.407988
esp32-c3-004,15,55,36028,2.58095,-2.528277,-12.299014,1.385072,-2.750959,-1.937182
esp32-c3-004,15,56,36048,2.1883,-1.522712,-12.966996,2.399228,-1.534291,-1.698432
esp32-c3-004,15,57,36068,1.673547,-1.247379,-12.567164,1.964628,-1.002165,-1.550545
esp32-c3-004,15,58,36088,1.575385,-1.383849,-11.789049,0.746361,-0.519069,-1.792227
esp32-c3-004,15,59,36108,2.703054,-1.695095,-11.245565,0.029577,-0.061286,-1.984879
esp32-c3-004,15,60,36128,3.026271,-1.280898,-11.829751,-0.247544,0.185991,-2.020052
esp32-c3-004,15,61,36148,1.307234,-1.412579,-12.526464,-0.42261,0.883323,-2.199115
esp32-c3-004,15,62,36168,-1.941698,-0.550666,-13.005303,-0.472704,1.843387,-2.212704
esp32-c3-004,15,63,36188,-4.970363,-0.213084,-11.293449,-0.045299,2.311562,-1.773841
esp32-c3-004,15,64,36208,-6.825869,-1.237802,-8.892065,-0.087133,2.145822,-1.360824
esp32-c3-004,15,65,36228,-8.324639,-1.414973,-7.017405,-0.361856,1.781568,-1.22706
esp32-c3-004,15,66,36248,-9.61272,-0.402226,-4.462792,-0.418879,1.209207,-1.159645
esp32-c3-004,15,67,36268,-9.967062,-0.699107,-2.082955,0.030643,0.482031,-0.480965
esp32-c3-004,15,68,36288,-10.96305,0.181959,-0.952892,0.501482,-0.36079,0.404224
esp32-c3-004,15,69,36308,-9.598354,-2.061408,-1.462857,0.533724,-1.23985,1.120475
esp32-c3-004,15,70,36328,-7.536947,-5.066131,-2.806004,0.472704,-1.645939,1.753323
esp32-c3-004,15,71,36348,-5.307945,-7.381324,-5.123591,1.371216,-1.676582,1.692836
esp32-c3-004,15,72,36368,-2.935291,-7.290344,-7.884106,2.60094,-1.724545,1.337908
esp32-c3-004,15,73,36388,-1.850718,-5.506664,-11.542446,2.429605,-1.807149,0.820438
esp32-c3-004,15,74,36408,-0.835576,-3.610456,-15.088259,1.269694,-0.789528,0.055957
esp32-c3-004,15,75,36428,-1.182736,-5.832275,-14.135366,2.616928,0.871599,-0.555041
esp32-c3-004,15,76,36448,-1.568202,-8.130709,-12.236765,4.534658,2.541519,-0.560904
esp32-c3-004,15,77,36468,-1.807622,-7.280767,-11.123461,4.569831,3.074977,-0.632049
esp32-c3-004,15,78,36488,-1.386243,-6.189012,-10.089166,3.185825,2.631583,-0.697332
esp32-c3-004,15,79,36508,-0.380678,-5.676652,-9.303867,1.996337,1.739734,-0.412217
esp32-c3-004,15,80,36528,1.11091,-5.681441,-8.836999,1.477268,1.043733,-0.188122
esp32-c3-004,15,81,36548,2.908955,-6.277597,-8.212111,1.28355,0.689072,-0.235553
esp32-c3-004,15,82,36568,3.643975,-7.386112,-7.486669,1.259035,0.409553,-0.434334
esp32-c3-004,15,83,36588,2.935291,-7.455544,-7.599196,1.389868,0.15215,-0.881724
esp32-c3-004,15,84,36608,1.711854,-6.452374,-7.797915,0.681611,-0.099923,-1.508977
esp32-c3-004,15,85,36629,0.155623,-5.386954,-8.942344,0.292309,-0.142291,-1.714953
esp32-c3-004,15,86,36648,-1.300052,-4.730943,-10.103531,0.851348,-0.157479,-0.914766
esp32-c3-004,15,87,36668,-11.595119,14.755466,-19.589357,7.75166,-1.437832,-3.279354
esp32-c3-004,15,88,36688,-11.484985,-8.588001,-16.206352,8.731176,0.172401,-3.456818
esp32-c3-004,15,89,36708,-5.420473,-5.626374,-17.815254,1.728276,1.655531,0.868668
esp32-c3-004,15,90,36728,-2.671929,-6.162675,-14.635755,-2.759752,1.817807,1.739734
esp32-c3-004,15,91,36748,0.988805,-7.165846,-13.608643,-5.978353,1.559605,1.680579
esp32-c3-004,15,92,36768,1.134852,-8.384495,-12.916718,-5.152318,1.027746,1.208407
esp32-c3-004,15,93,36788,-1.010353,-4.501099,-14.386758,-2.642775,1.181495,-0.059688
esp32-c3-004,15,94,36808,-3.622427,-3.234566,-12.11466,-1.653933,1.273158,-0.046897
esp32-c3-004,15,95,36828,-3.998317,-3.160346,-10.386047,-1.86657,0.865737,-0.068747
esp32-c3-004,15,96,36849,-3.28245,-3.280056,-8.801085,-2.188989,0.707991,0.236619
esp32-c3-004,15,97,36868,-2.44448,-3.995923,-7.493851,-1.63981,1.05679,0.713054
esp32-c3-004,15,98,36888,-2.03986,-4.759673,-6.473921,-1.159645,1.114613,1.280619
esp32-c3-004,15,99,36908,-2.219425,-5.585672,-6.356606,-1.220665,0.766346,1.724545
esp32-c3-004,16,0,36999,1.56102,-7.161057,-8.643068,-0.974986,-0.668021,0.863871
esp32-c3-004,16,1,37018,1.328782,-7.211336,-7.999028,-1.046665,-0.814576,0.410086
esp32-c3-004,16,2,37038,1.42455,-7.771579,-7.769185,-1.789296,-1.068781,0.118309
esp32-c3-004,16,3,37059,0.31364,-6.88333,-8.525752,-0.624855,-1.257703,0.148153
esp32-c3-004,16,4,37078,-0.70629,-8.781932,-8.355764,0.815375,-0.849482,0.550245
esp32-c3-004,16,5,37098,-0.852336,-9.768343,-7.747637,1.020018,-0.449789,0.171335
esp32-c3-004,16,6,37118,0.466869,-8.298303,-7.254431,-0.939547,-0.642708,-0.411685
esp32-c3-004,16,7,37138,-0.349553,-5.62398,-7.671022,-1.432236,-0.397562,-0.226227
esp32-c3-004,16,8,37158,0.378284,-5.81791,-6.224925,-0.140426,-0.41355,-0.151351
esp32-c3-004,16,9,37178,-0.093374,-6.538565,-4.912902,-0.538787,-0.407155,0.023182
esp32-c3-004,16,10,37198,-0.069432,-5.906496,-5.430049,-0.79992,-0.427406,-0.156147
esp32-c3-004,16,11,37218,1.067814,-5.901707,-5.839458,-0.602205,-0.639776,-0.468708
esp32-c3-004,16,12,37238,2.540248,-6.069301,-6.330269,-0.799121,-0.920361,-0.77434
esp32-c3-004,16,13,37258,3.016694,-5.640739,-7.797915,0.534524,-1.35736,-0.817773
esp32-c3-004,16,14,37278,2.288857,-5.767632,-11.070788,1.85671,-1.349366,-0.971256
esp32-c3-004,16,15,37298,0.840365,-4.304775,-14.578294,1.215335,-0.720781,-1.323519
esp32-c3-004,16,16,37319,-2.942474,-2.719813,-20.879833,-0.166539,0.202778,-1.83113
esp32-c3-004,16,17,37338,-6.892907,-0.921768,-23.831884,-0.57476,2.517271,-2.298239
esp32-c3-004,16,18,37358,-9.038112,0.126893,-23.195026,0.727975,5.829134,-1.828732
esp32-c3-004,16,19,37378,-9.955091,0.715866,-18.650831,2.150885,7.633084,-1.306998
esp32-c3-004,16,20,37398,-11.453861,1.237802,-14.84405,1.70989,7.725813,-0.552643
esp32-c3-004,16,21,37418,-11.190498,-1.513135,-11.161768,0.415415,7.961632,-0.040502
esp32-c3-004,16,22,37438,-10.637438,-0.818817,-7.410054,1.000567,7.146523,0.668821
esp32-c3-004,16,23,37458,-7.893683,-1.240196,-4.261679,1.631283,5.916,1.555874
esp32-c3-004,16,24,37478,-5.707777,-2.288857,-0.782904,1.310196,5.014824,2.716052
esp32-c3-004,16,25,37498,-4.908113,-4.503493,0.531513,0.762882,4.582089,3.343837
esp32-c3-004,16,26,37518,-2.30801,-5.614403,2.44448,1.545482,2.43147,3.0891
esp32-c3-004,16,27,37538,0.407014,-7.017405,5.530606,0.954469,0.592346,3.342772
esp32-c3-004,16,28,37558,3.177106,-10.129868,6.653487,-0.432469,-0.58302,3.825335
esp32-c3-004,16,29,37578,4.197036,-12.471396,5.899313,0.271259,-1.283283,3.531427
esp32-c3-004,16,30,37598,5.353435,-13.196839,3.39019,1.432502,-2.357927,2.785066
esp32-c3-004,16,31,37618,5.750873,-12.466608,3.323152,0.353596,-2.557773,2.160744
esp32-c3-004,16,32,37638,4.960786,-13.479356,5.291186,-2.003265,-3.452821,2.120508
esp32-c3-004,16,33,37658,4.211401,-12.859258,4.187459,-3.032077,-4.996971,2.031243
esp32-c3-004,16,34,37678,2.422932,-11.049241,1.556231,-3.85438,-5.688441,1.807681
esp32-c3-004,16,35,37698,0.90022,-10.06283,-2.96881,-4.155749,-5.634349,1.482064
esp32-c3-004,16,36,37718,1.331176,-9.059659,-5.26485,-4.263133,-4.858411,1.029078
esp32-c3-004,16,37,37738,1.850718,-8.042124,-4.422091,-4.570098,-3.402459,0.293642
esp32-c3-004,16,38,37758,0.402226,-6.600814,-7.680599,-4.883458,-2.502882,-0.696533
esp32-c3-004,16,39,37778,-1.290475,-3.512294,-11.113884,-5.0897,-2.0014,-1.329381
esp32-c3-004,16,40,37798,-1.319205,-0.761356,-12.143391,-4.722781,-0.464711,-1.477002
esp32-c3-004,16,41,37818,-0.675165,0.778116,-11.757924,-3.381409,2.037905,-2.002998
esp32-c3-004,16,42,37838,-0.351948,1.886631,-13.211205,-1.685908,4.205045,-2.06988
esp32-c3-004,16,43,37858,-2.767697,4.058172,-15.464149,-0.803384,4.18426,-2.680613
esp32-c3-004,16,44,37878,-5.731719,2.138022,-15.713146,-1.90041,-0.532392,-2.762417
esp32-c3-004,16,45,37898,-2.291251,2.035071,-11.408371,-1.176432,-2.524199,-2.46691
esp32-c3-004,16,46,37918,-0.603339,0.265756,-10.931925,-0.262466,-1.355761,-1.721348
esp32-c3-004,16,47,37938,-1.968034,-1.268927,-11.109096,0.499884,0.149752,-0.831363
esp32-c3-004,16,48,37958,-2.858677,-1.795651,-9.294291,0.71332,-0.221963,0.066083
esp32-c3-004,16,49,37979,-3.605668,-0.234632,-8.599973,-0.414616,-0.757553,0.181461
esp32-c3-004,16,50,37998,-4.503493,-0.069432,-7.108385,-1.781035,-0.474836,0.085268
esp32-c3-004,16,51,38018,-4.637568,-0.395043,-8.75799,-1.457283,-0.679213,0.352796
esp32-c3-004,16,52,38038,-3.347094,-1.532289,-8.916007,-2.307565,-1.791161,0.02185
esp32-c3-004,16,53,38058,-1.340753,-3.495534,-8.485051,-4.847219,-2.21004,-0.0429
esp32-c3-004,16,54,38078,-2.748544,-1.491588,-7.795521,-4.093397,-1.278753,0.597675
esp32-c3-004,16,55,38098,-3.876213,0.213084,-5.114015,-5.162977,-1.0011,1.272891
esp32-c3-004,16,56,38118,-2.53546,-3.892972,-3.766079,-8.731442,-0.839357,3.009427
esp32-c3-004,16,57,38138,-8.475474,8.310274,5.628768,-8.731442,-2.611332,3.803219
esp32-c3-004,16,58,38158,-11.269507,21.250935,-12.231977,-1.197216,6.270928,0.07008
esp32-c3-004,16,59,38178,-3.174711,4.915296,-16.203957,5.574129,-3.6103,0.142824
esp32-c3-004,16,60,38198,-0.19393,1.170765,-5.798757,6.421213,-1.340839,0.607801
esp32-c3-004,16,61,38218,3.576937,-1.501164,-10.644621,5.376147,0.672551,1.217734
esp32-c3-004,16,62,38238,-2.32477,2.063802,-8.995016,2.240949,0.949672,1.583587
esp32-c3-004,16,63,38258,-7.457938,8.133103,-27.248409,0.825234,1.033342,-0.11298
esp32-c3-004,16,64,38278,-1.987187,5.489904,-9.684546,4.213838,-1.885755,-0.56117
esp32-c3-004,16,65,38298,-0.97444,1.654393,-11.341333,3.347835,-3.032876,-0.690404
esp32-c3-004,16,66,38319,-1.956063,1.13964,-9.876082,0.585951,-1.984879,-1.083703
esp32-c3-004,16,67,38338,-4.908113,0.426168,-9.77792,-0.304567,-1.215602,-0.717051
esp32-c3-004,16,68,38358,-4.570531,2.530671,-8.688558,-0.613663,-1.176165,-0.436466
esp32-c3-004,16,69,38378,-2.722207,2.054225,-9.734824,0.28325,-3.720882,-1.129268
esp32-c3-004,16,70,38398,-2.554613,1.912967,-11.058818,2.251608,-8.207844,-1.632616
esp32-c3-004,16,71,38418,1.072602,0.603339,-3.260903,0.953403,-8.261136,-1.697366
esp32-c3-004,16,72,38438,-13.927072,-3.167529,-5.657499,1.578257,-4.942612,-2.40136
esp32-c3-004,16,73,38458,-10.022128,-2.420538,-3.478775,-1.614763,-2.864471,-1.854046
esp32-c3-004,16,74,38478,-8.101978,-3.100491,-1.616086,-0.549179,-1.135397,-0.405023
esp32-c3-004,16,75,38498,-8.157045,-0.35913,-3.53863,0.153216,-0.471905,0.054891
esp32-c3-004,16,76,38518,-8.161834,-0.160412,-4.67827,0.001332,0.314426,-0.01359
esp32-c3-004,16,77,38538,-8.09719,0.227449,-5.104438,0.009593,0.166006,-0.015988
esp32-c3-004,16,78,38558,-8.010999,-0.021548,-5.087678,0.015188,0.162009,-0.010925
esp32-c3-004,16,79,38578,-8.049306,0,-5.05416,0.012257,0.121507,-0.014922
esp32-c3-004,16,80,38598,-8.046912,-0.009577,-5.11162,0.015455,0.098325,-0.01359
esp32-c3-004,16,81,38618,-8.027759,-0.021548,-4.996699,0.020251,0.10845,-0.008793
esp32-c3-004,16,82,38638,-8.001422,-0.011971,-5.176264,0.021583,0.094061,-0.008527
esp32-c3-004,16,83,38658,-8.020576,-0.02873,-5.106832,0.028511,0.058089,-0.004263
esp32-c3-004,16,84,38678,-8.030152,-0.040701,-5.056554,0.028511,0.053292,-0.004263
esp32-c3-004,16,85,38698,-8.046912,-0.043096,-5.066131,0.028778,0.054092,-0.004796
esp32-c3-004,16,86,38718,-8.044518,-0.021548,-5.042189,0.027979,0.056757,-0.005063
esp32-c3-004,16,87,38738,-8.018182,-0.021548,-5.078102,0.029044,0.055957,-0.00453
esp32-c3-004,16,88,38758,-8.010999,-0.021548,-5.056554,0.028778,0.055957,-0.00373
esp32-c3-004,16,89,38779,-8.034941,-0.021548,-5.094861,0.028245,0.054625,-0.00373
esp32-c3-004,16,90,38798,-8.018182,-0.026336,-5.080496,0.029044,0.053559,-0.004263
esp32-c3-004,16,91,38818,-8.051701,-0.007183,-5.051765,0.029044,0.054891,-0.003198
esp32-c3-004,16,92,38838,-8.030152,-0.031125,-5.046977,0.029311,0.055158,-0.003464
esp32-c3-004,16,93,38858,-8.042124,-0.02873,-5.068525,0.029311,0.055158,-0.004263
esp32-c3-004,16,94,38878,-8.013393,-0.047884,-5.068525,0.03011,0.055424,-0.003997
esp32-c3-004,16,95,38898,-8.044518,-0.043096,-5.05416,0.029311,0.055424,-0.003997
esp32-c3-004,16,96,38918,-8.049306,-0.04549,-5.056554,0.029577,0.056224,-0.002931
esp32-c3-004,16,97,38938,-7.999028,0,-5.092467,0.030643,0.059421,-0.002931
esp32-c3-004,16,98,38958,-8.034941,-0.011971,-5.097255,0.03091,0.05276,-0.003997
esp32-c3-004,16,99,38978,-8.018182,-0.007183,-5.061342,0.03091,0.058089,-0.002931
esp32-c3-004,17,0,39087,-8.015787,-0.011971,-5.109226,0.030377,0.056224,-0.00373
esp32-c3-004,17,1,39106,-7.979874,-0.021548,-5.149928,0.03091,0.055158,-0.001865
esp32-c3-004,17,2,39126,-8.025364,-0.019154,-5.080496,0.033041,0.057023,-0.001599
esp32-c3-004,17,3,39146,-7.987057,-0.040701,-5.070919,0.033574,0.054092,-0.001332
esp32-c3-004,17,4,39166,-8.094796,-0.059855,-4.972757,0.031975,0.055158,-0.002398
esp32-c3-004,17,5,39186,-8.049306,-0.071826,-5.025429,0.029311,0.053825,-0.00453
esp32-c3-004,17,6,39206,-8.066066,-0.043096,-5.015852,0.026646,0.055691,-0.005862
esp32-c3-004,17,7,39226,-8.00621,-0.019154,-5.099649,0.027446,0.053559,-0.004796
esp32-c3-004,17,8,39246,-7.984663,0.002394,-5.114015,0.028778,0.055424,-0.00453
esp32-c3-004,17,9,39266,-7.979874,-0.021548,-5.118803,0.030643,0.054358,-0.002931
esp32-c3-004,17,10,39286,-8.044518,-0.019154,-5.08289,0.031443,0.054092,-0.001865
esp32-c3-004,17,11,39306,-8.032547,-0.050278,-5.044583,0.030643,0.053292,-0.003464
esp32-c3-004,17,12,39326,-8.058883,-0.040701,-4.994305,0.029311,0.054625,-0.004263
esp32-c3-004,17,13,39346,-8.042124,-0.026336,-5.030218,0.027179,0.054092,-0.004796
esp32-c3-004,17,14,39366,-8.015787,-0.009577,-5.070919,0.028511,0.055424,-0.004796
esp32-c3-004,17,15,39386,-7.991845,-0.004788,-5.118803,0.029044,0.053825,-0.00373
esp32-c3-004,17,16,39406,-8.015787,-0.009577,-5.092467,0.03091,0.055957,-0.003464
esp32-c3-004,17,17,39426,-8.034941,-0.035913,-5.070919,0.031443,0.054891,-0.003997
esp32-c3-004,17,18,39446,-8.044518,-0.02873,-5.025429,0.030377,0.054625,-0.003198
esp32-c3-004,17,19,39466,-8.046912,-0.035913,-5.05416,0.028511,0.05276,-0.00453
esp32-c3-004,17,20,39486,-8.018182,-0.040701,-5.061342,0.028511,0.054092,-0.005596
esp32-c3-004,17,21,39506,-8.027759,-0.016759,-5.116409,0.028778,0.053825,-0.003997
esp32-c3-004,17,22,39526,-8.013393,-0.035913,-5.116409,0.029311,0.054891,-0.003997
esp32-c3-004,17,23,39546,-8.00621,-0.021548,-5.094861,0.030643,0.054092,-0.002931
esp32-c3-004,17,24,39566,-8.034941,-0.033519,-5.042189,0.03011,0.055158,-0.002665
esp32-c3-004,17,25,39586,-8.030152,-0.033519,-5.0374,0.029577,0.053559,-0.004263
esp32-c3-004,17,26,39606,-8.039729,-0.052672,-5.025429,0.028778,0.054358,-0.005063
esp32-c3-004,17,27,39626,-8.018182,-0.021548,-5.066131,0.027712,0.053559,-0.00453
esp32-c3-004,17,28,39646,-8.001422,-0.002394,-5.123591,0.029311,0.055424,-0.004263
esp32-c3-004,17,29,39666,-8.025364,0.002394,-5.08289,0.03011,0.053292,-0.002931
esp32-c3-004,17,30,39686,-8.013393,-0.019154,-5.080496,0.03091,0.054625,-0.003464
esp32-c3-004,17,31,39706,-8.025364,-0.043096,-5.051765,0.029844,0.054092,-0.003997
esp32-c3-004,17,32,39726,-8.042124,-0.047884,-5.035006,0.028511,0.055158,-0.00453
esp32-c3-004,17,33,39746,-8.034941,-0.021548,-5.061342,0.027979,0.053825,-0.004263
esp32-c3-004,17,34,39766,-8.034941,-0.014365,-5.061342,0.028778,0.053559,-0.003997
esp32-c3-004,17,35,39786,-8.008605,-0.019154,-5.109226,0.030377,0.053559,-0.004263
esp32-c3-004,17,36,39806,-7.996634,-0.031125,-5.061342,0.029577,0.054092,-0.003198
esp32-c3-004,17,37,39826,-8.032547,-0.040701,-5.063736,0.029844,0.053825,-0.00373
esp32-c3-004,17,38,39846,-8.058883,-0.023942,-5.051765,0.029311,0.054891,-0.00373
esp32-c3-004,17,39,39866,-8.054094,-0.04549,-5.063736,0.028245,0.053825,-0.004796
esp32-c3-004,17,40,39886,-8.010999,-0.014365,-5.051765,0.028511,0.053559,-0.005596
esp32-c3-004,17,41,39906,-8.00621,-0.035913,-5.087678,0.029044,0.054891,-0.003464
esp32-c3-004,17,42,39926,-8.020576,-0.014365,-5.078102,0.029311,0.055424,-0.004796
esp32-c3-004,17,43,39946,-8.046912,-0.023942,-5.066131,0.029577,0.054092,-0.004263
esp32-c3-004,17,44,39966,-8.042124,-0.038307,-5.0374,0.029577,0.053559,-0.00453
esp32-c3-004,17,45,39986,-8.046912,-0.057461,-5.05416,0.029044,0.052227,-0.005063
esp32-c3-004,17,46,40006,-7.982268,-0.040701,-5.116409,0.029844,0.047164,-0.005329
esp32-c3-004,17,47,40026,-8.207323,-0.095768,-4.953603,0.025847,0.051427,-0.006395
esp32-c3-004,17,48,40046,-7.936779,-0.011971,-5.070919,0.023715,0.071945,-0.006928
esp32-c3-004,17,49,40066,-7.975086,0.033519,-5.200206,0.027179,0.067681,-0.005329
esp32-c3-004,17,50,40086,-7.922413,0.004788,-5.240908,0.027179,0.07381,-0.005329
esp32-c3-004,17,51,40106,-8.025364,-0.031125,-5.075707,0.029844,0.057289,-0.00373
esp32-c3-004,17,52,40126,-8.058883,-0.04549,-5.00867,0.033041,0.05196,-0.002398
esp32-c3-004,17,53,40146,-8.061277,-0.07422,-5.015852,0.03091,0.052493,-0.00373
esp32-c3-004,17,54,40166,-8.034941,-0.052672,-4.99191,0.027712,0.050894,-0.005862
esp32-c3-004,17,55,40186,-8.044518,-0.02873,-5.051765,0.027179,0.053825,-0.005329
esp32-c3-004,17,56,40206,-7.991845,-0.019154,-5.08289,0.025847,0.054358,-0.007194
esp32-c3-004,17,57,40227,-7.984663,0.004788,-5.125986,0.026113,0.054092,-0.005329
esp32-c3-004,17,58,40246,-7.989451,-0.014365,-5.147533,0.028245,0.053825,-0.00453
esp32-c3-004,17,59,40266,-8.00621,-0.004788,-5.102044,0.029577,0.05276,-0.003198
esp32-c3-004,17,60,40286,-8.00621,-0.016759,-5.075707,0.031709,0.053292,-0.002665
esp32-c3-004,17,61,40306,-8.018182,-0.033519,-5.046977,0.031176,0.051427,-0.00373
esp32-c3-004,17,62,40326,-8.037335,-0.052672,-5.046977,0.029044,0.053559,-0.00373
esp32-c3-004,17,63,40346,-8.010999,-0.038307,-5.049371,0.029577,0.05276,-0.00373
esp32-c3-004,17,64,40366,-8.030152,-0.031125,-5.080496,0.029311,0.05276,-0.00453
esp32-c3-004,17,65,40386,-8.001422,-0.031125,-5.073313,0.03011,0.053026,-0.003464
esp32-c3-004,17,66,40406,-8.020576,-0.023942,-5.049371,0.029844,0.052493,-0.003997
esp32-c3-004,17,67,40426,-8.02297,-0.040701,-5.063736,0.028778,0.053026,-0.004796
esp32-c3-004,17,68,40446,-8.018182,-0.033519,-5.066131,0.029044,0.054358,-0.00453
esp32-c3-004,17,69,40466,-8.030152,-0.02873,-5.068525,0.029311,0.053559,-0.004796
esp32-c3-004,17,70,40486,-8.034941,-0.023942,-5.08289,0.029044,0.054625,-0.00373
esp32-c3-004,17,71,40506,-8.051701,-0.033519,-5.058948,0.029844,0.05276,-0.003464
esp32-c3-004,17,72,40526,-8.020576,-0.023942,-5.042189,0.028511,0.055424,-0.00373
esp32-c3-004,17,73,40546,-8.027759,-0.021548,-5.049371,0.029044,0.054358,-0.004263
esp32-c3-004,17,74,40566,-8.003817,-0.047884,-5.097255,0.029311,0.054625,-0.00453
esp32-c3-004,17,75,40586,-8.00621,-0.043096,-5.092467,0.029311,0.05276,-0.004263
esp32-c3-004,17,76,40606,-7.989451,-0.043096,-5.11162,0.029044,0.05196,-0.004796
esp32-c3-004,17,77,40626,-8.015787,-0.019154,-5.099649,0.029844,0.053559,-0.003997
esp32-c3-004,17,78,40646,-8.010999,-0.011971,-5.094861,0.030643,0.054625,-0.002931
esp32-c3-004,17,79,40666,-8.027759,-0.050278,-5.066131,0.031709,0.054092,-0.002398
esp32-c3-004,17,80,40686,-8.032547,-0.064643,-5.013458,0.030377,0.053292,-0.003464
esp32-c3-004,17,81,40706,-8.070854,-0.052672,-5.013458,0.027979,0.053292,-0.005329
esp32-c3-004,17,82,40726,-8.042124,-0.02873,-5.035006,0.025314,0.053292,-0.006395
esp32-c3-004,17,83,40746,-8.010999,-0.023942,-5.078102,0.02558,0.053825,-0.005862
esp32-c3-004,17,84,40766,-7.975086,-0.031125,-5.118803,0.025847,0.056757,-0.005862
esp32-c3-004,17,85,40786,-7.982268,0,-5.154716,0.029044,0.056757,-0.004796
esp32-c3-004,17,86,40806,-8.013393,0,-5.130774,0.03091,0.054625,-0.003198
esp32-c3-004,17,87,40827,-8.003817,-0.021548,-5.078102,0.032242,0.054625,-0.002931
esp32-c3-004,17,88,40846,-8.008605,-0.023942,-5.073313,0.032242,0.053026,-0.002132
esp32-c3-004,17,89,40866,-8.018182,-0.031125,-5.08289,0.031443,0.05276,-0.002665
esp32-c3-004,17,90,40886,-8.027759,-0.038307,-5.00867,0.030643,0.051427,-0.003464
esp32-c3-004,17,91,40906,-8.056489,-0.067038,-5.013458,0.030643,0.054358,-0.002931
esp32-c3-004,17,92,40926,-8.051701,-0.059855,-5.025429,0.029311,0.05276,-0.00373
esp32-c3-004,17,93,40946,-8.008605,-0.038307,-5.049371,0.027979,0.054358,-0.004263
esp32-c3-004,17,94,40966,-8.034941,-0.031125,-5.078102,0.025314,0.053026,-0.006129
esp32-c3-004,17,95,40986,-8.010999,-0.016759,-5.087678,0.025847,0.053825,-0.005063
esp32-c3-004,17,96,41006,-7.984663,-0.019154,-5.118803,0.027446,0.055957,-0.005063
esp32-c3-004,17,97,41027,-8.001422,0.011971,-5.123591,0.029044,0.058089,-0.00373
esp32-c3-004,17,98,41046,-7.967903,0.004788,-5.161899,0.031709,0.058888,-0.002398
esp32-c3-004,17,99,41066,-8.013393,-0.014365,-5.085284,0.033041,0.055158,-0.001332
esp32-c3-004,18,0,41169,-7.963115,0.007183,-5.11162,0.024781,0.055158,-0.005596
esp32-c3-004,18,1,41188,-7.946355,0.043096,-5.193024,0.029044,0.057556,-0.005063
esp32-c3-004,18,2,41209,-7.946355,-0.014365,-5.21936,0.031975,0.058888,-0.002132
esp32-c3-004,18,3,41228,-8.039729,-0.055067,-5.049371,0.033041,0.053559,-0.002665
esp32-c3-004,18,4,41248,-8.090008,-0.071826,-4.946421,0.031709,0.052493,-0.002931
esp32-c3-004,18,5,41268,-8.058883,-0.059855,-5.003881,0.029311,0.054625,-0.00453
esp32-c3-004,18,6,41288,-7.987057,-0.016759,-5.080496,0.027712,0.054358,-0.005596
esp32-c3-004,18,7,41308,-7.994239,-0.035913,-5.092467,0.02638,0.054092,-0.005063
esp32-c3-004,18,8,41328,-8.003817,-0.019154,-5.099649,0.029044,0.053825,-0.00373
esp32-c3-004,18,9,41349,-7.984663,-0.014365,-5.123591,0.029577,0.055691,-0.003464
esp32-c3-004,18,10,41368,-8.010999,-0.033519,-5.085284,0.03091,0.055424,-0.002398
esp32-c3-004,18,11,41388,-8.015787,-0.02873,-5.035006,0.031176,0.054092,-0.002132
esp32-c3-004,18,12,41408,-8.032547,-0.038307,-5.05416,0.029577,0.053292,-0.003464
esp32-c3-004,18,13,41428,-8.010999,-0.050278,-5.097255,0.029844,0.053559,-0.003997
esp32-c3-004,18,14,41448,-8.025364,-0.033519,-5.094861,0.029044,0.053559,-0.00453
esp32-c3-004,18,15,41468,-8.042124,-0.038307,-5.068525,0.028511,0.054625,-0.004263
esp32-c3-004,18,16,41488,-8.015787,-0.004788,-5.087678,0.029844,0.055691,-0.003997
esp32-c3-004,18,17,41508,-8.003817,-0.014365,-5.092467,0.029044,0.054625,-0.004263
esp32-c3-004,18,18,41528,-8.001422,-0.031125,-5.097255,0.029577,0.053559,-0.003997
esp32-c3-004,18,19,41548,-8.025364,-0.033519,-5.097255,0.030643,0.054358,-0.003198
esp32-c3-004,18,20,41568,-8.008605,-0.019154,-5.070919,0.031176,0.054891,-0.003198
esp32-c3-004,18,21,41588,-8.00621,-0.021548,-5.049371,0.03091,0.055957,-0.003464
esp32-c3-004,18,22,41608,-7.996634,-0.026336,-5.078102,0.029311,0.054891,-0.004796
esp32-c3-004,18,23,41628,-8.025364,-0.04549,-5.042189,0.028778,0.054625,-0.00453
esp32-c3-004,18,24,41648,-8.034941,-0.062249,-5.070919,0.028511,0.053825,-0.005329
esp32-c3-004,18,25,41668,-8.010999,-0.033519,-5.087678,0.029044,0.05276,-0.004796
esp32-c3-004,18,26,41688,-8.003817,-0.043096,-5.058948,0.029044,0.053559,-0.004263
esp32-c3-004,18,27,41708,-7.979874,-0.02873,-5.058948,0.029577,0.053559,-0.00453
esp32-c3-004,18,28,41728,-8.015787,-0.004788,-5.094861,0.03011,0.055957,-0.003464
esp32-c3-004,18,29,41748,-7.991845,-0.019154,-5.097255,0.031709,0.05276,-0.002931
esp32-c3-004,18,30,41768,-8.015787,-0.033519,-5.066131,0.03091,0.053825,-0.002931
esp32-c3-004,18,31,41788,-8.027759,-0.02873,-5.0374,0.031176,0.054625,-0.002931
esp32-c3-004,18,32,41808,-8.010999,-0.033519,-5.035006,0.029311,0.054092,-0.003198
esp32-c3-004,18,33,41828,-8.034941,-0.043096,-5.039794,0.028245,0.053559,-0.005063
esp32-c3-004,18,34,41848,-8.042124,-0.038307,-5.05416,0.026913,0.05276,-0.005329
esp32-c3-004,18,35,41868,-8.018182,-0.023942,-5.085284,0.027712,0.053559,-0.004796
esp32-c3-004,18,36,41888,-8.015787,-0.023942,-5.130774,0.029844,0.053292,-0.00453
esp32-c3-004,18,37,41908,-8.003817,0.002394,-5.104438,0.029577,0.053292,-0.003997
esp32-c3-004,18,38,41928,-7.991845,-0.031125,-5.092467,0.030377,0.05276,-0.003464
esp32-c3-004,18,39,41949,-8.02297,-0.02873,-5.051765,0.030377,0.054092,-0.002398
esp32-c3-004,18,40,41968,-8.034941,-0.035913,-5.051765,0.029844,0.053559,-0.003997
esp32-c3-004,18,41,41988,-8.039729,-0.040701,-5.073313,0.029311,0.054625,-0.003464
esp32-c3-004,18,42,42008,-8.003817,-0.026336,-5.085284,0.03011,0.054625,-0.00373
esp32-c3-004,18,43,42028,-8.015787,-0.026336,-5.080496,0.029044,0.053026,-0.003997
esp32-c3-004,18,44,42048,-7.999028,-0.033519,-5.073313,0.029044,0.053292,-0.004263
esp32-c3-004,18,45,42068,-8.030152,-0.026336,-5.068525,0.029577,0.053292,-0.003997
esp32-c3-004,18,46,42088,-8.020576,-0.055067,-5.092467,0.028245,0.054625,-0.003198
esp32-c3-004,18,47,42108,-7.994239,-0.007183,-5.102044,0.028778,0.054625,-0.00373
esp32-c3-004,18,48,42128,-8.001422,-0.021548,-5.116409,0.029844,0.053026,-0.003464
esp32-c3-004,18,49,42148,-8.008605,-0.016759,-5.092467,0.03091,0.054092,-0.002931
esp32-c3-004,18,50,42168,-8.039729,-0.047884,-5.08289,0.031443,0.053825,-0.003464
esp32-c3-004,18,51,42188,-8.034941,-0.04549,-5.051765,0.030643,0.054092,-0.003198
esp32-c3-004,18,52,42208,-8.039729,-0.055067,-5.049371,0.03011,0.053825,-0.003997
esp32-c3-004,18,53,42228,-8.015787,-0.04549,-5.068525,0.028511,0.054092,-0.00373
esp32-c3-004,18,54,42248,-8.008605,-0.021548,-5.068525,0.027446,0.053026,-0.004796
esp32-c3-004,18,55,42268,-7.996634,-0.004788,-5.099649,0.027446,0.053559,-0.004263
esp32-c3-004,18,56,42288,-7.991845,-0.023942,-5.114015,0.029844,0.053559,-0.004796
esp32-c3-004,18,57,42308,-8.018182,-0.033519,-5.075707,0.030643,0.054358,-0.003198
esp32-c3-004,18,58,42328,-8.039729,-0.031125,-5.044583,0.030377,0.053559,-0.003997
esp32-c3-004,18,59,42348,-8.020576,-0.038307,-5.066131,0.028778,0.054092,-0.003464
esp32-c3-004,18,60,42368,-8.003817,-0.021548,-5.0374,0.028511,0.05276,-0.003464
esp32-c3-004,18,61,42388,-7.996634,-0.040701,-5.075707,0.027712,0.053825,-0.00453
esp32-c3-004,18,62,42408,-8.008605,-0.021548,-5.102044,0.027712,0.053825,-0.00453
esp32-c3-004,18,63,42428,-8.003817,-0.026336,-5.130774,0.03011,0.055158,-0.003198
esp32-c3-004,18,64,42448,-7.996634,-0.011971,-5.097255,0.03091,0.053559,-0.002665
esp32-c3-004,18,65,42469,-8.025364,-0.026336,-5.075707,0.031443,0.053292,-0.002931
esp32-c3-004,18,66,42488,-8.034941,-0.04549,-5.061342,0.030377,0.054358,-0.00373
esp32-c3-004,18,67,42508,-8.044518,-0.043096,-5.035006,0.029311,0.054092,-0.003997
esp32-c3-004,18,68,42528,-8.032547,-0.057461,-5.0374,0.028778,0.053292,-0.005329
esp32-c3-004,18,69,42548,-8.034941,-0.050278,-5.044583,0.026646,0.054358,-0.005063
esp32-c3-004,18,70,42568,-7.987057,-0.004788,-5.116409,0.027712,0.055957,-0.005063
esp32-c3-004,18,71,42588,-7.991845,-0.002394,-5.116409,0.027712,0.054358,-0.005329
esp32-c3-004,18,72,42608,-7.996634,0.009577,-5.149928,0.029311,0.054625,-0.00453
esp32-c3-004,18,73,42628,-8.013393,-0.033519,-5.11162,0.030377,0.055957,-0.002132
esp32-c3-004,18,74,42648,-8.039729,-0.050278,-5.104438,0.031709,0.053292,-0.002931
esp32-c3-004,18,75,42668,-8.027759,-0.055067,-5.061342,0.030377,0.054891,-0.002931
esp32-c3-004,18,76,42688,-8.018182,-0.033519,-5.042189,0.030643,0.054625,-0.003997
esp32-c3-004,18,77,42708,-8.054094,-0.023942,-5.035006,0.029044,0.053026,-0.005063
esp32-c3-004,18,78,42728,-8.02297,-0.031125,-5.058948,0.027446,0.054625,-0.005063
esp32-c3-004,18,79,42748,-8.010999,-0.016759,-5.080496,0.02638,0.053559,-0.004796
esp32-c3-004,18,80,42768,-8.010999,-0.011971,-5.08289,0.029311,0.053559,-0.004796
esp32-c3-004,18,81,42788,-7.984663,-0.002394,-5.114015,0.030377,0.053825,-0.003997
esp32-c3-004,18,82,42808,-7.996634,-0.019154,-5.114015,0.03011,0.053026,-0.003198
esp32-c3-004,18,83,42828,-8.037335,-0.021548,-5.085284,0.031176,0.053026,-0.003464
esp32-c3-004,18,84,42848,-8.039729,-0.023942,-5.070919,0.030643,0.054625,-0.003464
esp32-c3-004,18,85,42868,-8.027759,-0.031125,-5.085284,0.03011,0.054891,-0.003198
esp32-c3-004,18,86,42888,-8.032547,-0.038307,-5.073313,0.029044,0.053292,-0.004263
esp32-c3-004,18,87,42908,-8.027759,-0.04549,-5.0374,0.027979,0.053825,-0.005063
esp32-c3-004,18,88,42928,-8.032547,-0.033519,-5.058948,0.027446,0.054358,-0.005329
esp32-c3-004,18,89,42948,-8.020576,-0.004788,-5.104438,0.027712,0.054092,-0.00453
esp32-c3-004,18,90,42968,-7.991845,-0.002394,-5.130774,0.029044,0.053559,-0.003997
esp32-c3-004,18,91,42988,-7.996634,-0.014365,-5.121197,0.030643,0.053559,-0.003997
esp32-c3-004,18,92,43008,-8.02297,-0.040701,-5.085284,0.031443,0.054358,-0.00373
esp32-c3-004,18,93,43028,-8.032547,-0.057461,-5.058948,0.030377,0.054358,-0.003997
esp32-c3-004,18,94,43048,-8.027759,-0.064643,-5.058948,0.029844,0.054358,-0.004796
esp32-c3-004,18,95,43068,-8.034941,-0.038307,-5.056554,0.029044,0.054625,-0.00373
esp32-c3-004,18,96,43088,-8.010999,-0.026336,-5.075707,0.027979,0.055158,-0.003997
esp32-c3-004,18,97,43108,-8.015787,-0.009577,-5.123591,0.028245,0.054358,-0.005063
esp32-c3-004,18,98,43128,-7.999028,-0.014365,-5.104438,0.029044,0.053825,-0.003997
esp32-c3-004,18,99,43148,-7.989451,-0.02873,-5.099649,0.029844,0.054092,-0.003997
esp32-c3-004,19,0,55569,-7.987057,-0.031125,-5.104438,0.029044,0.054891,-0.00373
esp32-c3-004,19,1,55588,-8.008605,-0.014365,-5.104438,0.029311,0.050095,-0.003997
esp32-c3-004,19,2,55609,-8.003817,-0.014365,-5.080496,0.028511,0.052493,-0.004796
esp32-c3-004,19,3,55628,-7.987057,-0.033519,-5.109226,0.028511,0.055158,-0.003997
esp32-c3-004,19,4,55648,-7.989451,-0.016759,-5.12838,0.029311,0.054092,-0.00373
esp32-c3-004,19,5,55668,-8.00621,-0.021548,-5.070919,0.029311,0.05196,-0.003997
esp32-c3-004,19,6,55688,-8.018182,-0.033519,-5.087678,0.029311,0.052493,-0.003997
esp32-c3-004,19,7,55708,-8.027759,-0.026336,-5.08289,0.028245,0.053292,-0.00453
esp32-c3-004,19,8,55728,-8.00621,-0.026336,-5.121197,0.028245,0.054891,-0.004796
esp32-c3-004,19,9,55748,-7.991845,-0.02873,-5.118803,0.028245,0.053559,-0.004263
esp32-c3-004,19,10,55768,-8.003817,-0.040701,-5.090073,0.029311,0.052493,-0.003464
esp32-c3-004,19,11,55788,-7.970297,-0.019154,-5.12838,0.03011,0.053292,-0.00373
esp32-c3-004,19,12,55808,-7.994239,-0.009577,-5.154716,0.030377,0.052227,-0.003464
esp32-c3-004,19,13,55828,-7.994239,-0.031125,-5.116409,0.030643,0.052227,-0.00373
esp32-c3-004,19,14,55848,-8.008605,-0.043096,-5.102044,0.031443,0.052493,-0.003464
esp32-c3-004,19,15,55868,-8.039729,-0.052672,-5.049371,0.030377,0.053825,-0.003997
esp32-c3-004,19,16,55888,-8.018182,-0.021548,-5.05416,0.029577,0.054092,-0.00373
esp32-c3-004,19,17,55908,-8.00621,-0.033519,-5.066131,0.028245,0.053292,-0.004796
esp32-c3-004,19,18,55928,-8.02297,-0.026336,-5.090073,0.027179,0.054891,-0.005063
esp32-c3-004,19,19,55948,-8.00621,-0.04549,-5.121197,0.027446,0.054625,-0.005596
esp32-c3-004,19,20,55968,-7.987057,-0.014365,-5.149928,0.027712,0.054625,-0.004796
esp32-c3-004,19,21,55988,-7.960721,0.002394,-5.17387,0.029844,0.054358,-0.00373
esp32-c3-004,19,22,56008,-7.972692,-0.016759,-5.140351,0.030643,0.053292,-0.002931
esp32-c3-004,19,23,56028,-8.001422,-0.038307,-5.087678,0.031709,0.053292,-0.003464
esp32-c3-004,19,24,56048,-8.013393,-0.031125,-5.090073,0.031443,0.054358,-0.002931
esp32-c3-004,19,25,56068,-8.049306,-0.062249,-5.075707,0.030377,0.053825,-0.003464
esp32-c3-004,19,26,56089,-8.063671,-0.067038,-5.035006,0.028778,0.053559,-0.004263
esp32-c3-004,19,27,56108,-8.015787,-0.038307,-5.051765,0.027446,0.053825,-0.005329
esp32-c3-004,19,28,56128,-7.991845,-0.009577,-5.123591,0.027179,0.053559,-0.005862
esp32-c3-004,19,29,56148,-7.967903,0.004788,-5.169082,0.027979,0.054891,-0.004263
esp32-c3-004,19,30,56168,-7.979874,-0.007183,-5.166687,0.030377,0.053292,-0.002665
esp32-c3-004,19,31,56188,-8.001422,-0.021548,-5.147533,0.032242,0.053026,-0.002931
esp32-c3-004,19,32,56208,-8.025364,-0.02873,-5.066131,0.031975,0.053825,-0.002398
esp32-c3-004,19,33,56228,-8.010999,-0.021548,-5.078102,0.031176,0.054092,-0.003198
esp32-c3-004,19,34,56248,-8.013393,-0.043096,-5.097255,0.029844,0.055158,-0.003198
esp32-c3-004,19,35,56268,-8.013393,-0.069432,-5.109226,0.029844,0.054358,-0.003997
esp32-c3-004,19,36,56288,-8.020576,-0.033519,-5.087678,0.029311,0.053825,-0.005329
esp32-c3-004,19,37,56308,-8.001422,-0.026336,-5.109226,0.029311,0.054358,-0.00453
esp32-c3-004,19,38,56328,-7.989451,-0.004788,-5.106832,0.028245,0.054092,-0.00373
esp32-c3-004,19,39,56348,-7.984663,-0.02873,-5.092467,0.029044,0.055424,-0.003997
esp32-c3-004,19,40,56368,-7.97748,-0.014365,-5.118803,0.029044,0.05649,-0.003997
esp32-c3-004,19,41,56388,-7.987057,-0.043096,-5.106832,0.03011,0.054891,-0.003198
esp32-c3-004,19,42,56408,-7.996634,-0.050278,-5.070919,0.029844,0.054358,-0.003464
esp32-c3-004,19,43,56428,-8.00621,-0.04549,-5.092467,0.03091,0.054625,-0.003997
esp32-c3-004,19,44,56448,-8.003817,-0.031125,-5.094861,0.029044,0.054092,-0.00373
esp32-c3-004,19,45,56468,-7.991845,-0.047884,-5.092467,0.029577,0.05276,-0.003997
esp32-c3-004,19,46,56488,-8.013393,-0.067038,-5.092467,0.028511,0.05276,-0.004263
esp32-c3-004,19,47,56508,-8.003817,-0.02873,-5.102044,0.027712,0.054625,-0.004796
esp32-c3-004,19,48,56528,-7.965509,-0.007183,-5.152322,0.027712,0.055691,-0.004796
esp32-c3-004,19,49,56548,-7.960721,0.002394,-5.200206,0.029844,0.054092,-0.003464
esp32-c3-004,19,50,56568,-7.984663,-0.035913,-5.12838,0.03091,0.053825,-0.002665
esp32-c3-004,19,51,56588,-8.02297,-0.052672,-5.08289,0.031176,0.055424,-0.003997
esp32-c3-004,19,52,56608,-8.042124,-0.059855,-5.078102,0.030377,0.054625,-0.003464
esp32-c3-004,19,53,56628,-8.02297,-0.040701,-5.085284,0.028778,0.054625,-0.003464
esp32-c3-004,19,54,56648,-8.00621,-0.031125,-5.085284,0.027979,0.053825,-0.005063
esp32-c3-004,19,55,56668,-8.008605,-0.031125,-5.12838,0.026913,0.053292,-0.004796
esp32-c3-004,19,56,56688,-7.984663,-0.014365,-5.130774,0.028245,0.053026,-0.00453
esp32-c3-004,19,57,56708,-7.982268,-0.009577,-5.145139,0.029844,0.053026,-0.003464
esp32-c3-004,19,58,56728,-7.991845,-0.021548,-5.137957,0.03011,0.054092,-0.00373
esp32-c3-004,19,59,56748,-8.008605,-0.026336,-5.116409,0.031176,0.054625,-0.003198
esp32-c3-004,19,60,56768,-8.015787,-0.043096,-5.073313,0.030643,0.054891,-0.003464
esp32-c3-004,19,61,56788,-8.030152,-0.04549,-5.068525,0.029311,0.055424,-0.003997
esp32-c3-004,19,62,56808,-8.00621,-0.040701,-5.135562,0.029044,0.054625,-0.00453
esp32-c3-004,19,63,56828,-8.008605,-0.035913,-5.097255,0.029044,0.053559,-0.00453
esp32-c3-004,19,64,56848,-7.982268,-0.014365,-5.130774,0.028511,0.053026,-0.004263
esp32-c3-004,19,65,56868,-7.979874,-0.002394,-5.125986,0.029577,0.054092,-0.003464
esp32-c3-004,19,66,56888,-7.984663,-0.014365,-5.145139,0.029844,0.054092,-0.002931
esp32-c3-004,19,67,56908,-8.001422,-0.035913,-5.121197,0.03011,0.054358,-0.00373
esp32-c3-004,19,68,56928,-8.008605,-0.035913,-5.066131,0.030377,0.053559,-0.002665
esp32-c3-004,19,69,56948,-8.008605,-0.031125,-5.092467,0.030377,0.053825,-0.003464
esp32-c3-004,19,70,56968,-7.999028,-0.043096,-5.073313,0.029844,0.054891,-0.00373
esp32-c3-004,19,71,56988,-8.030152,-0.035913,-5.078102,0.029311,0.053559,-0.003997
esp32-c3-004,19,72,57008,-8.013393,-0.043096,-5.080496,0.028778,0.053292,-0.004796
esp32-c3-004,19,73,57028,-7.996634,-0.019154,-5.116409,0.029044,0.054358,-0.004263
esp32-c3-004,19,74,57048,-7.989451,0.002394,-5.130774,0.029844,0.054625,-0.003997
esp32-c3-004,19,75,57068,-7.984663,-0.011971,-5.140351,0.029577,0.053292,-0.00373
esp32-c3-004,19,76,57088,-8.001422,-0.031125,-5.099649,0.029577,0.053825,-0.00373
esp32-c3-004,19,77,57108,-8.001422,-0.023942,-5.121197,0.030377,0.053292,-0.003198
esp32-c3-004,19,78,57128,-8.02297,-0.04549,-5.130774,0.03011,0.053026,-0.003464
esp32-c3-004,19,79,57148,-8.054094,-0.009577,-5.149928,0.029311,0.048496,-0.00453
esp32-c3-004,19,80,57168,-8.001422,-0.014365,-5.042189,0.028511,0.054358,-0.003464
esp32-c3-004,19,81,57188,-8.018182,-0.009577,-5.097255,0.029844,0.053559,-0.00373
esp32-c3-004,19,82,57208,-8.001422,-0.052672,-5.097255,0.028245,0.05649,-0.003997
esp32-c3-004,19,83,57229,-8.003817,-0.062249,-5.135562,0.027979,0.055691,-0.003997
esp32-c3-004,19,84,57248,-8.020576,-0.038307,-5.078102,0.028245,0.05649,-0.00453
esp32-c3-004,19,85,57268,-7.994239,-0.014365,-5.116409,0.029311,0.055158,-0.004263
esp32-c3-004,19,86,57288,-7.984663,-0.004788,-5.135562,0.029844,0.05649,-0.002665
esp32-c3-004,19,87,57309,-8.003817,-0.021548,-5.125986,0.029844,0.054358,-0.003198
esp32-c3-004,19,88,57328,-8.037335,-0.052672,-5.099649,0.03091,0.054891,-0.003997
esp32-c3-004,19,89,57348,-8.027759,-0.035913,-5.068525,0.030377,0.053292,-0.00373
esp32-c3-004,19,90,57368,-7.999028,-0.04549,-5.075707,0.03091,0.053825,-0.003997
esp32-c3-004,19,91,57388,-8.00621,-0.019154,-5.12838,0.029577,0.054358,-0.003464
esp32-c3-004,19,92,57408,-8.010999,-0.035913,-5.102044,0.029844,0.053292,-0.003997
esp32-c3-004,19,93,57428,-8.00621,-0.038307,-5.123591,0.029577,0.054625,-0.00373
esp32-c3-004,19,94,57448,-8.00621,-0.050278,-5.116409,0.029577,0.055424,-0.003198
esp32-c3-004,19,95,57468,-8.010999,-0.040701,-5.094861,0.029577,0.054625,-0.00373
esp32-c3-004,19,96,57488,-8.008605,-0.031125,-5.109226,0.029311,0.055691,-0.00373
esp32-c3-004,19,97,57508,-8.013393,-0.019154,-5.102044,0.029044,0.055691,-0.00373
esp32-c3-004,19,98,57528,-7.996634,-0.031125,-5.116409,0.029044,0.055691,-0.00453
esp32-c3-004,19,99,57548,-8.020576,-0.050278,-5.121197,0.029577,0.054358,-0.003997
esp32-c3-004,0,0,3377,-25.452759,12.787432,-12.787432,-2.80132,-2.773608,-8.731442
esp32-c3-004,0,1,3396,-23.795971,12.816162,-8.422802,-4.209574,-0.375712,-6.839825
esp32-c3-004,0,2,3416,-24.181437,11.130644,-5.571307,-3.118144,-1.61423,-6.182995
esp32-c3-004,0,3,3436,-28.033709,16.17762,-8.190564,-2.16181,-2.041636,-5.421978
esp32-c3-004,0,4,3456,-29.728802,21.729774,-9.153033,-2.08347,-0.906505,-3.06192
esp32-c3-004,0,5,3476,-30.166941,22.471977,-6.572083,-1.643807,0.596343,0.431669
esp32-c3-004,0,6,3496,-25.850195,17.326838,-3.909731,0.573427,1.442095,3.220199
esp32-c3-004,0,7,3516,-22.244528,11.81778,-4.374207,1.657663,1.745063,4.764082
esp32-c3-004,0,8,3536,-19.263746,9.131485,-6.356606,1.232922,1.81461,5.788098
esp32-c3-004,0,9,3556,-15.998055,6.464345,-6.684611,0.731173,2.433868,6.576827
esp32-c3-004,0,10,3576,-12.167333,3.725378,-5.688623,1.128202,3.107219,6.823039
esp32-c3-004,0,11,3596,-8.623915,1.695095,-4.671088,1.930254,3.552478,6.832098
esp32-c3-004,0,12,3616,-6.124368,0.351948,-3.643975,2.352064,3.860508,6.781204
esp32-c3-004,0,13,3636,-3.543418,-1.879448,-2.382231,2.549779,3.932986,6.792395
esp32-c3-004,0,14,3656,-0.258574,-4.067749,-1.101333,2.384839,3.426441,6.527265
esp32-c3-004,0,15,3676,3.557784,-7.082048,-0.905008,1.170836,2.158346,5.633017
esp32-c3-004,0,16,3696,6.303933,-7.369353,-0.90022,-0.262732,0.939547,4.244747
esp32-c3-004,0,17,3716,7.94875,-6.849811,-0.588974,-0.884389,0.359991,2.869801
esp32-c3-004,0,18,3736,8.580819,-6.634333,-0.287304,-0.725311,0.225427,1.454086
esp32-c3-004,0,19,3756,8.645462,-6.785168,0.07422,-0.009593,0.002931,0.161743
esp32-c3-004,0,20,3776,8.384495,-6.596025,0.07422,0.502548,-0.671219,-1.033075
esp32-c3-004,0,21,3796,7.826645,-6.368577,-0.667982,0.194784,-1.715219,-2.291577
esp32-c3-004,0,22,3816,6.086061,-6.229713,-2.027889,-0.288312,-2.93242,-3.835994
esp32-c3-004,0,23,3836,3.438074,-6.133945,-2.920926,-0.207841,-3.963896,-5.430239
esp32-c3-004,0,24,3856,-0.167594,-4.924873,-3.61285,-0.212637,-4.344671,-6.980784
esp32-c3-004,0,25,3876,-4.862624,-3.804387,-5.003881,0.018652,-4.196784,-7.860377
esp32-c3-004,0,26,3896,-9.674969,-1.187524,-7.36217,0.077807,-4.161877,-7.972824
esp32-c3-004,0,27,3916,-12.229582,4.984728,-9.672575,-0.850548,-3.94098,-7.12947
esp32-c3-004,0,28,3936,-14.777013,7.153875,-9.981427,-2.842089,-3.37528,-6.366322
esp32-c3-004,0,29,3956,-16.881516,7.532158,-7.278373,-4.554111,-2.644907,-5.894416
esp32-c3-004,0,30,3977,-21.068975,7.144298,-4.635174,-3.819473,-1.931054,-5.882958
esp32-c3-004,0,31,3996,-25.682602,12.138602,-5.48751,-2.538855,-2.260401,-5.10622
esp32-c3-004,0,32,4016,-27.614723,16.335638,-4.747702,-3.046199,-1.621691,-3.058456
esp32-c3-004,0,33,4036,-26.992229,16.855181,-3.354277,-2.57909,-0.461513,-0.498551
esp32-c3-004,0,34,4056,-23.824701,15.073894,-3.3447,-0.870799,-0.398628,2.449323
esp32-c3-004,0,35,4076,-20.077776,10.642226,-3.979163,0.565433,0.161476,4.623124
esp32-c3-004,0,36,4096,-16.666039,6.665458,-4.778827,1.281685,0.541185,6.031911
esp32-c3-004,0,37,4116,-13.735536,4.125209,-5.482722,1.463945,0.826567,6.92083
esp32-c3-004,0,38,4136,-10.919954,1.936909,-5.204995,1.69177,1.406123,7.400462
esp32-c3-004,0,39,4156,-7.654263,-0.3304,-4.371812,2.327017,2.205776,7.539556
esp32-c3-004,0,40,4176,-4.333505,-2.118869,-2.870648,2.31396,2.777605,7.165442
esp32-c3-004,0,41,4196,-0.715866,-3.368642,-2.401384,1.924392,2.71019,6.461981
esp32-c3-004,0,42,4216,2.336741,-4.213795,-3.275268,1.065317,1.593179,5.452888
esp32-c3-004,0,43,4236,3.907337,-2.748544,-4.67827,-0.22596,0.634181,4.375314
esp32-c3-004,0,44,4256,3.53863,0.335188,-4.76925,-0.788196,0.544116,3.612165
esp32-c3-004,0,45,4276,3.37343,1.084573,-3.210624,-0.491623,0.82177,3.333446
esp32-c3-004,0,46,4296,4.10845,0.4956,-0.995988,-0.153482,0.899311,3.161311
esp32-c3-004,0,47,4318,5.592855,-1.11091,-0.648829,0.226227,0.627253,2.701663
esp32-c3-004,0,48,4336,7.48188,-2.6839,-1.759738,0.673084,0.035706,1.910269
esp32-c3-004,0,49,4356,8.916007,-4.211401,-2.762909,0.583553,-0.600873,0.584352
esp32-c3-004,0,50,4376,9.220071,-3.744531,-4.204218,0.040502,-0.97925,-1.106885
esp32-c3-004,0,51,4397,7.211336,-1.529895,-5.401319,-0.449256,-0.99124,-2.842622
esp32-c3-004,0,52,4416,3.335123,0.962469,-6.31351,-0.718916,-0.866802,-4.112582
esp32-c3-004,0,53,4436,-1.426944,5.216966,-7.536947,-1.091164,-1.056524,-4.638313
esp32-c3-004,0,54,4456,-5.74369,12.35887,-7.580042,-1.827933,-0.980582,-3.964695
esp32-c3-004,0,55,4476,-6.351817,14.614207,-7.371747,-1.384806,-0.485228,-2.443727
esp32-c3-004,0,56,4496,-4.218584,13.575124,-7.146692,-0.281118,-0.293642,-1.60517
esp32-c3-004,0,57,4516,-3.797204,13.283031,-7.496245,0.183593,0.110848,-1.590248
esp32-c3-004,0,58,4536,-4.987122,13.424289,-7.728483,0.592613,0.578224,-1.415182
esp32-c3-004,0,59,4556,-5.602432,13.551182,-7.340622,0.627519,0.815908,-0.651501
esp32-c3-004,0,60,4576,-4.168305,11.947066,-6.124368,0.282983,0.76528,0.135896
esp32-c3-004,0,61,4596,-2.506729,9.998186,-5.272032,0.22676,0.424741,0.389568
esp32-c3-004,0,62,4616,-1.584962,8.853758,-5.633556,0.398894,0.223828,0.306165
esp32-c3-004,0,63,4636,-1.276109,8.128315,-5.899313,0.498818,0.290444,0.19958
esp32-c3-004,0,64,4656,-1.47004,7.728483,-6.023811,0.461779,0.354129,0.201179
esp32-c3-004,0,65,4676,-1.271321,7.637504,-5.956774,0.315758,0.305899,0.310695
esp32-c3-004,0,66,4696,-0.787692,7.113173,-5.700594,0.149219,0.182527,0.262466
esp32-c3-004,0,67,4716,-0.476446,6.828263,-5.791574,0.14309,0.022116,0.101789
esp32-c3-004,0,68,4736,-0.306458,6.742072,-5.810728,0.173467,-0.01732,-0.081005
esp32-c3-004,0,69,4756,-0.711078,7.120356,-6.038177,0.298438,0.007994,-0.17853
esp32-c3-004,0,70,4776,-1.082179,7.666234,-6.366182,0.371449,0.111914,-0.063152
esp32-c3-004,0,71,4796,-0.976834,7.548918,-6.200983,0.443926,0.188922,0.132165
esp32-c3-004,0,72,4816,-0.52433,7.134721,-6.22253,0.480965,0.115112,0.170536
esp32-c3-004,0,73,4836,-0.19393,6.83784,-6.660669,0.385571,-0.100989,0.0437
esp32-c3-004,0,74,4856,-0.445322,7.03177,-7.13951,0.209706,-0.179329,-0.099657
esp32-c3-004,0,75,4876,-0.92895,7.599196,-7.326257,0.121507,-0.053026,-0.034374
esp32-c3-004,0,76,4897,-0.723049,7.438785,-6.907272,-0.081005,0.087133,0.089265
esp32-c3-004,0,77,4916,-0.205901,6.967127,-6.586449,-0.119908,0.07834,0.056224
esp32-c3-004,0,78,4936,-0.095768,7.00304,-6.730101,-0.065283,0.007461,-0.119908
esp32-c3-004,0,79,4956,-0.395043,7.232883,-6.67264,-0.056224,0.023182,-0.245945
esp32-c3-004,0,80,4976,-0.756568,7.43639,-6.67264,0.034907,0.008793,-0.20491
esp32-c3-004,0,81,4996,-0.845153,7.57286,-6.576872,-0.080738,0.011458,-0.090064
esp32-c3-004,0,82,5016,-0.701501,7.390901,-6.390124,-0.212904,-0.054625,-0.045299
esp32-c3-004,0,83,5036,-0.694318,7.405266,-6.394913,-0.173201,-0.083669,-0.067149
esp32-c3-004,0,84,5056,-0.64404,7.357382,-6.373365,-0.020518,0.022116,-0.085002
esp32-c3-004,0,85,5076,-0.447716,7.036559,-6.426037,0.083669,0.186257,-0.127902
esp32-c3-004,0,86,5096,-0.23942,6.655881,-6.28478,0.0429,0.288845,-0.199314
esp32-c3-004,0,87,5116,-0.167594,6.550536,-5.975927,-0.041835,0.2614,-0.277387
esp32-c3-004,0,88,5136,-0.282516,6.73489,-6.064513,-0.17773,0.138827,-0.309896
esp32-c3-004,0,89,5156,-0.282516,6.902483,-5.906496,-0.232355,0.090064,-0.278187
esp32-c3-004,0,90,5176,-0.07422,6.713342,-5.671864,-0.135096,0.090331,-0.262998
esp32-c3-004,0,91,5196,-0.07422,6.86657,-6.177041,0.146021,0.047164,-0.302701
esp32-c3-004,0,92,5216,-0.294487,7.113173,-7.036559,0.371449,0.006395,-0.315225
esp32-c3-004,0,93,5236,-0.581791,7.240066,-7.915231,0.367718,0.032775,-0.279519
esp32-c3-004,0,94,5256,-0.533907,7.146692,-8.339005,0.107917,0.12657,-0.263265
esp32-c3-004,0,95,5276,-0.634463,7.120356,-7.97748,-0.293908,0.164674,-0.403158
esp32-c3-004,0,96,5296,-1.247379,7.726089,-7.48188,-0.573694,0.179063,-0.535323
esp32-c3-004,0,97,5317,-1.750161,8.2169,-6.861782,-0.738634,0.315758,-0.513207
esp32-c3-004,0,98,5336,-1.843535,8.221688,-6.121974,-0.674949,0.366119,-0.358658
esp32-c3-004,0,99,5356,-1.558625,7.982268,-5.568913,-0.54385,0.29151,-0.275789
esp32-c3-004,1,0,5768,-1.556231,7.833828,-6.007052,0.100456,0.093795,0.025847
esp32-c3-004,1,1,5787,-1.393425,7.560889,-5.78918,0.073544,0.110315,0.068214
esp32-c3-004,1,2,5807,-1.216254,7.429208,-5.784391,0.014922,0.098858,0.002665
esp32-c3-004,1,3,5828,-1.256956,7.551312,-5.856217,-0.093262,0.113513,-0.097259
esp32-c3-004,1,4,5847,-1.388637,7.682993,-5.729325,-0.157213,0.133764,-0.149752
esp32-c3-004,1,5,5867,-1.58975,7.936779,-5.65271,-0.105786,0.119642,-0.10472
esp32-c3-004,1,6,5887,-1.541866,7.819463,-5.521029,-0.106319,0.064484,-0.059421
esp32-c3-004,1,7,5907,-1.549049,7.884106,-5.513846,-0.06555,0.013323,-0.083936
esp32-c3-004,1,8,5927,-1.735796,8.039729,-5.439626,-0.112447,0.056757,-0.120441
esp32-c3-004,1,9,5947,-1.750161,8.025364,-5.255273,-0.203577,0.06928,-0.136695
esp32-c3-004,1,10,5967,-1.855506,8.130709,-5.094861,-0.168937,-0.016787,-0.144956
esp32-c3-004,1,11,5987,-2.20506,8.523358,-5.164293,-0.023715,-0.071412,-0.065017
esp32-c3-004,1,12,6007,-2.351106,8.686164,-5.226542,0.303767,-0.005596,0.133231
esp32-c3-004,1,13,6027,-1.80044,8.087613,-5.358223,0.579023,0.12577,0.188122
esp32-c3-004,1,14,6047,-1.446098,7.460332,-6.014235,0.406089,0.206775,0.017054
esp32-c3-004,1,15,6067,-1.685518,7.050924,-5.465962,-0.363988,0.032242,-0.323219
esp32-c3-004,1,16,6087,-2.221819,8.240842,-5.418078,0.071678,-0.036505,-0.228358
esp32-c3-004,1,17,6107,-2.552219,8.379706,-6.009446,0.192119,-0.027979,-0.065283
esp32-c3-004,1,18,6127,-2.286463,8.133103,-5.602432,-0.113247,0.173201,0.140692
esp32-c3-004,1,19,6147,-1.82917,7.704541,-4.903325,-0.189188,0.269127,0.173734
esp32-c3-004,1,20,6167,-1.659182,7.587225,-4.766856,0.003198,0.176665,0.096459
esp32-c3-004,1,21,6187,-1.659182,7.671022,-4.853047,0.045565,0.008793,0.041835
esp32-c3-004,1,22,6207,-1.798046,7.965509,-4.848258,0.190254,0.001066,0.036505
esp32-c3-004,1,23,6227,-1.747767,8.066066,-5.046977,0.296573,0.022649,0.053559
esp32-c3-004,1,24,6247,-1.450886,7.879318,-4.76925,0.329081,-0.006395,0.085534
esp32-c3-004,1,25,6267,-0.387861,7.544129,-3.394978,-0.84442,-0.511608,-0.379975
esp32-c3-004,1,26,6287,-2.1883,8.846576,-5.547365,-0.224894,-0.280851,-0.386371
esp32-c3-004,1,27,6307,-2.92332,9.514558,-5.518635,0.302435,-0.057023,-0.054625
esp32-c3-004,1,28,6328,-2.406173,8.978256,-5.650316,0.872398,-0.012257,0.374646
esp32-c3-004,1,29,6347,-1.37906,8.180987,-6.382942,0.985645,-0.003464,0.40822
esp32-c3-004,1,30,6368,-1.13964,8.116343,-6.868965,0.775139,0.024781,0.208374
esp32-c3-004,1,31,6387,-1.45328,8.12592,-7.393295,0.891583,-0.0866,-0.062086
esp32-c3-004,1,32,6407,-1.247379,6.665458,-7.067683,0.10019,-0.087933,0.115911
esp32-c3-004,1,33,6427,-1.122881,7.43639,-6.967127,0.086067,0.038637,-0.02185
esp32-c3-004,1,34,6448,-1.702277,7.419631,-6.703765,0.156413,0.067948,-0.159611
esp32-c3-004,1,35,6467,-2.008735,7.671022,-6.550536,-0.041302,0.09566,-0.072211
esp32-c3-004,1,36,6487,-2.099715,7.680599,-6.136339,-0.231822,0.176931,0.118043
esp32-c3-004,1,37,6507,-1.522712,7.13951,-5.530606,-0.28698,0.231289,0.182793
esp32-c3-004,1,38,6527,-1.520318,7.211336,-5.336676,-0.074343,0.119375,0.002931
esp32-c3-004,1,39,6547,-1.707066,7.237672,-5.710171,0.062885,0.053026,-0.018652
esp32-c3-004,1,40,6567,-1.862689,7.905654,-5.540183,-0.962196,-0.046364,-0.193452
esp32-c3-004,1,41,6587,-2.810793,8.561666,-5.070919,-0.482297,0.010658,-0.142291
esp32-c3-004,1,42,6607,-2.899378,8.767567,-4.771644,0.250475,0.113779,0.106851
esp32-c3-004,1,43,6627,-2.092532,7.733272,-4.745308,0.862273,0.10392,0.293109
esp32-c3-004,1,44,6647,-1.33357,7.034164,-5.463568,0.684542,0.01279,0.10472
esp32-c3-004,1,45,6667,-1.891419,7.398083,-5.554548,0.340273,-0.083936,-0.050095
esp32-c3-004,1,46,6687,-2.48997,8.09719,-5.592855,0.253406,-0.19958,0.066616
esp32-c3-004,1,47,6707,-1.513135,6.141128,-5.71496,0.079139,-0.337874,0.290444
esp32-c3-004,1,48,6727,-0.979228,6.47871,-5.887342,-0.100723,-0.330413,0.071412
esp32-c3-004,1,49,6749,-0.399832,6.093243,-5.748478,-0.037838,-0.23502,-0.43087
esp32-c3-004,1,50,6767,0.335188,5.566519,-4.76925,0.037305,-0.241415,-1.233188
esp32-c3-004,1,51,6787,-0.059855,4.522647,-3.998317,0.286181,-0.486827,-2.363789
esp32-c3-004,1,52,6807,-2.882619,4.414908,-4.182671,0.784732,-1.584119,-3.540487
esp32-c3-004,1,53,6827,-8.207323,9.94312,-7.493851,0.230224,-2.80585,-4.344138
esp32-c3-004,1,54,6847,-13.141773,16.053122,-9.485827,-1.722946,-2.705394,-4.349467
esp32-c3-004,1,55,6867,-16.709133,15.969325,-9.13388,-2.490092,-1.98781,-3.779504
esp32-c3-004,1,56,6887,-22.97476,20.973207,-9.634268,-3.084303,-2.909237,-2.891384
esp32-c3-004,1,57,6907,-26.075251,26.52536,-6.203377,-4.752625,-3.490126,-0.729574
esp32-c3-004,1,58,6927,-31.150959,24.413675,-3.981557,-5.085969,-3.793893,1.490325
esp32-c3-004,1,59,6947,-28.347347,20.264523,-4.240131,-2.724845,-4.873066,4.453387
esp32-c3-004,1,60,6967,-24.363396,12.069171,-7.575254,-0.184126,-3.803485,7.213673
esp32-c3-004,1,61,6987,-18.571823,1.465251,-8.169016,1.259302,-1.648603,8.731176
esp32-c3-004,1,62,7007,-11.614272,-7.599196,-6.167464,1.569731,0.224095,8.731176
esp32-c3-004,1,63,7027,-6.359,-12.62702,-4.031836,0.622989,0.565433,8.731176
esp32-c3-004,1,64,7047,-1.927332,-18.528727,-4.371812,-1.48313,-0.889985,8.731176
esp32-c3-004,1,65,7067,0.816423,-23.403322,-4.699818,-2.835694,-1.222263,7.934453
esp32-c3-004,1,66,7087,2.92332,-28.921957,-2.858677,-1.431703,0.201979,6.866472
esp32-c3-004,1,67,7107,7.517793,-35.570656,2.779668,1.077041,2.685409,5.34577
esp32-c3-004,1,68,7127,16.069881,-42.140343,6.442797,3.755789,2.367786,2.543651
esp32-c3-004,1,69,7147,20.954054,-47.005363,1.608904,3.827467,-0.641375,-2.473838
esp32-c3-004,1,70,7167,11.992557,-47.843334,-1.963245,1.166839,-2.259602,-8.731442
esp32-c3-004,1,71,7187,-7.184999,-47.474625,-0.998382,-0.436466,-2.256671,-8.731442
esp32-c3-004,1,72,7207,-32.21159,-38.855499,-3.457227,1.559072,-0.389568,-8.731442
esp32-c3-004,1,73,7227,-45.178585,-20.362686,-9.481039,5.929057,2.285182,-8.731442
esp32-c3-004,1,74,7247,-49.035645,-8.212111,-9.842564,4.700131,1.643807,-8.731442
esp32-c3-004,1,75,7267,-60.183048,0.998382,-9.28232,0.947008,-1.730407,-8.731442
esp32-c3-004,1,76,7287,-69.067932,11.434708,-7.414843,-1.691504,-2.555109,-8.731442
esp32-c3-004,1,77,7307,-73.88028,23.427263,-9.947908,-1.192686,-1.972355,-8.731442
esp32-c3-004,1,78,7327,-69.101448,36.123714,-9.078813,-0.244613,0.473504,-3.850649
esp32-c3-004,1,79,7347,-58.253323,26.427198,-4.575319,1.404257,1.395997,1.036539
esp32-c3-004,1,80,7367,-49.380409,20.101717,-0.792481,1.159645,0.887587,3.204744
esp32-c3-004,1,81,7387,-45.063663,15.239094,-0.292093,0.657896,-0.612864,5.116879
esp32-c3-004,1,82,7407,-42.920853,10.596737,-5.05416,0.054358,-2.282518,7.294144
esp32-c3-004,1,83,7427,-39.288849,3.119645,-8.2169,0.319222,-1.993139,8.731176
esp32-c3-004,1,84,7447,-33.090263,-7.876924,-8.987833,1.910536,-0.68774,8.731176
esp32-c3-004,1,85,7467,-25.531767,-15.655684,-7.936779,1.99687,0.493755,8.731176
esp32-c3-004,1,86,7487,-17.987637,-18.744205,-6.517017,1.702695,1.271559,8.731176
esp32-c3-004,1,87,7507,-13.572729,-19.756952,-4.520253,1.6097,1.916931,8.731176
esp32-c3-004,1,88,7527,-9.651027,-21.466412,-2.636016,0.860674,2.468775,8.731176
esp32-c3-004,1,89,7547,-6.311116,-22.282835,-1.63524,-0.436998,2.880459,8.731176
esp32-c3-004,1,90,7567,-3.995923,-23.283611,0.742203,-1.923326,3.206343,8.610469
esp32-c3-004,1,91,7587,-1.886631,-25.141512,4.113238,-2.091997,3.064852,8.152952
esp32-c3-004,1,92,7607,4.472369,-30.202854,7.297527,-0.337608,3.227394,7.490793
esp32-c3-004,1,93,7627,17.168821,-34.596214,10.369287,1.353096,2.513274,4.092597
esp32-c3-004,1,94,7647,21.87582,-36.015976,10.084377,0.885188,-0.188122,-2.119976
esp32-c3-004,1,95,7667,12.090718,-32.570721,6.078878,1.10875,-1.612364,-7.907274
esp32-c3-004,1,96,7687,-0.354342,-30.21722,3.383007,2.673152,-1.161776,-8.731442
esp32-c3-004,1,97,7707,-11.659762,-29.261932,0.871489,4.834429,-0.935816,-8.731442
esp32-c3-004,1,98,7727,-25.280376,-19.812019,-6.205771,5.854447,-1.86124,-8.731442
esp32-c3-004,1,99,7747,-30.538042,-2.949656,-12.684481,3.758187,-2.487427,-8.731442
esp32-c3-004,2,0,7923,-30.66254,15.442601,6.34224,-1.049329,-0.151351,3.096028
esp32-c3-004,2,1,7942,-27.33939,11.013328,4.716578,0.15215,-2.02245,4.716652
esp32-c3-004,2,2,7962,-24.657883,7.874529,0.251391,0.843887,-3.177565,5.973556
esp32-c3-004,2,3,7983,-22.835896,5.386954,-4.146757,1.665923,-3.054459,7.374616
esp32-c3-004,2,4,8002,-20.937294,2.109292,-6.157887,2.278254,-1.870034,8.731176
esp32-c3-004,2,5,8022,-17.968483,-2.999935,-5.260061,3.136263,-0.141225,8.731176
esp32-c3-004,2,6,8042,-14.4107,-8.377312,-3.028665,4.392367,1.633948,8.731176
esp32-c3-004,2,7,8062,-9.603143,-12.526464,-0.758962,4.461381,2.997437,8.731176
esp32-c3-004,2,8,8082,-4.532224,-14.628572,0.146046,3.326251,2.828766,8.731176
esp32-c3-004,2,9,8102,0.328006,-14.137761,-0.816423,1.997136,1.496187,8.404493
esp32-c3-004,2,10,8122,2.616863,-12.636597,-1.807622,0.279786,0.885455,6.368187
esp32-c3-004,2,11,8142,3.46441,-11.307815,-0.555455,-1.234521,0.855345,5.030013
esp32-c3-004,2,12,8162,4.43885,-11.247959,1.92015,-1.803152,0.880126,4.138163
esp32-c3-004,2,13,8182,6.119579,-11.99495,3.73256,-0.880925,0.834028,3.589516
esp32-c3-004,2,14,8202,8.669404,-14.379576,4.477157,0.579023,0.777538,3.11468
esp32-c3-004,2,15,8222,13.450625,-19.007566,4.853047,1.761051,0.570496,1.788763
esp32-c3-004,2,16,8242,17.49922,-22.349873,5.245696,1.844187,-0.371982,-1.26996
esp32-c3-004,2,17,8262,14.365211,-23.005884,4.089296,1.431969,-1.676049,-5.341507
esp32-c3-004,2,18,8282,5.480328,-22.22298,3.081338,1.680845,-2.51434,-8.731442
esp32-c3-004,2,19,8302,-3.986346,-22.055386,1.012747,2.716319,-3.156515,-8.731442
esp32-c3-004,2,20,8322,-15.44739,-19.744982,-4.292804,3.18476,-4.690006,-8.731442
esp32-c3-004,2,21,8342,-25.797523,-7.433996,-11.822568,-0.01359,-6.222965,-8.731442
esp32-c3-004,2,22,8362,-28.110323,2.937685,-15.878345,-2.464245,-4.057424,-8.731442
esp32-c3-004,2,23,8383,-30.413544,4.869806,-15.315708,-1.424242,-1.258502,-8.731442
esp32-c3-004,2,24,8402,-35.783737,11.851298,-12.595895,-1.19615,0.248077,-8.731442
esp32-c3-004,2,25,8422,-37.407009,17.00362,-10.228029,-2.190322,-0.148953,-7.233657
esp32-c3-004,2,26,8442,-37.191528,17.702728,-9.514558,-3.897014,-1.146322,-6.091599
esp32-c3-004,2,27,8462,-39.430107,18.490419,-7.050924,-6.731109,-1.064251,-5.738802
esp32-c3-004,2,28,8483,-43.473915,21.68189,5.190629,-6.767347,0.765813,-3.226061
esp32-c3-004,2,29,8502,-43.22731,24.18862,11.427525,-1.108484,-0.40449,1.806083
esp32-c3-004,2,30,8522,-39.197868,16.208746,4.220978,1.018952,-2.867403,5.954903
esp32-c3-004,2,31,8542,-34.814087,7.635109,-3.406949,1.243314,-3.46721,8.473241
esp32-c3-004,2,32,8562,-31.821335,2.396596,-8.298303,1.415182,-2.389369,8.731176
esp32-c3-004,2,33,8582,-29.218838,-2.240973,-10.498574,1.689372,-0.944343,8.731176
esp32-c3-004,2,34,8602,-26.601974,-9.471462,-10.041282,2.411752,1.072511,8.731176
esp32-c3-004,2,35,8622,-22.984337,-18.152838,-6.440403,3.678781,3.577259,8.731176
esp32-c3-004,2,36,8642,-16.7642,-24.631548,-0.543484,4.03664,5.497387,8.731176
esp32-c3-004,2,37,8662,-8.240842,-28.196514,3.854665,1.838325,4.347335,8.731176
esp32-c3-004,2,38,8682,0.718261,-28.366501,4.129998,-1.369617,1.420245,8.731176
esp32-c3-004,2,39,8702,8.690952,-26.680984,2.185906,-2.651835,-0.251008,7.231259
esp32-c3-004,2,40,8722,11.403583,-24.53578,2.63841,-2.569764,0.255271,3.970557
esp32-c3-004,2,41,8742,12.107478,-24.325089,6.53617,-1.354429,1.111681,1.679513
esp32-c3-004,2,42,8762,13.953407,-26.3027,9.849746,1.37015,0.774873,0.060221
esp32-c3-004,2,43,8782,14.609419,-27.521349,8.939949,3.33238,-0.936882,-2.608135
esp32-c3-004,2,44,8802,9.679757,-27.463888,4.601655,4.132034,-2.690205,-6.416683
esp32-c3-004,2,45,8822,0.471658,-27.698519,0.237026,4.453654,-3.903675,-8.731442
esp32-c3-004,2,46,8842,-10.058042,-27.284323,-4.663905,4.278055,-4.738769,-8.731442
esp32-c3-004,2,47,8862,-20.791248,-22.764071,-10.493786,2.973188,-5.364689,-8.731442
esp32-c3-004,2,48,8882,-26.771963,-10.481815,-14.408306,-0.482031,-5.063586,-8.731442
esp32-c3-004,2,49,8902,-28.385654,-6.263232,-16.053122,-2.612398,-3.469608,-8.731442
esp32-c3-004,2,50,8922,-34.124557,-1.750161,-16.924612,-1.353896,-0.918763,-8.731442
esp32-c3-004,2,51,8942,-42.386948,7.304709,-13.881581,-1.818074,0.571828,-8.731442
esp32-c3-004,2,52,8962,-44.249638,14.796166,-8.925584,-4.095795,-0.120175,-8.731442
esp32-c3-004,2,53,8982,-42.152313,16.95813,-4.376601,-5.308465,-0.406888,-7.554478
esp32-c3-004,2,54,9003,-42.980709,19.251776,2.425326,-5.142992,0.400493,-5.844055
esp32-c3-004,2,55,9022,-43.689392,20.724211,9.176975,-2.749626,0.467375,-3.029412
esp32-c3-004,2,56,9042,-41.960777,22.196644,12.682086,-0.462845,-1.329914,0.981648
esp32-c3-004,2,57,9062,-37.414188,15.811308,5.303157,1.624888,-3.632683,4.738503
esp32-c3-004,2,58,9082,-32.704796,8.204929,-2.013524,1.985412,-4.266864,6.566168
esp32-c3-004,2,59,9102,-31.332918,6.325481,-7.036559,1.21427,-4.787531,7.410055
esp32-c3-004,2,60,9122,-31.306581,6.476315,-11.853693,-0.023715,-5.365489,8.731176
esp32-c3-004,2,61,9142,-29.513325,1.01993,-13.543999,1.557473,-4.204778,8.731176
esp32-c3-004,2,62,9162,-25.699362,-6.868965,-13.275848,4.423011,-1.334444,8.731176
esp32-c3-004,2,63,9182,-20.223822,-14.099454,-10.398018,6.051363,1.839124,8.731176
esp32-c3-004,2,64,9202,-13.917495,-18.811243,-6.16507,5.515774,3.614297,8.731176
esp32-c3-004,2,65,9222,-7.852982,-20.743364,-3.519476,2.616395,2.954803,8.731176
esp32-c3-004,2,66,9242,-2.219425,-20.527885,-2.710236,-0.88359,1.054925,8.731176
esp32-c3-004,2,67,9262,1.556231,-20.62126,-2.568978,-3.43257,-0.515072,7.992276
esp32-c3-004,2,68,9282,5.559336,-21.813572,-1.726219,-4.454187,-0.896113,6.71139
esp32-c3-004,2,69,9302,9.746795,-24.636335,-0.172383,-3.525565,-0.303767,5.028946
esp32-c3-004,2,70,9322,14.542381,-29.161377,0.914585,-1.570263,0.417547,2.840756
esp32-c3-004,2,71,9342,19.122488,-32.240318,2.018312,0.194251,0.664824,-0.741299
esp32-c3-004,2,72,9362,16.651672,-31.026461,2.317587,0.703727,-0.070879,-5.613832
esp32-c3-004,2,73,9382,6.641516,-27.918785,2.08535,0.415149,-0.825501,-8.731442
esp32-c3-004,2,74,9403,-4.742914,-25.847801,2.080561,0.03011,-1.633149,-8.731442
esp32-c3-004,2,75,9422,-16.893488,-22.536621,0.665588,-0.970456,-2.92256,-8.731442
esp32-c3-004,2,76,9442,-30.190884,-6.442797,-4.223372,-4.850416,-4.405691,-8.731442
esp32-c3-004,2,77,9462,-35.137302,12.761095,-5.530606,-7.797492,-1.116211,-8.731442
esp32-c3-004,2,78,9482,-35.271378,20.774488,2.15957,-6.674619,2.294242,-8.731442
esp32-c3-004,2,79,9502,-32.66888,19.517532,12.332533,-3.708625,2.075743,-6.995706
esp32-c3-004,2,80,9522,-29.697678,16.225506,11.104307,-3.972423,-0.31256,-6.792928
esp32-c3-004,2,81,9542,-33.791763,19.402611,7.536947,-5.575994,-1.089565,-6.277057
esp32-c3-004,2,82,9562,-34.938587,23.851038,9.722853,-4.077409,0.696266,-2.354196
esp32-c3-004,2,83,9582,-30.978577,19.936518,10.783484,0.330413,1.635813,2.212172
esp32-c3-004,2,84,9602,-25.653872,11.896789,8.791509,1.996603,1.007761,4.597544
esp32-c3-004,2,85,9622,-22.996307,8.094796,6.299145,1.242781,-0.498551,5.369219
esp32-c3-004,2,86,9642,-22.299595,8.851364,3.682282,0.759685,-1.301669,6.541654
esp32-c3-004,2,87,9662,-21.859062,8.432379,1.817199,1.96223,-0.688006,8.731176
esp32-c3-004,2,88,9682,-19.783289,3.383007,1.632846,4.735038,1.733605,8.731176
esp32-c3-004,2,89,9702,-16.297331,-3.332729,3.895366,7.043403,4.651369,8.731176
esp32-c3-004,2,90,9722,-11.106702,-7.575254,6.914454,8.221434,6.906707,8.731176
esp32-c3-004,2,91,9742,-5.149928,-9.830592,11.008539,7.299739,7.300272,8.731176
esp32-c3-004,2,92,9762,-0.100556,-9.509769,10.529699,5.646873,6.170472,8.731176
esp32-c3-004,2,93,9782,5.070919,-10.237606,7.596802,4.976986,3.807216,7.632018
esp32-c3-004,2,94,9802,8.8777,-8.566454,5.137957,3.398729,2.732839,4.954337
esp32-c3-004,2,95,9822,8.947132,-8.441956,6.418855,2.936949,3.12747,3.15838
esp32-c3-004,2,96,9842,9.449914,-8.805874,8.50181,2.254806,1.787963,1.95317
esp32-c3-004,2,97,9862,10.192117,-10.105926,7.771579,1.099691,-0.558505,0.906239
esp32-c3-004,2,98,9882,11.554418,-12.720393,6.263232,-0.913433,-3.433369,-0.21317
esp32-c3-004,2,99,9902,12.047623,-13.388376,3.801992,-2.760551,-5.497387,-2.26653
esp32-c3-004,3,0,10011,-11.164163,2.367866,-2.724602,-8.731442,-7.551014,-8.731442
esp32-c3-004,3,1,10030,-14.518439,6.629545,-2.006341,-8.731442,-6.060156,-8.731442
esp32-c3-004,3,2,10051,-14.001291,3.241749,6.315904,-8.731442,-3.72781,-8.731442
esp32-c3-004,3,3,10070,-17.197552,1.132457,19.438524,-8.731442,-0.274989,-8.731442
esp32-c3-004,3,4,10090,-24.890121,10.591949,22.778435,-3.477335,0.734637,-6.578959
esp32-c3-004,3,5,10110,-25.112782,15.08347,13.711593,1.35656,1.20974,-2.347534
esp32-c3-004,3,6,10131,-22.958,11.604695,13.038822,1.077308,2.471173,0.338141
esp32-c3-004,3,7,10150,-20.963631,8.173804,16.055517,1.208141,2.196184,1.514573
esp32-c3-004,3,8,10170,-20.084957,7.642292,14.338874,1.924126,0.756221,2.09626
esp32-c3-004,3,9,10190,-20.360291,9.677363,10.108319,2.155681,-0.011991,2.908172
esp32-c3-004,3,10,10210,-20.412964,11.022904,7.958326,1.861507,-0.308031,4.211972
esp32-c3-004,3,11,10230,-19.582176,10.125079,6.394913,2.392034,-0.296839,5.76838
esp32-c3-004,3,12,10250,-17.726669,8.805874,4.953603,3.288946,0.1303,7.169439
esp32-c3-004,3,13,10270,-15.540763,7.352593,3.102885,4.098992,0.382907,8.459118
esp32-c3-004,3,14,10290,-13.309367,5.149928,0.775721,4.814444,0.769011,8.731176
esp32-c3-004,3,15,10310,-10.69011,2.06859,-0.847547,5.751593,2.045366,8.731176
esp32-c3-004,3,16,10331,-7.460332,-1.896208,-0.531513,6.38524,3.845853,8.731176
esp32-c3-004,3,17,10350,-3.835511,-5.803545,2.767697,6.271727,5.780903,8.731176
esp32-c3-004,3,18,10370,-1.134852,-8.60955,6.562507,6.009529,6.226962,8.731176
esp32-c3-004,3,19,10390,3.519476,-10.615891,7.350199,5.632217,4.462714,8.731176
esp32-c3-004,3,20,10410,10.180145,-16.522387,8.528147,5.064119,2.367519,7.960033
esp32-c3-004,3,21,10431,13.120225,-14.923059,6.713342,0.778603,0.298438,4.292444
esp32-c3-004,3,22,10450,13.424289,-12.971785,3.991134,-0.097525,-0.567565,1.963828
esp32-c3-004,3,23,10470,12.294226,-11.121067,5.200206,-0.097525,0.259534,-0.152949
esp32-c3-004,3,24,10490,9.768343,-10.060435,6.67264,0.414882,0.29977,-1.678714
esp32-c3-004,3,25,10510,7.922413,-9.598354,6.289568,0.890784,-1.259302,-2.670221
esp32-c3-004,3,26,10531,6.988675,-9.397242,5.042189,0.108983,-2.656631,-3.621492
esp32-c3-004,3,27,10550,5.667076,-9.516952,4.374207,-0.73144,-3.543684,-4.634848
esp32-c3-004,3,28,10570,3.347094,-9.799467,4.141969,-1.4786,-4.399828,-6.039372
esp32-c3-004,3,29,10590,0.332794,-9.449914,3.857059,-1.451688,-5.061988,-7.522502
esp32-c3-004,3,30,10610,-3.363853,-8.250419,2.494758,-1.134331,-5.785966,-8.731442
esp32-c3-004,3,31,10630,-8.580819,-5.973533,-0.931344,-1.161243,-7.053795,-8.731442
esp32-c3-004,3,32,10650,-14.913483,-2.669535,-4.520253,-3.324119,-7.858778,-8.731442
esp32-c3-004,3,33,10670,-20.436905,3.136404,-7.910442,-6.14569,-6.728977,-8.731442
esp32-c3-004,3,34,10690,-24.049757,6.023811,-6.76362,-8.731442,-4.241816,-8.731442
esp32-c3-004,3,35,10710,-27.30587,8.611943,0.289698,-8.219568,1.439697,-8.731442
esp32-c3-004,3,36,10730,-30.775068,12.334928,4.077325,-2.235887,3.621225,-8.458052
esp32-c3-004,3,37,10750,-31.182083,14.96376,2.834735,0.637112,2.211106,-5.82034
esp32-c3-004,3,38,10770,-31.009701,15.363592,3.20823,-1.847118,0.197982,-3.287881
esp32-c3-004,3,39,10790,-29.202078,13.757083,3.567361,-0.95287,-0.701862,-0.875329
esp32-c3-004,3,40,10810,-26.317064,12.038046,0.174777,0.56943,-0.289112,1.176165
esp32-c3-004,3,41,10830,-22.713791,9.200917,-1.292869,1.13513,1.05759,2.625988
esp32-c3-004,3,42,10850,-20.022709,7.510611,-1.036689,1.388802,1.7837,3.589516
esp32-c3-004,3,43,10870,-18.526333,8.420407,-1.84593,1.388003,1.849783,4.616462
esp32-c3-004,3,44,10890,-17.164032,8.492233,-2.952051,1.637412,2.257204,5.749727
esp32-c3-004,3,45,10910,-15.361198,7.357382,-4.144363,2.117577,2.955335,6.769213
esp32-c3-004,3,46,10930,-13.565547,5.839458,-5.446809,3.159712,4.452855,7.649871
esp32-c3-004,3,47,10950,-11.537658,3.600879,-5.068525,4.208242,6.600009,8.126839
esp32-c3-004,3,48,10970,-8.932767,1.077391,-2.384625,4.509345,8.731176,8.05969
esp32-c3-004,3,49,10990,-6.038177,-0.418985,1.074997,3.781103,8.731176,7.549681
esp32-c3-004,3,50,11010,-2.813187,-2.674323,3.91452,3.047798,8.731176,6.91257
esp32-c3-004,3,51,11030,1.067814,-3.684676,4.793192,3.302536,7.322122,6.147289
esp32-c3-004,3,52,11050,4.163517,-4.395754,4.8722,2.895914,5.586653,5.055593
esp32-c3-004,3,53,11070,8.054094,-6.622362,3.239355,1.347234,2.668888,3.532227
esp32-c3-004,3,54,11090,10.546458,-6.852205,1.37906,-0.35173,0.401825,1.673384
esp32-c3-004,3,55,11110,9.421184,-4.249708,-0.026336,-1.188156,-0.302701,0.173201
esp32-c3-004,3,56,11130,7.596802,-1.61848,-1.532289,-1.396796,-1.024815,-0.425008
esp32-c3-004,3,57,11150,7.12275,-0.215478,-2.99754,-1.462346,-1.631017,-0.417547
esp32-c3-004,3,58,11170,7.417237,-0.021548,-4.812346,-1.333645,-1.898279,-0.411152
esp32-c3-004,3,59,11190,7.694964,0.751779,-6.294356,-1.178031,-1.987011,-0.468441
esp32-c3-004,3,60,11210,7.924808,1.912967,-7.261614,-1.530294,-1.889219,-0.835626
esp32-c3-004,3,61,11230,7.33344,3.766079,-7.412448,-1.660328,-1.780769,-1.157513
esp32-c3-004,3,62,11251,6.426037,5.717354,-7.548918,-1.657663,-1.900677,-1.261433
esp32-c3-004,3,63,11270,5.633556,6.622362,-7.661446,-2.183127,-2.24468,-1.287547
esp32-c3-004,3,64,11290,5.027823,6.940791,-8.367735,-2.40509,-2.678481,-1.283017
esp32-c3-004,3,65,11310,3.77805,7.563283,-8.710106,-2.842355,-2.730441,-1.174034
esp32-c3-004,3,66,11330,3.193865,7.285556,-7.637504,-3.27136,-2.497286,-0.982447
esp32-c3-004,3,67,11350,2.525883,6.622362,-6.004658,-3.279886,-2.372049,-0.750891
esp32-c3-004,3,68,11370,1.970428,5.437232,-4.965574,-3.305734,-2.640643,-0.406355
esp32-c3-004,3,69,11390,2.157176,2.777274,-3.833117,-3.746463,-2.821305,-0.096459
esp32-c3-004,3,70,11410,2.657564,-1.292869,-1.656788,-3.91007,-2.109317,0.068481
esp32-c3-004,3,71,11430,4.259285,-6.215348,0.088585,-2.550845,-1.294475,-0.148153
esp32-c3-004,3,72,11451,6.026206,-9.955091,1.280898,-0.862539,-0.632315,-1.185758
esp32-c3-004,3,73,11470,6.430826,-12.229582,2.47321,0.28698,-0.483629,-2.704594
esp32-c3-004,3,74,11490,4.81474,-14.449007,3.921702,0.693868,-1.227593,-4.51494
esp32-c3-004,3,75,11510,1.606509,-15.282189,3.924097,0.942211,-2.934551,-6.876331
esp32-c3-004,3,76,11530,-5.181053,-14.104242,1.422156,0.931553,-4.564236,-8.731442
esp32-c3-004,3,77,11550,-18.818426,-12.303802,-5.329493,-1.508444,-6.376181,-8.731442
esp32-c3-004,3,78,11570,-32.431858,1.719037,-10.096349,-5.344438,-4.334013,-8.731442
esp32-c3-004,3,79,11590,-36.540306,11.784261,-3.725378,-6.643443,0.475369,-8.731442
esp32-c3-004,3,80,11610,-37.213078,12.021287,3.816358,-2.726444,1.288879,-7.428974
esp32-c3-004,3,81,11630,-37.433342,12.543222,5.114015,-0.370116,0.534524,-6.360193
esp32-c3-004,3,82,11650,-39.758114,12.500127,3.428497,-0.841755,-0.321087,-5.82407
esp32-c3-004,3,83,11670,-41.560947,19.160797,2.23379,-2.819973,-0.359191,-3.396064
esp32-c3-004,3,84,11690,-38.352718,18.160021,4.553771,-1.346968,0.527329,0.555574
esp32-c3-004,3,85,11710,-33.334469,12.500127,5.094861,1.711222,0.679479,4.207709
esp32-c3-004,3,86,11730,-28.016949,5.801151,3.023877,1.963296,-0.412217,6.021785
esp32-c3-004,3,87,11750,-23.987507,2.499547,-0.557849,1.407455,-1.619559,6.817176
esp32-c3-004,3,88,11770,-21.823149,2.645593,-4.48434,0.941145,-1.860974,7.569666
esp32-c3-004,3,89,11790,-20.307619,2.451663,-6.308722,1.472205,-0.672818,8.731176
esp32-c3-004,3,90,11810,-17.992426,-0.543484,-5.767632,2.841023,1.20441,8.731176
esp32-c3-004,3,91,11830,-14.927848,-4.115633,-4.091691,4.091265,3.096294,8.731176
esp32-c3-004,3,92,11850,-11.44189,-6.890512,-1.403002,4.469642,4.608202,8.731176
esp32-c3-004,3,93,11870,-7.235278,-9.318233,1.467646,3.634015,5.45422,8.731176
esp32-c3-004,3,94,11890,-2.743755,-11.362882,4.058172,2.012325,4.664426,8.731176
esp32-c3-004,3,95,11910,2.461239,-11.104307,4.939238,1.572129,3.316925,7.924061
esp32-c3-004,3,96,11930,6.392519,-10.460267,4.419696,1.067982,2.009127,6.225363
esp32-c3-004,3,97,11950,8.8777,-9.636662,4.192247,-0.029844,0.802052,4.323087
esp32-c3-004,3,98,11970,9.749189,-8.485051,3.995923,-1.322453,-0.16041,2.491957
esp32-c3-004,3,99,11990,9.370906,-7.608773,3.94325,-2.248943,-0.570763,0.919562
esp32-c3-004,4,0,12083,5.216966,-7.814674,3.699042,-2.028579,-2.276655,-5.248245
esp32-c3-004,4,1,12102,1.788469,-8.377312,3.157952,-2.095994,-2.685675,-6.950141
esp32-c3-004,4,2,12122,-1.527501,-9.368511,2.540248,-1.964628,-3.234055,-8.584888
esp32-c3-004,4,3,12142,-5.461174,-9.629479,1.323994,-1.986478,-3.484796,-8.731442
esp32-c3-004,4,4,12162,-11.913548,-10.409989,0.02873,-2.500217,-3.561271,-8.731442
esp32-c3-004,4,5,12182,-19.04348,-8.259995,-1.362301,-2.905507,-3.239651,-8.731442
esp32-c3-004,4,6,12202,-22.790405,-2.147599,-3.131616,-3.294276,-1.929988,-8.731442
esp32-c3-004,4,7,12222,-23.750481,-1.247379,-1.687912,-2.700864,0.434067,-8.731442
esp32-c3-004,4,8,12242,-26.221296,-2.109292,-1.072602,0.251274,1.919596,-8.659764
esp32-c3-004,4,9,12262,-29.994558,-0.486023,-2.351106,0.746628,1.366953,-7.869969
esp32-c3-004,4,10,12282,-33.631351,1.340753,-0.70629,-1.947574,0.309629,-7.484132
esp32-c3-004,4,11,12302,-36.513969,3.706224,2.339135,-3.277222,0.156946,-7.06472
esp32-c3-004,4,12,12322,-39.360676,7.331046,3.782839,-2.535391,0.93102,-6.023918
esp32-c3-004,4,13,12342,-40.969578,12.157756,3.648763,-0.940346,1.198282,-3.124805
esp32-c3-004,4,14,12362,-39.418137,12.368446,4.264073,0.323485,0.989109,0.708257
esp32-c3-004,4,15,12383,-35.371937,7.76679,3.991134,1.430371,0.723179,3.907406
esp32-c3-004,4,16,12402,-31.277851,2.3535,2.844312,1.846052,0.370383,5.748128
esp32-c3-004,4,17,12422,-27.691338,-0.775721,0.972046,1.784766,-0.207841,6.617063
esp32-c3-004,4,18,12442,-24.818295,-1.417367,-1.386243,1.402658,-0.698665,7.248845
esp32-c3-004,4,19,12462,-23.211786,-1.946486,-3.552995,0.998168,-0.896113,7.822272
esp32-c3-004,4,20,12482,-21.444864,-1.575385,-4.704607,0.760217,-0.732505,8.459917
esp32-c3-004,4,21,12502,-19.644424,-2.636016,-5.106832,1.068515,-0.326949,8.731176
esp32-c3-004,4,22,12522,-16.984467,-5.114015,-5.063736,1.836726,0.364521,8.731176
esp32-c3-004,4,23,12542,-13.55597,-8.173804,-4.106056,3.094162,1.752257,8.731176
esp32-c3-004,4,24,12562,-9.818622,-11.130644,-1.45328,3.6969,3.344637,8.731176
esp32-c3-004,4,25,12582,-6.349423,-13.546393,1.16837,2.954003,3.871966,8.731176
esp32-c3-004,4,26,12602,-2.899378,-14.709975,2.059013,1.273424,2.671553,8.731176
esp32-c3-004,4,27,12622,-0.086191,-14.808138,1.450886,-0.512141,0.91743,7.962165
esp32-c3-004,4,28,12642,1.623269,-14.848839,0.533907,-1.54415,-0.044766,6.796925
esp32-c3-004,4,29,12662,3.521871,-15.691598,0.92895,-1.812744,-0.118309,5.940515
esp32-c3-004,4,30,12682,5.884948,-16.567875,2.011129,-1.540686,0.106319,4.905574
esp32-c3-004,4,31,12702,9.809045,-16.812084,3.189077,-1.386138,0.223296,3.044067
esp32-c3-004,4,32,12722,11.604695,-17.666815,4.168305,-1.066383,0.354129,-0.084469
esp32-c3-004,4,33,12742,10.098742,-18.509573,4.747702,-0.663225,0.062619,-3.600708
esp32-c3-004,4,34,12762,5.741296,-18.401834,4.838682,0.391433,-0.72238,-6.992508
esp32-c3-004,4,35,12782,0.093374,-18.265366,4.668694,1.242781,-1.505513,-8.731442
esp32-c3-004,4,36,12802,-9.011775,-18.770542,2.030283,1.12607,-2.712055,-8.731442
esp32-c3-004,4,37,12822,-25.692179,-14.681245,-4.122815,-0.071945,-3.263633,-8.731442
esp32-c3-004,4,38,12842,-37.919365,3.217807,-8.465898,-1.024815,-1.340573,-8.731442
esp32-c3-004,4,39,12862,-36.341587,13.94383,-5.944803,-3.862107,-0.621923,-8.731442
esp32-c3-004,4,40,12882,-28.91238,8.192958,-1.771709,-3.434435,-1.497786,-7.515041
esp32-c3-004,4,41,12902,-30.353689,10.170568,-1.951274,-2.091197,-0.571296,-8.119645
esp32-c3-004,4,42,12922,-32.403126,5.003881,-3.107674,-1.40932,0.655231,-8.731442
esp32-c3-004,4,43,12942,-40.157944,16.170439,-4.381389,-3.982015,0.17773,-8.361593
esp32-c3-004,4,44,12962,-38.276104,15.358804,5.406107,-8.086869,0.597142,-5.074511
esp32-c3-004,4,45,12982,-36.832397,12.737153,10.577583,-2.305433,-0.645639,-1.619292
esp32-c3-004,4,46,13002,-31.818941,11.836933,4.151546,1.618227,-1.160977,1.547881
esp32-c3-004,4,47,13022,-26.688166,4.93445,2.513912,1.494855,-0.053292,2.903375
esp32-c3-004,4,48,13042,-24.650702,2.956839,2.868254,1.313394,-0.066083,3.278554
esp32-c3-004,4,49,13062,-24.384945,6.088455,0.684742,0.758619,-1.479666,4.290845
esp32-c3-004,4,50,13082,-23.405716,5.023035,-1.565808,0.764214,-2.00966,5.768646
esp32-c3-004,4,51,13102,-22.620419,2.971204,-3.399766,1.297406,-1.843387,6.923761
esp32-c3-004,4,52,13122,-21.739351,2.341529,-4.067749,1.288613,-1.22626,7.836129
esp32-c3-004,4,53,13142,-20.245369,1.482011,-4.474763,1.718949,-0.548913,8.731176
esp32-c3-004,4,54,13162,-17.432182,-1.790863,-4.340688,2.836493,0.371182,8.731176
esp32-c3-004,4,55,13182,-13.634978,-4.759673,-3.236961,3.709957,1.867902,8.731176
esp32-c3-004,4,56,13202,-9.706094,-7.220912,-1.005565,4.221565,3.789896,8.731176
esp32-c3-004,4,57,13222,-6.330269,-9.452309,1.556231,4.318025,5.288747,8.731176
esp32-c3-004,4,58,13242,-2.413355,-10.168175,3.852271,3.891685,5.042536,8.731176
esp32-c3-004,4,59,13262,1.912967,-10.120291,4.673482,3.052594,3.689706,7.6552
esp32-c3-004,4,60,13282,6.121974,-10.498574,3.773262,2.157014,2.296907,5.777439
esp32-c3-004,4,61,13302,8.980651,-10.048465,2.372654,0.617926,1.007228,3.84079
esp32-c3-004,4,62,13322,9.809045,-7.908048,2.260126,-0.728775,0.232888,2.239084
esp32-c3-004,4,63,13342,9.021352,-5.568913,3.160346,-1.633681,0.239283,0.717317
esp32-c3-004,4,64,13362,7.354988,-4.908113,4.098873,-1.733338,0.146554,-0.298704
esp32-c3-004,4,65,13382,6.768408,-4.309563,4.869806,-1.346168,-0.343737,-0.914499
esp32-c3-004,4,66,13402,6.390124,-4.474763,4.730943,-0.627519,-0.766613,-1.507911
esp32-c3-004,4,67,13422,6.117185,-5.125986,4.134786,0.227292,-1.031476,-2.137562
esp32-c3-004,4,68,13442,5.741296,-5.963956,3.213019,0.772208,-1.315792,-2.965994
esp32-c3-004,4,69,13462,4.865018,-7.740454,2.461239,0.943277,-1.758386,-4.130701
esp32-c3-004,4,70,13482,3.430891,-8.307879,2.20506,1.232922,-2.28758,-5.54615
esp32-c3-004,4,71,13502,0.500388,-9.121908,1.893813,1.45755,-2.912968,-7.39007
esp32-c3-004,4,72,13523,-4.51307,-9.627085,0.572214,1.997936,-3.752858,-8.731442
esp32-c3-004,4,73,13542,-11.197681,-8.916007,-2.358289,2.981715,-4.294842,-8.731442
esp32-c3-004,4,74,13562,-19.816807,-5.013458,-8.552089,2.768545,-5.439565,-8.731442
esp32-c3-004,4,75,13582,-24.595634,6.749255,-13.603854,-0.489758,-4.839225,-8.731442
esp32-c3-004,4,76,13602,-22.543802,8.178593,-9.962274,-3.812811,-2.279587,-7.154251
esp32-c3-004,4,77,13622,-21.519085,3.799598,-7.465121,-1.968625,-1.547614,-7.20408
esp32-c3-004,4,78,13642,-27.454311,5.355829,-10.484209,-0.044766,-1.459415,-7.710358
esp32-c3-004,4,79,13662,-30.478188,12.389994,-13.627796,-1.37095,-1.003764,-5.93332
esp32-c3-004,4,80,13682,-27.588387,10.632649,-9.667787,-4.436067,-0.188655,-3.667856
esp32-c3-004,4,81,13703,-24.875755,7.551312,-5.228937,-4.240484,1.484196,-2.481299
esp32-c3-004,4,82,13722,-23.975536,7.685388,-4.821922,-0.776205,2.012591,-1.256371
esp32-c3-004,4,83,13742,-22.680273,5.726931,-6.167464,0.98751,2.40962,-0.254738
esp32-c3-004,4,84,13762,-22.098482,8.504205,-8.413225,-0.029311,1.916398,1.098625
esp32-c3-004,4,85,13782,-21.207838,8.966286,-7.776367,-0.54838,3.161044,3.041136
esp32-c3-004,4,86,13802,-19.59654,6.234501,-6.801927,0.51827,4.629252,4.817908
esp32-c3-004,4,87,13822,-17.51598,3.809175,-6.801927,1.410119,5.749727,6.013259
esp32-c3-004,4,88,13842,-15.964537,2.303222,-5.985504,1.399994,6.85155,6.809182
esp32-c3-004,4,89,13862,-14.097059,0.167594,-3.423708,1.448757,8.101525,7.273626
esp32-c3-004,4,90,13882,-10.67814,-1.833959,-0.057461,2.096527,8.731176,7.356762
esp32-c3-004,4,91,13902,-6.876147,-2.719813,3.057395,2.641709,8.731176,6.936285
esp32-c3-004,4,92,13922,-3.160346,-2.827552,5.865794,2.395231,8.659764,6.162745
esp32-c3-004,4,93,13942,-0.423774,-4.714183,7.103596,1.682711,6.376181,5.361225
esp32-c3-004,4,94,13962,3.998317,-6.878541,7.558495,0.286714,2.393899,4.35373
esp32-c3-004,4,95,13982,8.190564,-9.801862,4.884171,-0.739433,-0.862006,2.92709
esp32-c3-004,4,96,14002,9.73243,-10.649409,1.132457,-0.741299,-2.47144,1.231323
esp32-c3-004,4,97,14022,8.130709,-8.197746,-1.283292,-0.33521,-2.966527,-0.318956
esp32-c3-004,4,98,14042,5.477933,-5.679047,-3.064578,-0.212104,-3.291878,-1.075975
esp32-c3-004,4,99,14062,4.405331,-3.859453,-3.799598,-0.118309,-3.534625,-1.40026
esp32-c3-004,5,0,14163,0.861913,0.701501,-5.588067,1.150319,-1.433035,-1.628352
esp32-c3-004,5,1,14182,0.531513,0.033519,-4.853047,1.651801,-1.587317,-1.604637
esp32-c3-004,5,2,14202,-0.775721,-1.063026,-7.307104,1.629951,-2.661427,-1.589715
esp32-c3-004,5,3,14223,-1.508347,-1.237802,-10.436325,1.749859,-3.436033,-1.325118
esp32-c3-004,5,4,14242,-1.264138,-0.378284,-9.979033,1.453819,-2.638778,-1.206276
esp32-c3-004,5,5,14262,-1.68073,-0.821211,-10.857705,0.791927,-2.300637,-1.565467
esp32-c3-004,5,6,14282,-2.619257,-1.608904,-13.326127,0.510009,-2.905507,-1.930787
esp32-c3-004,5,7,14302,-7.668628,-0.035913,-15.646108,1.029345,-2.50155,-1.663259
esp32-c3-004,5,8,14323,-6.816292,1.66397,-14.86081,1.203611,-0.241415,-1.458616
esp32-c3-004,5,9,14342,-5.556942,-0.004788,-12.435484,1.210539,1.198282,-0.743963
esp32-c3-004,5,10,14362,-3.804387,-1.836353,-12.476185,1.114613,0.276588,-0.770343
esp32-c3-004,5,11,14382,-3.189077,-2.11408,-14.566323,0.775406,-0.622456,-1.215069
esp32-c3-004,5,12,14402,-4.247314,-0.562637,-14.14255,0.450855,0.305899,-1.438897
esp32-c3-004,5,13,14422,-4.5418,0.318429,-11.5616,0.177464,1.577458,-1.38294
esp32-c3-004,5,14,14442,-3.507505,-0.141258,-9.339781,0.478567,1.882824,-1.050662
esp32-c3-004,5,15,14462,-1.934515,-1.051055,-8.2169,0.520401,1.437032,-0.783666
esp32-c3-004,5,16,14482,-0.988805,-1.707066,-6.895301,-0.203311,0.773807,-0.616328
esp32-c3-004,5,17,14502,-1.580173,-1.673547,-6.397307,-0.576625,-0.174799,-0.484429
esp32-c3-004,5,18,14522,0.323217,-1.625663,-7.740454,-1.072511,-1.486861,-0.331479
esp32-c3-004,5,19,14542,-1.458069,-3.260903,-6.418855,-1.419446,-0.904907,-1.710423
esp32-c3-004,5,20,14562,-1.556231,-3.646369,-8.882488,-0.141225,-0.892916,-1.167639
esp32-c3-004,5,21,14582,-1.182736,-3.466804,-10.055647,0.192652,-0.707724,-1.077041
esp32-c3-004,5,22,14602,-2.458845,-2.746149,-11.101913,-0.031709,-0.897446,-1.228392
esp32-c3-004,5,23,14622,-4.63278,-0.979228,-10.66138,-0.793259,-0.990974,-0.539853
esp32-c3-004,5,24,14643,-4.929661,-1.534683,-9.200917,-1.082371,-1.320855,0.10845
esp32-c3-004,5,25,14662,-4.458004,-2.906561,-8.789114,-1.362156,-1.807415,-0.222763
esp32-c3-004,5,26,14682,-4.51307,-3.476381,-8.693346,-1.030677,-1.48393,-0.803118
esp32-c3-004,5,27,14702,-6.253655,-3.526659,-7.319075,-0.20411,-0.376778,-1.110616
esp32-c3-004,5,28,14722,-7.76679,-3.126827,-9.143456,0.372248,-0.190521,-1.428505
esp32-c3-004,5,29,14742,-8.137892,-1.821988,-10.225636,-0.369317,-0.610199,-1.331513
esp32-c3-004,5,30,14762,-7.050924,-3.58412,-10.58716,-1.324319,-0.085801,-1.312061
esp32-c3-004,5,31,14782,-6.244078,-3.507505,-10.04607,-1.367219,0.329614,-1.534024
esp32-c3-004,5,32,14802,-6.98628,-2.513912,-9.643845,-0.585685,0.824168,-1.021884
esp32-c3-004,5,33,14822,-7.127539,-2.252944,-8.896853,-0.484429,0.462046,-0.52653
esp32-c3-004,5,34,14842,-7.484274,-2.389413,-7.864953,-0.690404,-0.196383,-0.057822
esp32-c3-004,5,35,14862,-8.111555,-1.30484,-8.477868,-0.931286,-1.247044,-0.08287
esp32-c3-004,5,36,14882,-6.794744,-2.135628,-8.166622,-0.498551,-1.293409,0.193718
esp32-c3-004,5,37,14902,-6.124368,-2.245761,-7.345411,0.2177,0.521201,0.29604
esp32-c3-004,5,38,14922,-5.961562,-2.748544,-7.268796,0.795657,1.762383,0.689871
esp32-c3-004,5,39,14942,-3.711013,-4.254497,-7.271191,0.634714,1.103155,0.736769
esp32-c3-004,5,40,14962,-2.346318,-5.602432,-5.62398,-0.139893,-0.099923,-0.347467
esp32-c3-004,5,41,14982,-1.108515,-5.470751,-7.905654,0.762616,1.333911,-1.637678
esp32-c3-004,5,42,15002,-2.322376,-4.292804,-9.040505,-0.064484,2.467176,-1.403724
esp32-c3-004,5,43,15022,-3.265691,-2.530671,-11.152191,-0.225161,3.883158,-1.276888
esp32-c3-004,5,44,15042,-5.439626,1.165976,-16.613365,-0.324551,1.802352,-2.260934
esp32-c3-004,5,45,15062,-3.411737,-2.47321,-11.159374,-0.037838,0.339207,-2.356328
esp32-c3-004,5,46,15082,-1.692701,-4.252102,-10.740389,0.228891,-0.176132,-2.528196
esp32-c3-004,5,47,15102,-1.905785,-3.926491,-9.979033,0.453253,-0.648037,-2.294242
esp32-c3-004,5,48,15122,-2.621651,-3.694253,-9.962274,0.845485,-1.057323,-1.750925
esp32-c3-004,5,49,15142,-2.425326,-4.649539,-9.440337,0.558772,-1.218266,-1.050395
esp32-c3-004,5,50,15162,-2.387019,-4.106056,-8.99741,0.57476,-1.090897,-0.369317
esp32-c3-004,5,51,15182,-1.991976,-3.347094,-8.65025,0.184392,-0.806848,-0.078606
esp32-c3-004,5,52,15202,-2.245761,-3.069367,-7.824251,0.076475,-0.351997,0.006129
esp32-c3-004,5,53,15222,-2.545036,-3.201048,-9.160215,0.096992,0.044233,-0.087666
esp32-c3-004,5,54,15242,-2.72939,-2.762909,-8.24563,0.197715,-0.033574,-0.10845
esp32-c3-004,5,55,15262,-1.759738,-3.397372,-7.970297,-0.514539,1.033342,-0.089798
esp32-c3-004,5,56,15282,-1.860295,-2.987964,-9.437943,-0.888119,1.366686,0.072744
esp32-c3-004,5,57,15302,-1.295263,-2.482787,-9.500193,-0.739167,1.176698,0.046364
esp32-c3-004,5,58,15322,-0.960075,-2.365471,-9.763555,-0.545982,0.905706,-0.030377
esp32-c3-004,5,59,15342,-0.940921,-2.298434,-9.832987,-0.279519,0.555308,-0.118842
esp32-c3-004,5,60,15362,-0.797269,-2.3535,-9.595961,-0.112181,0.298971,-0.07381
esp32-c3-004,5,61,15382,-0.909797,-2.360683,-9.605537,-0.005329,0.116711,-0.033308
esp32-c3-004,5,62,15402,-1.031901,-2.406173,-9.55047,0.07381,-0.005063,-0.01732
esp32-c3-004,5,63,15422,-1.098939,-2.487576,-9.390059,0.090864,-0.033574,-0.012257
esp32-c3-004,5,64,15442,-1.165976,-2.509123,-9.356541,0.052493,0.022916,-0.009859
esp32-c3-004,5,65,15462,-1.132457,-2.511518,-9.399636,0.000533,0.09566,-0.006395
esp32-c3-004,5,66,15482,-1.074997,-2.468422,-9.461885,-0.011191,0.114845,-0.007727
esp32-c3-004,5,67,15502,-1.029507,-2.442086,-9.488221,0.010126,0.083136,-0.007194
esp32-c3-004,5,68,15522,-1.055843,-2.427721,-9.485827,0.037838,0.043966,-0.007194
esp32-c3-004,5,69,15542,-1.084573,-2.451663,-9.449914,0.044233,0.03464,-0.006395
esp32-c3-004,5,70,15562,-1.113304,-2.480393,-9.421184,0.03011,0.054625,-0.006662
esp32-c3-004,5,71,15582,-1.084573,-2.466028,-9.459491,0.013856,0.075675,-0.004796
esp32-c3-004,5,72,15602,-1.079785,-2.454057,-9.461885,0.016787,0.073277,-0.005329
esp32-c3-004,5,73,15622,-1.070208,-2.446874,-9.478644,0.028778,0.054891,-0.003997
esp32-c3-004,5,74,15642,-1.084573,-2.449268,-9.452309,0.036505,0.0437,-0.004263
esp32-c3-004,5,75,15662,-1.079785,-2.47321,-9.428367,0.031443,0.052227,-0.00453
esp32-c3-004,5,76,15682,-1.067814,-2.47321,-9.435549,0.023182,0.063951,-0.004796
esp32-c3-004,5,77,15702,-1.079785,-2.458845,-9.461885,0.022916,0.063418,-0.004796
esp32-c3-004,5,78,15722,-1.06542,-2.451663,-9.473856,0.028245,0.054358,-0.005329
esp32-c3-004,5,79,15742,-1.067814,-2.456451,-9.459491,0.03091,0.052227,-0.005329
esp32-c3-004,5,80,15763,-1.060631,-2.454057,-9.461885,0.02638,0.060487,-0.005329
esp32-c3-004,5,81,15782,-1.072602,-2.466028,-9.471462,0.021583,0.064217,-0.003997
esp32-c3-004,5,82,15802,-1.04866,-2.468422,-9.459491,0.026646,0.059155,-0.003464
esp32-c3-004,5,83,15822,-1.074997,-2.451663,-9.464279,0.033841,0.049828,-0.00373
esp32-c3-004,5,84,15842,-1.070208,-2.461239,-9.454702,0.033574,0.050361,-0.003997
esp32-c3-004,5,85,15862,-1.077391,-2.470816,-9.44752,0.028511,0.055691,-0.003997
esp32-c3-004,5,86,15882,-1.086968,-2.477999,-9.469068,0.025847,0.060221,-0.00453
esp32-c3-004,5,87,15902,-1.067814,-2.466028,-9.44752,0.02638,0.058622,-0.005329
esp32-c3-004,5,88,15922,-1.072602,-2.454057,-9.433155,0.028511,0.055957,-0.00453
esp32-c3-004,5,89,15942,-1.063026,-2.454057,-9.459491,0.028511,0.056224,-0.005063
esp32-c3-004,5,90,15962,-1.055843,-2.475605,-9.452309,0.029577,0.055691,-0.00373
esp32-c3-004,5,91,15982,-1.084573,-2.451663,-9.49301,0.032775,0.054358,-0.005862
esp32-c3-004,5,92,16002,-1.084573,-2.456451,-9.442732,0.024781,0.057289,-0.00453
esp32-c3-004,5,93,16022,-1.060631,-2.430115,-9.442732,0.029044,0.057289,-0.004796
esp32-c3-004,5,94,16042,-1.060631,-2.451663,-9.454702,0.03011,0.054625,-0.00453
esp32-c3-004,5,95,16062,-1.055843,-2.449268,-9.488221,0.029577,0.053825,-0.004263
esp32-c3-004,5,96,16082,-1.053449,-2.454057,-9.459491,0.028245,0.056757,-0.003464
esp32-c3-004,5,97,16102,-1.058237,-2.454057,-9.483433,0.028778,0.055957,-0.00373
esp32-c3-004,5,98,16122,-1.053449,-2.437297,-9.464279,0.029311,0.054358,-0.003997
esp32-c3-004,5,99,16142,-1.051055,-2.432509,-9.459491,0.030643,0.054092,-0.00453
esp32-c3-004,6,0,16243,-1.06542,-2.451663,-9.437943,0.03011,0.054625,-0.004796
esp32-c3-004,6,1,16262,-1.063026,-2.434903,-9.459491,0.030377,0.054092,-0.005063
esp32-c3-004,6,2,16282,-1.06542,-2.451663,-9.457097,0.029577,0.054358,-0.00373
esp32-c3-004,6,3,16302,-1.06542,-2.439692,-9.461885,0.028245,0.055957,-0.004263
esp32-c3-004,6,4,16322,-1.077391,-2.466028,-9.481039,0.029577,0.054891,-0.002665
esp32-c3-004,6,5,16342,-1.06542,-2.468422,-9.478644,0.030377,0.053825,-0.003997
esp32-c3-004,6,6,16362,-1.072602,-2.458845,-9.459491,0.029577,0.055158,-0.004263
esp32-c3-004,6,7,16382,-1.058237,-2.446874,-9.428367,0.029311,0.055424,-0.005329
esp32-c3-004,6,8,16402,-1.067814,-2.449268,-9.461885,0.029577,0.054358,-0.004796
esp32-c3-004,6,9,16422,-1.060631,-2.475605,-9.464279,0.029311,0.054358,-0.004263
esp32-c3-004,6,10,16442,-1.077391,-2.454057,-9.445126,0.027712,0.05649,-0.003464
esp32-c3-004,6,11,16462,-1.077391,-2.442086,-9.466674,0.028778,0.055424,-0.003997
esp32-c3-004,6,12,16483,-1.04866,-2.434903,-9.464279,0.029577,0.054358,-0.00453
esp32-c3-004,6,13,16502,-1.070208,-2.454057,-9.485827,0.030377,0.053026,-0.00453
esp32-c3-004,6,14,16522,-1.063026,-2.454057,-9.488221,0.03091,0.053026,-0.00373
esp32-c3-004,6,15,16543,-1.084573,-2.47321,-9.457097,0.029311,0.054358,-0.003198
esp32-c3-004,6,16,16562,-1.067814,-2.451663,-9.464279,0.029311,0.054092,-0.003198
esp32-c3-004,6,17,16582,-1.041478,-2.451663,-9.466674,0.028778,0.055158,-0.00373
esp32-c3-004,6,18,16602,-1.051055,-2.451663,-9.440337,0.026913,0.05649,-0.00453
esp32-c3-004,6,19,16622,-1.055843,-2.449268,-9.469068,0.028511,0.053825,-0.003198
esp32-c3-004,6,20,16642,-1.060631,-2.466028,-9.481039,0.03091,0.051161,-0.003997
esp32-c3-004,6,21,16662,-1.058237,-2.442086,-9.44752,0.029844,0.054092,-0.003464
esp32-c3-004,6,22,16682,-1.063026,-2.470816,-9.461885,0.029044,0.055424,-0.003997
esp32-c3-004,6,23,16702,-1.070208,-2.456451,-9.481039,0.031443,0.052227,-0.00453
esp32-c3-004,6,24,16722,-1.084573,-2.466028,-9.473856,0.03464,0.046631,-0.006928
esp32-c3-004,6,25,16742,-1.096544,-2.461239,-9.445126,0.029844,0.054092,-0.006662
esp32-c3-004,6,26,16762,-1.063026,-2.461239,-9.449914,0.020251,0.065283,-0.006129
esp32-c3-004,6,27,16782,-1.01993,-2.449268,-9.459491,0.020518,0.067948,-0.004796
esp32-c3-004,6,28,16802,-1.01993,-2.432509,-9.473856,0.029844,0.054891,-0.00373
esp32-c3-004,6,29,16822,-1.043872,-2.461239,-9.481039,0.041302,0.041035,-0.005063
esp32-c3-004,6,30,16842,-1.082179,-2.463634,-9.449914,0.035706,0.047164,-0.002931
esp32-c3-004,6,31,16862,-1.101333,-2.442086,-9.466674,0.030377,0.053559,-0.002931
esp32-c3-004,6,32,16882,-1.11091,-2.44448,-9.457097,0.030643,0.053292,-0.004796
esp32-c3-004,6,33,16902,-1.079785,-2.458845,-9.435549,0.030377,0.05276,-0.006662
esp32-c3-004,6,34,16922,-1.039083,-2.451663,-9.466674,0.024781,0.060487,-0.006928
esp32-c3-004,6,35,16942,-1.046266,-2.439692,-9.504981,0.019985,0.066616,-0.005329
esp32-c3-004,6,36,16962,-1.029507,-2.418144,-9.461885,0.026113,0.059421,-0.004796
esp32-c3-004,6,37,16982,-1.027112,-2.437297,-9.469068,0.034107,0.048763,-0.00453
esp32-c3-004,6,38,17002,-1.022324,-2.439692,-9.449914,0.034107,0.049562,-0.003997
esp32-c3-004,6,39,17022,-1.058237,-2.458845,-9.469068,0.03091,0.053825,-0.002665
esp32-c3-004,6,40,17042,-1.055843,-2.451663,-9.471462,0.031443,0.05276,-0.003464
esp32-c3-004,6,41,17062,-1.11091,-2.456451,-9.442732,0.03544,0.046897,-0.00373
esp32-c3-004,6,42,17082,-1.113304,-2.442086,-9.428367,0.033041,0.050095,-0.005596
esp32-c3-004,6,43,17102,-1.060631,-2.463634,-9.41879,0.023182,0.063152,-0.00453
esp32-c3-004,6,44,17122,-1.036689,-2.427721,-9.461885,0.018652,0.067149,-0.00453
esp32-c3-004,6,45,17142,-1.015141,-2.434903,-9.476251,0.027979,0.057556,-0.005063
esp32-c3-004,6,46,17162,-1.039083,-2.439692,-9.471462,0.03544,0.046631,-0.004796
esp32-c3-004,6,47,17182,-1.058237,-2.451663,-9.464279,0.034374,0.048496,-0.004796
esp32-c3-004,6,48,17202,-1.051055,-2.427721,-9.428367,0.028245,0.054891,-0.00373
esp32-c3-004,6,49,17222,-1.070208,-2.434903,-9.435549,0.02558,0.058622,-0.002132
esp32-c3-004,6,50,17242,-1.063026,-2.454057,-9.445126,0.03011,0.05276,-0.003464
esp32-c3-004,6,51,17262,-1.06542,-2.420538,-9.452309,0.033308,0.046897,-0.00373
esp32-c3-004,6,52,17282,-1.055843,-2.463634,-9.44752,0.027979,0.054092,-0.002931
esp32-c3-004,6,53,17303,-1.063026,-2.451663,-9.44752,0.023449,0.059155,-0.004263
esp32-c3-004,6,54,17322,-1.039083,-2.430115,-9.464279,0.027712,0.054625,-0.003198
esp32-c3-004,6,55,17342,-1.036689,-2.454057,-9.469068,0.029844,0.05196,-0.00453
esp32-c3-004,6,56,17363,-1.036689,-2.449268,-9.469068,0.031975,0.051427,-0.003198
esp32-c3-004,6,57,17382,-1.060631,-2.466028,-9.490616,0.030643,0.053825,-0.002931
esp32-c3-004,6,58,17402,-1.058237,-2.442086,-9.471462,0.028778,0.057023,-0.003198
esp32-c3-004,6,59,17422,-1.060631,-2.437297,-9.461885,0.029311,0.055424,-0.003997
esp32-c3-004,6,60,17442,-1.067814,-2.446874,-9.452309,0.032508,0.049828,-0.005063
esp32-c3-004,6,61,17462,-1.041478,-2.454057,-9.437943,0.027179,0.05649,-0.00373
esp32-c3-004,6,62,17482,-1.041478,-2.446874,-9.449914,0.022916,0.063152,-0.002665
esp32-c3-004,6,63,17502,-1.043872,-2.439692,-9.459491,0.028778,0.055424,-0.003464
esp32-c3-004,6,64,17522,-1.079785,-2.451663,-9.483433,0.037838,0.043167,-0.004263
esp32-c3-004,6,65,17542,-1.070208,-2.442086,-9.461885,0.033308,0.049828,-0.004263
esp32-c3-004,6,66,17562,-1.074997,-2.466028,-9.466674,0.023715,0.061553,-0.002665
esp32-c3-004,6,67,17582,-1.053449,-2.466028,-9.469068,0.02638,0.058622,-0.004263
esp32-c3-004,6,68,17602,-1.06542,-2.451663,-9.428367,0.033041,0.050095,-0.005329
esp32-c3-004,6,69,17622,-1.060631,-2.454057,-9.454702,0.030377,0.053825,-0.003464
esp32-c3-004,6,70,17642,-1.04866,-2.449268,-9.459491,0.025047,0.060487,-0.00373
esp32-c3-004,6,71,17662,-1.06542,-2.44448,-9.504981,0.028778,0.056757,-0.003464
esp32-c3-004,6,72,17682,-1.060631,-2.446874,-9.476251,0.035173,0.047963,-0.004263
esp32-c3-004,6,73,17702,-1.063026,-2.454057,-9.461885,0.032775,0.050628,-0.004796
esp32-c3-004,6,74,17722,-1.063026,-2.454057,-9.452309,0.026913,0.058089,-0.00453
esp32-c3-004,6,75,17742,-1.046266,-2.420538,-9.471462,0.026913,0.058089,-0.00373
esp32-c3-004,6,76,17762,-1.063026,-2.439692,-9.485827,0.03091,0.052493,-0.00373
esp32-c3-004,6,77,17782,-1.079785,-2.47321,-9.490616,0.031975,0.051427,-0.005596
esp32-c3-004,6,78,17802,-1.06542,-2.458845,-9.471462,0.029044,0.054891,-0.005329
esp32-c3-004,6,79,17822,-1.063026,-2.434903,-9.464279,0.026913,0.058089,-0.004263
esp32-c3-004,6,80,17842,-1.039083,-2.439692,-9.49301,0.029044,0.055158,-0.002931
esp32-c3-004,6,81,17862,-1.060631,-2.425326,-9.461885,0.032775,0.049296,-0.00453
esp32-c3-004,6,82,17882,-1.072602,-2.461239,-9.452309,0.032775,0.050095,-0.004796
esp32-c3-004,6,83,17902,-1.082179,-2.461239,-9.478644,0.029044,0.055691,-0.004263
esp32-c3-004,6,84,17922,-1.055843,-2.480393,-9.440337,0.02638,0.059421,-0.00453
esp32-c3-004,6,85,17942,-1.055843,-2.437297,-9.437943,0.028778,0.055158,-0.00453
esp32-c3-004,6,86,17962,-1.039083,-2.437297,-9.442732,0.031176,0.052493,-0.004263
esp32-c3-004,6,87,17982,-1.046266,-2.442086,-9.435549,0.029844,0.052493,-0.003997
esp32-c3-004,6,88,18002,-1.055843,-2.454057,-9.452309,0.029044,0.055691,-0.003464
esp32-c3-004,6,89,18022,-1.070208,-2.466028,-9.495404,0.029044,0.054358,-0.003198
esp32-c3-004,6,90,18042,-1.06542,-2.449268,-9.485827,0.030643,0.051694,-0.003997
esp32-c3-004,6,91,18062,-1.060631,-2.442086,-9.466674,0.03011,0.053292,-0.003997
esp32-c3-004,6,92,18082,-1.058237,-2.466028,-9.478644,0.029577,0.055424,-0.00453
esp32-c3-004,6,93,18102,-1.060631,-2.446874,-9.452309,0.029044,0.054625,-0.003997
esp32-c3-004,6,94,18122,-1.086968,-2.437297,-9.483433,0.029311,0.05276,-0.00453
esp32-c3-004,6,95,18142,-1.070208,-2.44448,-9.464279,0.029577,0.053825,-0.00373
esp32-c3-004,6,96,18162,-1.04866,-2.468422,-9.466674,0.029044,0.05649,-0.003997
esp32-c3-004,6,97,18182,-1.053449,-2.449268,-9.440337,0.027179,0.056757,-0.004796
esp32-c3-004,6,98,18202,-1.043872,-2.432509,-9.461885,0.029577,0.055158,-0.003464
esp32-c3-004,6,99,18222,-1.046266,-2.439692,-9.457097,0.03091,0.053292,-0.002931
esp32-c3-004,7,0,18314,-1.060631,-2.458845,-9.461885,0.026913,0.058622,-0.00373
esp32-c3-004,7,1,18333,-1.060631,-2.456451,-9.466674,0.028511,0.056757,-0.00453
esp32-c3-004,7,2,18353,-1.039083,-2.446874,-9.44752,0.031443,0.053825,-0.005063
esp32-c3-004,7,3,18373,-1.043872,-2.44448,-9.459491,0.029577,0.054891,-0.003997
esp32-c3-004,7,4,18393,-1.04866,-2.442086,-9.490616,0.028245,0.056224,-0.003997
esp32-c3-004,7,5,18413,-1.051055,-2.449268,-9.457097,0.030643,0.052493,-0.00373
esp32-c3-004,7,6,18434,-1.053449,-2.449268,-9.466674,0.037038,0.047697,-0.00453
esp32-c3-004,7,7,18453,-1.101333,-2.437297,-9.457097,0.029577,0.054092,-0.003464
esp32-c3-004,7,8,18473,-1.043872,-2.446874,-9.452309,0.025847,0.057822,-0.005063
esp32-c3-004,7,9,18493,-1.046266,-2.463634,-9.43076,0.027446,0.057556,-0.003997
esp32-c3-004,7,10,18513,-1.039083,-2.442086,-9.440337,0.03091,0.052227,-0.005862
esp32-c3-004,7,11,18533,-1.051055,-2.432509,-9.490616,0.030377,0.053292,-0.004263
esp32-c3-004,7,12,18553,-1.053449,-2.468422,-9.481039,0.027446,0.055424,-0.00373
esp32-c3-004,7,13,18573,-1.053449,-2.451663,-9.476251,0.029311,0.053559,-0.00373
esp32-c3-004,7,14,18593,-1.046266,-2.442086,-9.442732,0.032242,0.051427,-0.003997
esp32-c3-004,7,15,18613,-1.063026,-2.437297,-9.44752,0.03091,0.052493,-0.00373
esp32-c3-004,7,16,18633,-1.063026,-2.456451,-9.452309,0.028778,0.055424,-0.003464
esp32-c3-004,7,17,18653,-1.055843,-2.458845,-9.445126,0.028245,0.054891,-0.003997
esp32-c3-004,7,18,18673,-1.058237,-2.454057,-9.44752,0.029577,0.054092,-0.004796
esp32-c3-004,7,19,18693,-1.043872,-2.461239,-9.464279,0.029311,0.05276,-0.00453
esp32-c3-004,7,20,18713,-1.039083,-2.449268,-9.478644,0.028778,0.054358,-0.00453
esp32-c3-004,7,21,18733,-1.058237,-2.458845,-9.476251,0.029044,0.054092,-0.003997
esp32-c3-004,7,22,18753,-1.046266,-2.454057,-9.481039,0.028778,0.053292,-0.004796
esp32-c3-004,7,23,18773,-1.04866,-2.427721,-9.464279,0.030643,0.052227,-0.003997
esp32-c3-004,7,24,18793,-1.074997,-2.449268,-9.452309,0.031443,0.051694,-0.003464
esp32-c3-004,7,25,18813,-1.06542,-2.451663,-9.461885,0.03011,0.053559,-0.004263
esp32-c3-004,7,26,18833,-1.058237,-2.456451,-9.466674,0.028245,0.055957,-0.003464
esp32-c3-004,7,27,18853,-1.053449,-2.461239,-9.488221,0.027979,0.056224,-0.003997
esp32-c3-004,7,28,18873,-1.039083,-2.463634,-9.469068,0.027712,0.056224,-0.005063
esp32-c3-004,7,29,18893,-1.041478,-2.458845,-9.44752,0.028778,0.054891,-0.005063
esp32-c3-004,7,30,18913,-1.036689,-2.454057,-9.466674,0.030377,0.053825,-0.00373
esp32-c3-004,7,31,18933,-1.053449,-2.461239,-9.488221,0.031975,0.051427,-0.003997
esp32-c3-004,7,32,18953,-1.077391,-2.475605,-9.485827,0.031975,0.05196,-0.00373
esp32-c3-004,7,33,18973,-1.072602,-2.475605,-9.459491,0.029311,0.056224,-0.00373
esp32-c3-004,7,34,18993,-1.06542,-2.446874,-9.483433,0.027979,0.056224,-0.00373
esp32-c3-004,7,35,19013,-1.051055,-2.451663,-9.469068,0.031176,0.051694,-0.004796
esp32-c3-004,7,36,19033,-1.036689,-2.442086,-9.459491,0.029577,0.053292,-0.003997
esp32-c3-004,7,37,19053,-1.055843,-2.449268,-9.461885,0.029044,0.056224,-0.003464
esp32-c3-004,7,38,19073,-1.06542,-2.451663,-9.425972,0.028778,0.055158,-0.003464
esp32-c3-004,7,39,19093,-1.079785,-2.466028,-9.476251,0.031176,0.052493,-0.005329
esp32-c3-004,7,40,19113,-1.067814,-2.434903,-9.411607,0.02638,0.054358,-0.002665
esp32-c3-004,7,41,19133,-1.039083,-2.439692,-9.428367,0.030643,0.054358,-0.003997
esp32-c3-004,7,42,19153,-1.043872,-2.430115,-9.452309,0.030377,0.054358,-0.005063
esp32-c3-004,7,43,19173,-1.074997,-2.439692,-9.471462,0.028511,0.055691,-0.00453
esp32-c3-004,7,44,19193,-1.060631,-2.442086,-9.44752,0.029044,0.05276,-0.004796
esp32-c3-004,7,45,19213,-1.055843,-2.439692,-9.459491,0.032242,0.050361,-0.005329
esp32-c3-004,7,46,19234,-1.041478,-2.451663,-9.425972,0.028511,0.054891,-0.003464
esp32-c3-004,7,47,19253,-1.041478,-2.442086,-9.466674,0.027979,0.055957,-0.002398
esp32-c3-004,7,48,19273,-1.079785,-2.44448,-9.44752,0.030377,0.052493,-0.003464
esp32-c3-004,7,49,19293,-1.074997,-2.47321,-9.457097,0.034907,0.048763,-0.00453
esp32-c3-004,7,50,19313,-1.063026,-2.446874,-9.476251,0.029044,0.054625,-0.003997
esp32-c3-004,7,51,19333,-1.04866,-2.420538,-9.473856,0.025047,0.059421,-0.004796
esp32-c3-004,7,52,19353,-1.04866,-2.410961,-9.454702,0.029311,0.055424,-0.003997
esp32-c3-004,7,53,19373,-1.046266,-2.437297,-9.469068,0.032508,0.050361,-0.00373
esp32-c3-004,7,54,19393,-1.053449,-2.456451,-9.457097,0.03091,0.053026,-0.004263
esp32-c3-004,7,55,19413,-1.053449,-2.451663,-9.471462,0.027712,0.05649,-0.003198
esp32-c3-004,7,56,19433,-1.053449,-2.442086,-9.459491,0.03091,0.053825,-0.003464
esp32-c3-004,7,57,19453,-1.053449,-2.425326,-9.445126,0.032775,0.049828,-0.004263
esp32-c3-004,7,58,19473,-1.055843,-2.458845,-9.425972,0.03011,0.052227,-0.004263
esp32-c3-004,7,59,19493,-1.046266,-2.463634,-9.442732,0.026913,0.057556,-0.003464
esp32-c3-004,7,60,19513,-1.04866,-2.466028,-9.454702,0.026913,0.055691,-0.003997
esp32-c3-004,7,61,19533,-1.041478,-2.451663,-9.449914,0.030377,0.052493,-0.004263
esp32-c3-004,7,62,19554,-1.046266,-2.449268,-9.454702,0.032508,0.051161,-0.003997
esp32-c3-004,7,63,19573,-1.036689,-2.461239,-9.478644,0.029577,0.053292,-0.00373
esp32-c3-004,7,64,19593,-1.043872,-2.466028,-9.464279,0.029311,0.055158,-0.00373
esp32-c3-004,7,65,19613,-1.055843,-2.466028,-9.469068,0.030643,0.053825,-0.00373
esp32-c3-004,7,66,19633,-1.060631,-2.456451,-9.504981,0.030377,0.05196,-0.003997
esp32-c3-004,7,67,19653,-1.067814,-2.451663,-9.483433,0.029844,0.053292,-0.002665
esp32-c3-004,7,68,19673,-1.046266,-2.456451,-9.440337,0.03011,0.054891,-0.00373
esp32-c3-004,7,69,19693,-1.051055,-2.44448,-9.485827,0.029577,0.055158,-0.004263
esp32-c3-004,7,70,19713,-1.06542,-2.449268,-9.466674,0.03011,0.054358,-0.00373
esp32-c3-004,7,71,19733,-1.063026,-2.466028,-9.49301,0.029311,0.054092,-0.004263
esp32-c3-004,7,72,19753,-1.074997,-2.456451,-9.461885,0.029577,0.054891,-0.00453
esp32-c3-004,7,73,19773,-1.034295,-2.456451,-9.466674,0.029844,0.054358,-0.00373
esp32-c3-004,7,74,19793,-1.041478,-2.456451,-9.478644,0.029577,0.054891,-0.004263
esp32-c3-004,7,75,19813,-1.060631,-2.449268,-9.471462,0.03011,0.053825,-0.003997
esp32-c3-004,7,76,19833,-1.070208,-2.461239,-9.457097,0.031443,0.053026,-0.00373
esp32-c3-004,7,77,19853,-1.063026,-2.454057,-9.464279,0.031443,0.053026,-0.004263
esp32-c3-004,7,78,19873,-1.043872,-2.442086,-9.452309,0.029577,0.054358,-0.00453
esp32-c3-004,7,79,19893,-1.039083,-2.427721,-9.464279,0.029311,0.053825,-0.00373
esp32-c3-004,7,80,19913,-1.074997,-2.463634,-9.461885,0.029844,0.053292,-0.003464
esp32-c3-004,7,81,19933,-1.077391,-2.466028,-9.442732,0.029311,0.054358,-0.005063
esp32-c3-004,7,82,19953,-1.051055,-2.461239,-9.435549,0.026113,0.058622,-0.00453
esp32-c3-004,7,83,19973,-1.029507,-2.439692,-9.466674,0.025847,0.058888,-0.00453
esp32-c3-004,7,84,19993,-1.022324,-2.427721,-9.445126,0.030377,0.053559,-0.003464
esp32-c3-004,7,85,20013,-1.031901,-2.439692,-9.457097,0.034907,0.047963,-0.002665
esp32-c3-004,7,86,20033,-1.060631,-2.463634,-9.449914,0.031975,0.051427,-0.00373
esp32-c3-004,7,87,20053,-1.077391,-2.475605,-9.440337,0.026913,0.057822,-0.002931
esp32-c3-004,7,88,20073,-1.063026,-2.437297,-9.457097,0.029577,0.054625,-0.003198
esp32-c3-004,7,89,20093,-1.063026,-2.44448,-9.452309,0.032242,0.050628,-0.004263
esp32-c3-004,7,90,20113,-1.058237,-2.456451,-9.464279,0.030643,0.053292,-0.003464
esp32-c3-004,7,91,20133,-1.058237,-2.468422,-9.461885,0.026913,0.057023,-0.004263
esp32-c3-004,7,92,20153,-1.060631,-2.454057,-9.459491,0.029311,0.054358,-0.00453
esp32-c3-004,7,93,20173,-1.060631,-2.468422,-9.459491,0.031176,0.050628,-0.004263
esp32-c3-004,7,94,20193,-1.041478,-2.461239,-9.454702,0.029311,0.055158,-0.00373
esp32-c3-004,7,95,20213,-1.027112,-2.463634,-9.476251,0.024515,0.061553,-0.003997
esp32-c3-004,7,96,20233,-1.017536,-2.446874,-9.473856,0.027979,0.05649,-0.004263
esp32-c3-004,7,97,20253,-1.060631,-2.468422,-9.469068,0.035972,0.044233,-0.003997
esp32-c3-004,7,98,20273,-1.089362,-2.485181,-9.437943,0.038904,0.042368,-0.005329
esp32-c3-004,7,99,20293,-1.072602,-2.47321,-9.425972,0.027979,0.055691,-0.00373
esp32-c3-004,8,0,20384,-1.024718,-2.454057,-9.488221,0.028245,0.055957,-0.00373
esp32-c3-004,8,1,20403,-1.053449,-2.451663,-9.461885,0.029311,0.054891,-0.002931
esp32-c3-004,8,2,20423,-1.041478,-2.44448,-9.452309,0.032775,0.049029,-0.003198
esp32-c3-004,8,3,20443,-1.067814,-2.449268,-9.457097,0.032508,0.049562,-0.003997
esp32-c3-004,8,4,20463,-1.074997,-2.437297,-9.440337,0.025847,0.057822,-0.002665
esp32-c3-004,8,5,20483,-1.041478,-2.466028,-9.457097,0.026913,0.057289,-0.003997
esp32-c3-004,8,6,20503,-1.024718,-2.434903,-9.454702,0.029311,0.055957,-0.00373
esp32-c3-004,8,7,20523,-1.053449,-2.437297,-9.495404,0.031176,0.053026,-0.00453
esp32-c3-004,8,8,20543,-1.051055,-2.446874,-9.464279,0.032508,0.049029,-0.004263
esp32-c3-004,8,9,20563,-1.077391,-2.454057,-9.449914,0.031443,0.052227,-0.002931
esp32-c3-004,8,10,20583,-1.06542,-2.454057,-9.449914,0.02558,0.057556,-0.003198
esp32-c3-004,8,11,20603,-1.074997,-2.44448,-9.454702,0.028778,0.054092,-0.00373
esp32-c3-004,8,12,20623,-1.043872,-2.446874,-9.473856,0.031176,0.051161,-0.004796
esp32-c3-004,8,13,20643,-1.053449,-2.477999,-9.466674,0.027179,0.057289,-0.004263
esp32-c3-004,8,14,20663,-1.046266,-2.451663,-9.464279,0.024515,0.059421,-0.003198
esp32-c3-004,8,15,20684,-1.039083,-2.427721,-9.476251,0.029844,0.05276,-0.003198
esp32-c3-004,8,16,20703,-1.067814,-2.458845,-9.464279,0.036239,0.045832,-0.003464
esp32-c3-004,8,17,20723,-1.072602,-2.432509,-9.44752,0.033308,0.049562,-0.003997
esp32-c3-004,8,18,20743,-1.067814,-2.454057,-9.459491,0.027712,0.057822,-0.003464
esp32-c3-004,8,19,20763,-1.051055,-2.437297,-9.466674,0.026113,0.057023,-0.004796
esp32-c3-004,8,20,20783,-1.051055,-2.477999,-9.445126,0.029311,0.05276,-0.00453
esp32-c3-004,8,21,20803,-1.053449,-2.463634,-9.457097,0.028778,0.053559,-0.00453
esp32-c3-004,8,22,20823,-1.027112,-2.449268,-9.488221,0.027179,0.056224,-0.00453
esp32-c3-004,8,23,20843,-1.031901,-2.434903,-9.466674,0.029311,0.054358,-0.004263
esp32-c3-004,8,24,20863,-1.043872,-2.458845,-9.464279,0.03091,0.052493,-0.00373
esp32-c3-004,8,25,20883,-1.036689,-2.456451,-9.473856,0.032508,0.049828,-0.002398
esp32-c3-004,8,26,20903,-1.098939,-2.463634,-9.43076,0.034107,0.048763,-0.003464
esp32-c3-004,8,27,20923,-1.103727,-2.463634,-9.442732,0.03091,0.051427,-0.003997
esp32-c3-004,8,28,20943,-1.077391,-2.449268,-9.425972,0.024248,0.059954,-0.004263
esp32-c3-004,8,29,20963,-1.031901,-2.44448,-9.449914,0.022383,0.062086,-0.00453
esp32-c3-004,8,30,20983,-1.007959,-2.456451,-9.440337,0.027179,0.058089,-0.004263
esp32-c3-004,8,31,21003,-1.017536,-2.446874,-9.466674,0.031443,0.05276,-0.004263
esp32-c3-004,8,32,21023,-1.046266,-2.434903,-9.473856,0.032775,0.050894,-0.003198
esp32-c3-004,8,33,21043,-1.041478,-2.446874,-9.476251,0.032242,0.050628,-0.002398
esp32-c3-004,8,34,21063,-1.055843,-2.451663,-9.459491,0.033041,0.050894,-0.003198
esp32-c3-004,8,35,21083,-1.074997,-2.468422,-9.445126,0.033574,0.048763,-0.003997
esp32-c3-004,8,36,21103,-1.091756,-2.456451,-9.44752,0.032242,0.051161,-0.005063
esp32-c3-004,8,37,21123,-1.072602,-2.477999,-9.454702,0.02558,0.059155,-0.00453
esp32-c3-004,8,38,21143,-1.01993,-2.439692,-9.449914,0.021317,0.064217,-0.00453
esp32-c3-004,8,39,21163,-1.012747,-2.442086,-9.461885,0.026913,0.057556,-0.004796
esp32-c3-004,8,40,21183,-1.017536,-2.451663,-9.469068,0.033308,0.048496,-0.004263
esp32-c3-004,8,41,21203,-1.063026,-2.456451,-9.459491,0.033841,0.049296,-0.003997
esp32-c3-004,8,42,21223,-1.04866,-2.466028,-9.433155,0.028245,0.056224,-0.002931
esp32-c3-004,8,43,21243,-1.051055,-2.432509,-9.442732,0.027979,0.057289,-0.002665
esp32-c3-004,8,44,21263,-1.058237,-2.44448,-9.433155,0.032508,0.051694,-0.003464
esp32-c3-004,8,45,21283,-1.06542,-2.449268,-9.44752,0.033841,0.049029,-0.004796
esp32-c3-004,8,46,21303,-1.079785,-2.458845,-9.454702,0.029311,0.054358,-0.00373
esp32-c3-004,8,47,21323,-1.060631,-2.449268,-9.464279,0.02558,0.057822,-0.004263
esp32-c3-004,8,48,21343,-1.053449,-2.463634,-9.469068,0.027712,0.054625,-0.005329
esp32-c3-004,8,49,21363,-1.024718,-2.449268,-9.483433,0.029844,0.053559,-0.005329
esp32-c3-004,8,50,21384,-1.039083,-2.430115,-9.457097,0.027979,0.05649,-0.00453
esp32-c3-004,8,51,21403,-1.01993,-2.454057,-9.471462,0.028511,0.055957,-0.003198
esp32-c3-004,8,52,21423,-1.041478,-2.470816,-9.452309,0.031975,0.050894,-0.003464
esp32-c3-004,8,53,21443,-1.055843,-2.451663,-9.466674,0.035173,0.046631,-0.003464
esp32-c3-004,8,54,21463,-1.070208,-2.44448,-9.459491,0.031443,0.05196,-0.003464
esp32-c3-004,8,55,21483,-1.067814,-2.456451,-9.44752,0.028245,0.057289,-0.003464
esp32-c3-004,8,56,21503,-1.055843,-2.470816,-9.466674,0.027446,0.05649,-0.004796
esp32-c3-004,8,57,21523,-1.058237,-2.482787,-9.469068,0.03011,0.052493,-0.004263
esp32-c3-004,8,58,21543,-1.084573,-2.456451,-9.481039,0.029044,0.054891,-0.005063
esp32-c3-004,8,59,21563,-1.041478,-2.458845,-9.44752,0.025047,0.054358,-0.005862
esp32-c3-004,8,60,21583,-1.039083,-2.456451,-9.464279,0.027446,0.058622,-0.003198
esp32-c3-004,8,61,21603,-1.053449,-2.468422,-9.485827,0.031443,0.051161,-0.003198
esp32-c3-004,8,62,21623,-1.070208,-2.432509,-9.476251,0.03011,0.051427,-0.003464
esp32-c3-004,8,63,21643,-1.053449,-2.442086,-9.459491,0.026913,0.055691,-0.002398
esp32-c3-004,8,64,21663,-1.051055,-2.446874,-9.457097,0.031443,0.050894,-0.00453
esp32-c3-004,8,65,21683,-1.046266,-2.437297,-9.454702,0.032775,0.051694,-0.005063
esp32-c3-004,8,66,21703,-1.051055,-2.468422,-9.478644,0.029844,0.054358,-0.005329
esp32-c3-004,8,67,21723,-1.055843,-2.463634,-9.490616,0.029044,0.055691,-0.004263
esp32-c3-004,8,68,21743,-1.063026,-2.451663,-9.464279,0.030377,0.054092,-0.003997
esp32-c3-004,8,69,21763,-1.053449,-2.439692,-9.433155,0.03011,0.052493,-0.00373
esp32-c3-004,8,70,21783,-1.034295,-2.449268,-9.449914,0.028778,0.055158,-0.003198
esp32-c3-004,8,71,21804,-1.022324,-2.461239,-9.478644,0.029844,0.054358,-0.00453
esp32-c3-004,8,72,21823,-1.06542,-2.494758,-9.469068,0.031709,0.050095,-0.003997
esp32-c3-004,8,73,21843,-1.063026,-2.477999,-9.466674,0.029844,0.053026,-0.004263
esp32-c3-004,8,74,21863,-1.06542,-2.442086,-9.454702,0.026646,0.058355,-0.002931
esp32-c3-004,8,75,21883,-1.046266,-2.451663,-9.454702,0.027179,0.056757,-0.004263
esp32-c3-004,8,76,21903,-1.031901,-2.418144,-9.445126,0.032242,0.049562,-0.00373
esp32-c3-004,8,77,21923,-1.034295,-2.458845,-9.44752,0.033041,0.050095,-0.00373
esp32-c3-004,8,78,21943,-1.060631,-2.470816,-9.473856,0.029311,0.054891,-0.002931
esp32-c3-004,8,79,21963,-1.051055,-2.475605,-9.459491,0.028511,0.05649,-0.003198
esp32-c3-004,8,80,21983,-1.046266,-2.446874,-9.476251,0.03011,0.053292,-0.003997
esp32-c3-004,8,81,22003,-1.053449,-2.446874,-9.454702,0.031176,0.053026,-0.003997
esp32-c3-004,8,82,22023,-1.043872,-2.461239,-9.471462,0.027446,0.055158,-0.003464
esp32-c3-004,8,83,22043,-1.053449,-2.434903,-9.478644,0.029311,0.054891,-0.002665
esp32-c3-004,8,84,22063,-1.043872,-2.454057,-9.464279,0.029844,0.053292,-0.00373
esp32-c3-004,8,85,22083,-1.058237,-2.451663,-9.44752,0.030377,0.053559,-0.00453
esp32-c3-004,8,86,22103,-1.046266,-2.446874,-9.461885,0.029844,0.054625,-0.005596
esp32-c3-004,8,87,22123,-1.046266,-2.454057,-9.481039,0.028245,0.054891,-0.004796
esp32-c3-004,8,88,22143,-1.055843,-2.432509,-9.476251,0.029311,0.053825,-0.004796
esp32-c3-004,8,89,22163,-1.060631,-2.446874,-9.457097,0.030643,0.053292,-0.003997
esp32-c3-004,8,90,22183,-1.074997,-2.449268,-9.466674,0.030643,0.053559,-0.004263
esp32-c3-004,8,91,22203,-1.04866,-2.437297,-9.449914,0.030377,0.053559,-0.003997
esp32-c3-004,8,92,22223,-1.067814,-2.449268,-9.459491,0.030643,0.053559,-0.003997
esp32-c3-004,8,93,22243,-1.058237,-2.442086,-9.459491,0.030377,0.052227,-0.004796
esp32-c3-004,8,94,22263,-1.053449,-2.454057,-9.452309,0.029044,0.054092,-0.003997
esp32-c3-004,8,95,22283,-1.031901,-2.458845,-9.452309,0.027979,0.055957,-0.00373
esp32-c3-004,8,96,22303,-1.043872,-2.434903,-9.476251,0.029311,0.054625,-0.003997
esp32-c3-004,8,97,22323,-1.04866,-2.454057,-9.449914,0.031709,0.051694,-0.003464
esp32-c3-004,8,98,22343,-1.053449,-2.463634,-9.483433,0.030643,0.051694,-0.003997
esp32-c3-004,8,99,22363,-1.06542,-2.456451,-9.442732,0.029844,0.054092,-0.00373
esp32-c3-004,9,0,22464,-1.046266,-2.446874,-9.49301,0.029044,0.054891,-0.003464
esp32-c3-004,9,1,22483,-1.051055,-2.492364,-9.469068,0.030643,0.054358,-0.004796
esp32-c3-004,9,2,22503,-1.06542,-2.458845,-9.433155,0.032508,0.051161,-0.006129
esp32-c3-004,9,3,22524,-1.053449,-2.439692,-9.461885,0.02638,0.057289,-0.00373
esp32-c3-004,9,4,22543,-1.046266,-2.456451,-9.483433,0.029844,0.055424,-0.004796
esp32-c3-004,9,5,22563,-1.055843,-2.461239,-9.504981,0.03464,0.047963,-0.005596
esp32-c3-004,9,6,22583,-1.079785,-2.470816,-9.445126,0.028511,0.056757,-0.003997
esp32-c3-004,9,7,22603,-1.04866,-2.458845,-9.44752,0.022916,0.062352,-0.004263
esp32-c3-004,9,8,22623,-1.053449,-2.432509,-9.454702,0.030377,0.053559,-0.00453
esp32-c3-004,9,9,22643,-1.04866,-2.446874,-9.461885,0.037038,0.045565,-0.005596
esp32-c3-004,9,10,22663,-1.039083,-2.451663,-9.452309,0.028511,0.055691,-0.00453
esp32-c3-004,9,11,22683,-1.041478,-2.470816,-9.466674,0.022649,0.063685,-0.003464
esp32-c3-004,9,12,22703,-1.043872,-2.446874,-9.481039,0.031443,0.051161,-0.00453
esp32-c3-004,9,13,22723,-1.051055,-2.454057,-9.476251,0.036772,0.046098,-0.004263
esp32-c3-004,9,14,22743,-1.04866,-2.439692,-9.449914,0.028245,0.055424,-0.004263
esp32-c3-004,9,15,22763,-1.034295,-2.454057,-9.476251,0.023715,0.062352,-0.003464
esp32-c3-004,9,16,22783,-1.046266,-2.466028,-9.488221,0.031443,0.051427,-0.004263
esp32-c3-004,9,17,22803,-1.070208,-2.458845,-9.495404,0.03544,0.046364,-0.005329
esp32-c3-004,9,18,22823,-1.060631,-2.461239,-9.435549,0.027446,0.057023,-0.003997
esp32-c3-004,9,19,22843,-1.053449,-2.432509,-9.497798,0.023715,0.062086,-0.003997
esp32-c3-004,9,20,22863,-1.041478,-2.458845,-9.478644,0.029044,0.055158,-0.003997
esp32-c3-004,9,21,22883,-1.060631,-2.47321,-9.478644,0.03544,0.047164,-0.004796
esp32-c3-004,9,22,22903,-1.058237,-2.468422,-9.442732,0.031709,0.051161,-0.004796
esp32-c3-004,9,23,22923,-1.055843,-2.451663,-9.43076,0.027979,0.056224,-0.00453
esp32-c3-004,9,24,22944,-1.046266,-2.430115,-9.454702,0.029577,0.055158,-0.00453
esp32-c3-004,9,25,22963,-1.039083,-2.442086,-9.459491,0.03011,0.053559,-0.003997
esp32-c3-004,9,26,22983,-1.029507,-2.437297,-9.461885,0.028511,0.05649,-0.004263
esp32-c3-004,9,27,23003,-1.041478,-2.454057,-9.478644,0.028778,0.055957,-0.004796
esp32-c3-004,9,28,23023,-1.053449,-2.451663,-9.483433,0.031975,0.051427,-0.003464
esp32-c3-004,9,29,23043,-1.04866,-2.449268,-9.473856,0.032775,0.049562,-0.002665
esp32-c3-004,9,30,23063,-1.058237,-2.439692,-9.435549,0.03011,0.054092,-0.003198
esp32-c3-004,9,31,23083,-1.06542,-2.456451,-9.454702,0.029577,0.054625,-0.003997
esp32-c3-004,9,32,23103,-1.055843,-2.492364,-9.454702,0.031443,0.051694,-0.004796
esp32-c3-004,9,33,23123,-1.055843,-2.451663,-9.452309,0.030377,0.053026,-0.004263
esp32-c3-004,9,34,23143,-1.041478,-2.461239,-9.473856,0.025847,0.058622,-0.00453
esp32-c3-004,9,35,23163,-1.00317,-2.427721,-9.461885,0.02638,0.057289,-0.00373
esp32-c3-004,9,36,23183,-1.015141,-2.422932,-9.488221,0.030377,0.05276,-0.003997
esp32-c3-004,9,37,23203,-1.043872,-2.451663,-9.461885,0.031975,0.049562,-0.003997
esp32-c3-004,9,38,23223,-1.06542,-2.451663,-9.464279,0.031176,0.051694,-0.003198
esp32-c3-004,9,39,23243,-1.070208,-2.470816,-9.440337,0.030643,0.053026,-0.003464
esp32-c3-004,9,40,23263,-1.051055,-2.454057,-9.454702,0.031176,0.053292,-0.004263
esp32-c3-004,9,41,23283,-1.053449,-2.458845,-9.433155,0.031975,0.052227,-0.00453
esp32-c3-004,9,42,23303,-1.046266,-2.456451,-9.459491,0.027446,0.057556,-0.00453
esp32-c3-004,9,43,23323,-1.039083,-2.454057,-9.469068,0.02638,0.058089,-0.00453
esp32-c3-004,9,44,23343,-1.041478,-2.442086,-9.461885,0.028778,0.053559,-0.003997
esp32-c3-004,9,45,23363,-1.024718,-2.449268,-9.464279,0.034374,0.049828,-0.00373
esp32-c3-004,9,46,23383,-1.043872,-2.434903,-9.464279,0.031709,0.050361,-0.00373
esp32-c3-004,9,47,23403,-1.031901,-2.454057,-9.473856,0.029044,0.054625,-0.003464
esp32-c3-004,9,48,23423,-1.053449,-2.449268,-9.433155,0.028778,0.055158,-0.00453
esp32-c3-004,9,49,23443,-1.074997,-2.456451,-9.478644,0.029311,0.055158,-0.00453
esp32-c3-004,9,50,23463,-1.060631,-2.434903,-9.457097,0.028245,0.054625,-0.004796
esp32-c3-004,9,51,23483,-1.036689,-2.449268,-9.476251,0.027179,0.056224,-0.00453
esp32-c3-004,9,52,23503,-1.036689,-2.439692,-9.471462,0.029844,0.053026,-0.00373
esp32-c3-004,9,53,23523,-1.04866,-2.449268,-9.457097,0.031975,0.051427,-0.003464
esp32-c3-004,9,54,23543,-1.041478,-2.449268,-9.466674,0.031176,0.053026,-0.003997
esp32-c3-004,9,55,23563,-1.079785,-2.454057,-9.461885,0.030377,0.054358,-0.002931
esp32-c3-004,9,56,23583,-1.067814,-2.442086,-9.452309,0.028778,0.054092,-0.00373
esp32-c3-004,9,57,23603,-1.046266,-2.446874,-9.485827,0.029577,0.052493,-0.003997
esp32-c3-004,9,58,23623,-1.034295,-2.432509,-9.44752,0.029311,0.054092,-0.00373
esp32-c3-004,9,59,23644,-1.051055,-2.480393,-9.459491,0.029311,0.054625,-0.003997
esp32-c3-004,9,60,23663,-1.04866,-2.463634,-9.49301,0.029577,0.054625,-0.005063
esp32-c3-004,9,61,23683,-1.04866,-2.425326,-9.466674,0.028245,0.055957,-0.003997
esp32-c3-004,9,62,23703,-1.029507,-2.430115,-9.485827,0.031176,0.052227,-0.00373
esp32-c3-004,9,63,23723,-1.039083,-2.446874,-9.449914,0.030377,0.051694,-0.002665
esp32-c3-004,9,64,23743,-1.06542,-2.463634,-9.442732,0.031709,0.051427,-0.003464
esp32-c3-004,9,65,23763,-1.063026,-2.463634,-9.464279,0.029577,0.053292,-0.003198
esp32-c3-004,9,66,23783,-1.077391,-2.466028,-9.452309,0.029311,0.054625,-0.003997
esp32-c3-004,9,67,23803,-1.055843,-2.442086,-9.445126,0.028778,0.053292,-0.00453
esp32-c3-004,9,68,23823,-1.043872,-2.446874,-9.466674,0.026913,0.05649,-0.005596
esp32-c3-004,9,69,23843,-1.039083,-2.437297,-9.473856,0.028778,0.054891,-0.003997
esp32-c3-004,9,70,23863,-1.053449,-2.470816,-9.473856,0.029844,0.05276,-0.00373
esp32-c3-004,9,71,23883,-1.051055,-2.470816,-9.473856,0.03091,0.052227,-0.00453
esp32-c3-004,9,72,23903,-1.051055,-2.449268,-9.449914,0.03011,0.053825,-0.002931
esp32-c3-004,9,73,23923,-1.055843,-2.44448,-9.459491,0.028511,0.055158,-0.003997
esp32-c3-004,9,74,23944,-1.060631,-2.456451,-9.466674,0.031709,0.052227,-0.00373
esp32-c3-004,9,75,23963,-1.077391,-2.47321,-9.440337,0.03091,0.05196,-0.003198
esp32-c3-004,9,76,23983,-1.055843,-2.461239,-9.445126,0.029311,0.055158,-0.005329
esp32-c3-004,9,77,24003,-1.031901,-2.439692,-9.469068,0.026113,0.057289,-0.003198
esp32-c3-004,9,78,24023,-1.022324,-2.446874,-9.459491,0.028245,0.05649,-0.003198
esp32-c3-004,9,79,24043,-1.01993,-2.461239,-9.473856,0.031975,0.050894,-0.003997
esp32-c3-004,9,80,24064,-1.074997,-2.427721,-9.466674,0.035706,0.047164,-0.004796
esp32-c3-004,9,81,24083,-1.067814,-2.434903,-9.437943,0.023449,0.059688,-0.000266
esp32-c3-004,9,82,24103,-1.029507,-2.451663,-9.43076,0.027446,0.056757,-0.00453
esp32-c3-004,9,83,24123,-1.039083,-2.432509,-9.459491,0.033041,0.050095,-0.003997
esp32-c3-004,9,84,24143,-1.055843,-2.458845,-9.471462,0.035706,0.048763,-0.005063
esp32-c3-004,9,85,24163,-1.067814,-2.446874,-9.490616,0.026113,0.057023,-0.004263
esp32-c3-004,9,86,24183,-1.055843,-2.451663,-9.452309,0.023982,0.060221,-0.003997
esp32-c3-004,9,87,24203,-1.055843,-2.432509,-9.452309,0.03011,0.053559,-0.003997
esp32-c3-004,9,88,24223,-1.04866,-2.434903,-9.469068,0.031176,0.051427,-0.004796
esp32-c3-004,9,89,24243,-1.031901,-2.437297,-9.452309,0.029577,0.053825,-0.002665
esp32-c3-004,9,90,24263,-1.04866,-2.449268,-9.469068,0.027446,0.057556,-0.00373
esp32-c3-004,9,91,24283,-1.060631,-2.451663,-9.490616,0.031176,0.05196,-0.003464
esp32-c3-004,9,92,24303,-1.072602,-2.454057,-9.461885,0.032508,0.048496,-0.003997
esp32-c3-004,9,93,24323,-1.06542,-2.449268,-9.457097,0.029577,0.054625,-0.003997
esp32-c3-004,9,94,24343,-1.058237,-2.442086,-9.478644,0.028511,0.055424,-0.003464
esp32-c3-004,9,95,24363,-1.04866,-2.439692,-9.476251,0.026913,0.057289,-0.004263
esp32-c3-004,9,96,24383,-1.046266,-2.456451,-9.481039,0.029044,0.055691,-0.004263
esp32-c3-004,9,97,24403,-1.04866,-2.451663,-9.483433,0.030643,0.05276,-0.003997
esp32-c3-004,9,98,24423,-1.058237,-2.446874,-9.476251,0.03091,0.05196,-0.00453
esp32-c3-004,9,99,24443,-1.043872,-2.430115,-9.459491,0.031709,0.051694,-0.002931
esp32-c3-004,10,0,24547,-1.051055,-2.456451,-9.459491,0.030377,0.052493,-0.00453
esp32-c3-004,10,1,24566,-1.051055,-2.439692,-9.437943,0.029044,0.054625,-0.004263
esp32-c3-004,10,2,24586,-1.024718,-2.430115,-9.471462,0.028511,0.054358,-0.002665
esp32-c3-004,10,3,24607,-1.034295,-2.442086,-9.454702,0.031443,0.052227,-0.002398
esp32-c3-004,10,4,24626,-1.04866,-2.477999,-9.466674,0.032508,0.050095,-0.003198
esp32-c3-004,10,5,24646,-1.067814,-2.454057,-9.473856,0.031709,0.050894,-0.003464
esp32-c3-004,10,6,24667,-1.074997,-2.461239,-9.464279,0.027712,0.056757,-0.004796
esp32-c3-004,10,7,24686,-1.041478,-2.434903,-9.478644,0.026913,0.057289,-0.004796
esp32-c3-004,10,8,24706,-1.039083,-2.432509,-9.461885,0.027979,0.055957,-0.005862
esp32-c3-004,10,9,24726,-1.036689,-2.451663,-9.466674,0.029044,0.054092,-0.005329
esp32-c3-004,10,10,24746,-1.055843,-2.458845,-9.459491,0.029311,0.054092,-0.00453
esp32-c3-004,10,11,24766,-1.04866,-2.439692,-9.469068,0.029044,0.054358,-0.004263
esp32-c3-004,10,12,24786,-1.053449,-2.437297,-9.454702,0.031709,0.051694,-0.00373
esp32-c3-004,10,13,24806,-1.046266,-2.449268,-9.473856,0.032508,0.049562,-0.004263
esp32-c3-004,10,14,24826,-1.079785,-2.461239,-9.478644,0.031709,0.050628,-0.003997
esp32-c3-004,10,15,24846,-1.082179,-2.466028,-9.445126,0.028511,0.055957,-0.004263
esp32-c3-004,10,16,24866,-1.070208,-2.430115,-9.469068,0.025314,0.058089,-0.003997
esp32-c3-004,10,17,24886,-1.027112,-2.437297,-9.495404,0.028245,0.055691,-0.004796
esp32-c3-004,10,18,24906,-1.041478,-2.44448,-9.485827,0.030377,0.053292,-0.00453
esp32-c3-004,10,19,24926,-1.034295,-2.454057,-9.466674,0.03011,0.053026,-0.003464
esp32-c3-004,10,20,24946,-1.055843,-2.446874,-9.461885,0.028778,0.054358,-0.002931
esp32-c3-004,10,21,24966,-1.070208,-2.461239,-9.464279,0.031176,0.051427,-0.003198
esp32-c3-004,10,22,24986,-1.077391,-2.449268,-9.449914,0.032775,0.049562,-0.004263
esp32-c3-004,10,23,25006,-1.055843,-2.454057,-9.464279,0.029577,0.054092,-0.00373
esp32-c3-004,10,24,25026,-1.060631,-2.446874,-9.476251,0.026646,0.057822,-0.003997
esp32-c3-004,10,25,25046,-1.046266,-2.461239,-9.464279,0.026913,0.056757,-0.00453
esp32-c3-004,10,26,25066,-1.055843,-2.439692,-9.469068,0.028778,0.054891,-0.00453
esp32-c3-004,10,27,25086,-1.043872,-2.437297,-9.454702,0.029311,0.054625,-0.00453
esp32-c3-004,10,28,25106,-1.036689,-2.432509,-9.464279,0.029844,0.053825,-0.003997
esp32-c3-004,10,29,25126,-1.058237,-2.470816,-9.457097,0.032775,0.049828,-0.004263
esp32-c3-004,10,30,25146,-1.079785,-2.463634,-9.457097,0.032508,0.049029,-0.00373
esp32-c3-004,10,31,25166,-1.084573,-2.461239,-9.435549,0.030377,0.052493,-0.004263
esp32-c3-004,10,32,25187,-1.060631,-2.439692,-9.433155,0.024781,0.059421,-0.003464
esp32-c3-004,10,33,25206,-1.041478,-2.422932,-9.473856,0.026913,0.058089,-0.004263
esp32-c3-004,10,34,25226,-1.029507,-2.442086,-9.471462,0.031709,0.050095,-0.005329
esp32-c3-004,10,35,25246,-1.036689,-2.456451,-9.461885,0.031975,0.053026,-0.00453
esp32-c3-004,10,36,25266,-1.053449,-2.477999,-9.449914,0.027446,0.056224,-0.004796
esp32-c3-004,10,37,25286,-1.058237,-2.456451,-9.44752,0.029844,0.054625,-0.00373
esp32-c3-004,10,38,25306,-1.04866,-2.446874,-9.478644,0.033041,0.048763,-0.003997
esp32-c3-004,10,39,25326,-1.046266,-2.449268,-9.476251,0.030643,0.053292,-0.003997
esp32-c3-004,10,40,25346,-1.051055,-2.437297,-9.454702,0.026913,0.058888,-0.004263
esp32-c3-004,10,41,25366,-1.053449,-2.446874,-9.469068,0.028245,0.055158,-0.004263
esp32-c3-004,10,42,25386,-1.04866,-2.468422,-9.437943,0.03091,0.051161,-0.005329
esp32-c3-004,10,43,25406,-1.034295,-2.451663,-9.433155,0.029577,0.053292,-0.004263
esp32-c3-004,10,44,25426,-1.055843,-2.427721,-9.459491,0.028511,0.055691,-0.004263
esp32-c3-004,10,45,25446,-1.058237,-2.427721,-9.464279,0.030377,0.054092,-0.003198
esp32-c3-004,10,46,25466,-1.04866,-2.442086,-9.464279,0.031443,0.050894,-0.004796
esp32-c3-004,10,47,25486,-1.053449,-2.47321,-9.459491,0.029311,0.053292,-0.004796
esp32-c3-004,10,48,25506,-1.055843,-2.432509,-9.457097,0.027979,0.055424,-0.003997
esp32-c3-004,10,49,25526,-1.036689,-2.451663,-9.457097,0.027712,0.054891,-0.003198
esp32-c3-004,10,50,25546,-1.039083,-2.456451,-9.457097,0.029311,0.055158,-0.003997
esp32-c3-004,10,51,25566,-1.060631,-2.442086,-9.476251,0.032775,0.051427,-0.005063
esp32-c3-004,10,52,25586,-1.055843,-2.466028,-9.457097,0.028778,0.054891,-0.004263
esp32-c3-004,10,53,25606,-1.055843,-2.454057,-9.483433,0.027712,0.05649,-0.004263
esp32-c3-004,10,54,25626,-1.067814,-2.432509,-9.483433,0.030643,0.052227,-0.00373
esp32-c3-004,10,55,25646,-1.031901,-2.434903,-9.488221,0.031176,0.052227,-0.003198
esp32-c3-004,10,56,25666,-1.04866,-2.47321,-9.461885,0.027446,0.054891,-0.00373
esp32-c3-004,10,57,25687,-1.046266,-2.456451,-9.481039,0.027712,0.055957,-0.002931
esp32-c3-004,10,58,25706,-1.067814,-2.461239,-9.469068,0.031443,0.050628,-0.00373
esp32-c3-004,10,59,25726,-1.058237,-2.437297,-9.485827,0.029844,0.051427,-0.00373
esp32-c3-004,10,60,25746,-1.046266,-2.449268,-9.461885,0.02638,0.057822,-0.003997
esp32-c3-004,10,61,25766,-1.034295,-2.44448,-9.457097,0.028778,0.056224,-0.004796
esp32-c3-004,10,62,25787,-1.043872,-2.451663,-9.483433,0.030643,0.052493,-0.003464
esp32-c3-004,10,63,25806,-1.060631,-2.451663,-9.466674,0.030643,0.051161,-0.003464
esp32-c3-004,10,64,25826,-1.053449,-2.458845,-9.459491,0.029044,0.054092,-0.003198
esp32-c3-004,10,65,25846,-1.043872,-2.470816,-9.440337,0.03011,0.054625,-0.003997
esp32-c3-004,10,66,25866,-1.053449,-2.466028,-9.44752,0.03011,0.054625,-0.004263
esp32-c3-004,10,67,25886,-1.070208,-2.446874,-9.466674,0.031176,0.053292,-0.003997
esp32-c3-004,10,68,25906,-1.058237,-2.439692,-9.461885,0.029844,0.052227,-0.003198
esp32-c3-004,10,69,25926,-1.060631,-2.430115,-9.459491,0.027712,0.055158,-0.002931
esp32-c3-004,10,70,25946,-1.039083,-2.446874,-9.44752,0.028778,0.055424,-0.00373
esp32-c3-004,10,71,25966,-1.015141,-2.442086,-9.452309,0.029844,0.054891,-0.005063
esp32-c3-004,10,72,25986,-1.043872,-2.461239,-9.469068,0.03091,0.05196,-0.005329
esp32-c3-004,10,73,26006,-1.053449,-2.44448,-9.478644,0.031176,0.05196,-0.00453
esp32-c3-004,10,74,26026,-1.058237,-2.456451,-9.449914,0.027446,0.057023,-0.003464
esp32-c3-004,10,75,26046,-1.04866,-2.430115,-9.459491,0.026646,0.057023,-0.003198
esp32-c3-004,10,76,26066,-1.058237,-2.439692,-9.461885,0.03091,0.053026,-0.004263
esp32-c3-004,10,77,26086,-1.060631,-2.456451,-9.457097,0.031176,0.050095,-0.00453
esp32-c3-004,10,78,26106,-1.060631,-2.468422,-9.449914,0.029044,0.054092,-0.005063
esp32-c3-004,10,79,26126,-1.067814,-2.463634,-9.445126,0.027712,0.055691,-0.00373
esp32-c3-004,10,80,26146,-1.058237,-2.475605,-9.473856,0.029577,0.054092,-0.002931
esp32-c3-004,10,81,26166,-1.043872,-2.456451,-9.488221,0.030377,0.053026,-0.004263
esp32-c3-004,10,82,26186,-1.051055,-2.44448,-9.44752,0.029311,0.054358,-0.003464
esp32-c3-004,10,83,26206,-1.04866,-2.442086,-9.457097,0.029044,0.055957,-0.003464
esp32-c3-004,10,84,26226,-1.055843,-2.442086,-9.481039,0.028778,0.053825,-0.002931
esp32-c3-004,10,85,26246,-1.058237,-2.451663,-9.445126,0.033041,0.050628,-0.00453
esp32-c3-004,10,86,26266,-1.055843,-2.456451,-9.466674,0.032508,0.052493,-0.004796
esp32-c3-004,10,87,26286,-1.060631,-2.463634,-9.449914,0.027179,0.055957,-0.004263
esp32-c3-004,10,88,26307,-1.043872,-2.468422,-9.459491,0.029844,0.054092,-0.004263
esp32-c3-004,10,89,26326,-1.055843,-2.456451,-9.457097,0.030643,0.053292,-0.005063
esp32-c3-004,10,90,26346,-1.067814,-2.466028,-9.459491,0.027979,0.057023,-0.00373
esp32-c3-004,10,91,26366,-1.04866,-2.449268,-9.459491,0.02638,0.058888,-0.00453
esp32-c3-004,10,92,26386,-1.039083,-2.434903,-9.442732,0.035173,0.049029,-0.005063
esp32-c3-004,10,93,26407,-1.055843,-2.456451,-9.461885,0.034907,0.047697,-0.004796
esp32-c3-004,10,94,26426,-1.04866,-2.492364,-9.44752,0.029311,0.054358,-0.005063
esp32-c3-004,10,95,26446,-1.043872,-2.425326,-9.466674,0.015455,0.068481,0.000266
esp32-c3-004,10,96,26466,-1.022324,-2.456451,-9.442732,0.032775,0.049296,-0.004796
esp32-c3-004,10,97,26486,-1.070208,-2.434903,-9.425972,0.042634,0.037571,-0.006395
esp32-c3-004,10,98,26506,-1.058237,-2.466028,-9.464279,0.030643,0.055424,-0.003464
esp32-c3-004,10,99,26526,-1.06542,-2.454057,-9.500193,0.016787,0.069547,-0.003464
esp32-c3-004,11,0,26625,-1.034295,-2.485181,-9.481039,0.018652,0.069014,-0.00453
esp32-c3-004,11,1,26644,-1.034295,-2.432509,-9.504981,0.034907,0.046098,-0.005329
esp32-c3-004,11,2,26664,-1.051055,-2.458845,-9.442732,0.038637,0.041835,-0.005329
esp32-c3-004,11,3,26684,-1.024718,-2.456451,-9.452309,0.022116,0.065017,-0.002931
esp32-c3-004,11,4,26704,-1.00317,-2.427721,-9.471462,0.018919,0.066349,-0.001332
esp32-c3-004,11,5,26724,-1.029507,-2.454057,-9.495404,0.038637,0.044499,-0.003997
esp32-c3-004,11,6,26744,-1.084573,-2.466028,-9.471462,0.041835,0.037571,-0.005329
esp32-c3-004,11,7,26764,-1.053449,-2.487576,-9.445126,0.023715,0.061819,-0.002665
esp32-c3-004,11,8,26784,-1.053449,-2.458845,-9.437943,0.02185,0.061819,-0.002665
esp32-c3-004,11,9,26804,-1.070208,-2.454057,-9.464279,0.036505,0.044233,-0.00373
esp32-c3-004,11,10,26824,-1.058237,-2.466028,-9.44752,0.031975,0.047963,-0.004263
esp32-c3-004,11,11,26844,-1.063026,-2.463634,-9.464279,0.018919,0.064484,-0.003198
esp32-c3-004,11,12,26864,-1.024718,-2.451663,-9.473856,0.020518,0.065017,-0.001599
esp32-c3-004,11,13,26884,-0.991199,-2.449268,-9.495404,0.034374,0.046364,-0.002665
esp32-c3-004,11,14,26904,-1.046266,-2.456451,-9.454702,0.045832,0.033308,-0.00453
esp32-c3-004,11,15,26924,-1.098939,-2.458845,-9.445126,0.033041,0.046364,-0.003464
esp32-c3-004,11,16,26944,-1.086968,-2.449268,-9.440337,0.019985,0.068747,-0.002398
esp32-c3-004,11,17,26964,-1.041478,-2.461239,-9.490616,0.018652,0.066616,-0.006129
esp32-c3-004,11,18,26984,-1.031901,-2.437297,-9.481039,0.032775,0.05196,-0.006662
esp32-c3-004,11,19,27004,-1.031901,-2.461239,-9.471462,0.036505,0.045565,-0.005596
esp32-c3-004,11,20,27024,-1.039083,-2.468422,-9.459491,0.028778,0.053825,-0.00373
esp32-c3-004,11,21,27044,-1.058237,-2.468422,-9.452309,0.026646,0.057023,-0.002132
esp32-c3-004,11,22,27064,-1.082179,-2.47321,-9.495404,0.036239,0.044233,-0.004796
esp32-c3-004,11,23,27084,-1.101333,-2.466028,-9.449914,0.032775,0.04823,-0.005063
esp32-c3-004,11,24,27104,-1.036689,-2.466028,-9.440337,0.020784,0.064217,-0.004263
esp32-c3-004,11,25,27124,-1.017536,-2.456451,-9.471462,0.019985,0.064217,-0.002398
esp32-c3-004,11,26,27144,-1.031901,-2.439692,-9.502586,0.035972,0.044499,-0.003464
esp32-c3-004,11,27,27164,-1.055843,-2.480393,-9.44752,0.040236,0.038104,-0.004796
esp32-c3-004,11,28,27184,-1.089362,-2.463634,-9.473856,0.031176,0.053026,-0.002665
esp32-c3-004,11,29,27204,-0.998382,-2.463634,-9.459491,0.013856,0.076208,-0.001066
esp32-c3-004,11,30,27224,-1.005565,-2.401384,-9.509769,0.027979,0.056757,-0.001865
esp32-c3-004,11,31,27244,-1.060631,-2.463634,-9.464279,0.050628,0.027446,-0.00453
esp32-c3-004,11,32,27264,-1.132457,-2.485181,-9.404425,0.042368,0.037038,-0.00453
esp32-c3-004,11,33,27284,-1.101333,-2.47321,-9.406818,0.015188,0.071412,-0.001865
esp32-c3-004,11,34,27304,-1.051055,-2.439692,-9.442732,0.016254,0.069813,-0.00373
esp32-c3-004,11,35,27324,-1.043872,-2.427721,-9.459491,0.03544,0.045565,-0.005862
esp32-c3-004,11,36,27344,-1.036689,-2.451663,-9.473856,0.040236,0.038371,-0.007461
esp32-c3-004,11,37,27364,-1.067814,-2.480393,-9.469068,0.024515,0.058355,-0.005329
esp32-c3-004,11,38,27384,-1.043872,-2.461239,-9.473856,0.01732,0.068747,-0.003464
esp32-c3-004,11,39,27404,-1.005565,-2.446874,-9.476251,0.029044,0.054625,-0.004796
esp32-c3-004,11,40,27424,-1.034295,-2.44448,-9.478644,0.040236,0.040769,-0.005596
esp32-c3-004,11,41,27445,-1.06542,-2.456451,-9.445126,0.033308,0.04743,-0.00453
esp32-c3-004,11,42,27464,-1.060631,-2.458845,-9.440337,0.023982,0.061286,-0.003464
esp32-c3-004,11,43,27484,-1.072602,-2.437297,-9.454702,0.026113,0.058089,-0.003464
esp32-c3-004,11,44,27504,-1.070208,-2.458845,-9.469068,0.033308,0.049029,-0.004796
esp32-c3-004,11,45,27524,-1.055843,-2.468422,-9.473856,0.029577,0.053292,-0.00373
esp32-c3-004,11,46,27544,-1.043872,-2.434903,-9.476251,0.025314,0.058089,-0.002931
esp32-c3-004,11,47,27564,-1.039083,-2.461239,-9.490616,0.031443,0.050095,-0.003997
esp32-c3-004,11,48,27584,-1.046266,-2.456451,-9.471462,0.035706,0.046364,-0.00373
esp32-c3-004,11,49,27604,-1.046266,-2.466028,-9.43076,0.02558,0.059954,-0.002931
esp32-c3-004,11,50,27624,-1.029507,-2.437297,-9.485827,0.020518,0.065017,-0.002398
esp32-c3-004,11,51,27644,-1.039083,-2.430115,-9.502586,0.03544,0.044233,-0.004263
esp32-c3-004,11,52,27664,-1.084573,-2.449268,-9.449914,0.044233,0.03544,-0.003464
esp32-c3-004,11,53,27684,-1.084573,-2.487576,-9.433155,0.029044,0.054358,-0.003997
esp32-c3-004,11,54,27704,-1.070208,-2.475605,-9.457097,0.017587,0.069547,-0.002398
esp32-c3-004,11,55,27724,-1.046266,-2.446874,-9.485827,0.028245,0.054625,-0.00453
esp32-c3-004,11,56,27744,-1.058237,-2.456451,-9.452309,0.038371,0.041568,-0.005063
esp32-c3-004,11,57,27764,-1.043872,-2.470816,-9.435549,0.027712,0.055424,-0.003464
esp32-c3-004,11,58,27784,-1.031901,-2.458845,-9.473856,0.017853,0.070346,-0.002665
esp32-c3-004,11,59,27804,-1.017536,-2.427721,-9.488221,0.030377,0.053825,-0.003464
esp32-c3-004,11,60,27824,-1.063026,-2.466028,-9.452309,0.044499,0.035706,-0.003997
esp32-c3-004,11,61,27844,-1.106121,-2.463634,-9.433155,0.035972,0.044766,-0.003997
esp32-c3-004,11,62,27864,-1.086968,-2.466028,-9.437943,0.02185,0.063418,-0.002398
esp32-c3-004,11,63,27884,-1.070208,-2.475605,-9.466674,0.024248,0.061286,-0.004796
esp32-c3-004,11,64,27904,-1.055843,-2.451663,-9.481039,0.033308,0.049828,-0.005329
esp32-c3-004,11,65,27924,-1.034295,-2.468422,-9.469068,0.029311,0.053026,-0.005063
esp32-c3-004,11,66,27945,-1.031901,-2.44448,-9.483433,0.023449,0.061819,-0.00453
esp32-c3-004,11,67,27964,-1.034295,-2.449268,-9.459491,0.028245,0.055158,-0.003464
esp32-c3-004,11,68,27984,-1.043872,-2.461239,-9.466674,0.038637,0.043433,-0.005596
esp32-c3-004,11,69,28004,-1.074997,-2.48997,-9.435549,0.03544,0.047697,-0.00453
esp32-c3-004,11,70,28024,-1.082179,-2.477999,-9.437943,0.024781,0.059954,-0.003464
esp32-c3-004,11,71,28044,-1.067814,-2.458845,-9.452309,0.027712,0.054358,-0.004263
esp32-c3-004,11,72,28064,-1.039083,-2.449268,-9.44752,0.033308,0.046631,-0.004796
esp32-c3-004,11,73,28084,-1.058237,-2.458845,-9.433155,0.02638,0.056757,-0.00373
esp32-c3-004,11,74,28104,-1.031901,-2.454057,-9.457097,0.019985,0.065283,-0.003464
esp32-c3-004,11,75,28124,-1.022324,-2.463634,-9.490616,0.031975,0.050628,-0.003997
esp32-c3-004,11,76,28144,-1.067814,-2.456451,-9.454702,0.043167,0.037305,-0.005063
esp32-c3-004,11,77,28164,-1.070208,-2.461239,-9.449914,0.03091,0.051694,-0.002931
esp32-c3-004,11,78,28184,-1.067814,-2.454057,-9.442732,0.018919,0.066349,-0.001599
esp32-c3-004,11,79,28204,-1.074997,-2.480393,-9.488221,0.032508,0.051427,-0.003997
esp32-c3-004,11,80,28224,-1.077391,-2.482787,-9.437943,0.040236,0.040502,-0.005596
esp32-c3-004,11,81,28244,-1.063026,-2.461239,-9.452309,0.023982,0.061553,-0.003997
esp32-c3-004,11,82,28264,-1.046266,-2.422932,-9.478644,0.018119,0.067415,-0.003464
esp32-c3-004,11,83,28284,-1.082179,-2.437297,-9.464279,0.037305,0.042634,-0.005329
esp32-c3-004,11,84,28304,-1.077391,-2.470816,-9.454702,0.041568,0.038371,-0.007461
esp32-c3-004,11,85,28324,-1.084573,-2.497152,-9.437943,0.02185,0.061819,-0.005063
esp32-c3-004,11,86,28344,-1.01993,-2.454057,-9.478644,0.014389,0.070613,-0.005063
esp32-c3-004,11,87,28364,-1.010353,-2.427721,-9.466674,0.029844,0.05196,-0.005862
esp32-c3-004,11,88,28384,-1.005565,-2.442086,-9.457097,0.038637,0.0429,-0.005596
esp32-c3-004,11,89,28404,-1.007959,-2.456451,-9.454702,0.026646,0.058089,-0.002931
esp32-c3-004,11,90,28424,-1.031901,-2.446874,-9.485827,0.023182,0.063685,-0.000533
esp32-c3-004,11,91,28444,-1.06542,-2.437297,-9.497798,0.042368,0.037305,-0.003198
esp32-c3-004,11,92,28464,-1.113304,-2.470816,-9.416395,0.048763,0.029044,-0.004263
esp32-c3-004,11,93,28484,-1.122881,-2.468422,-9.385271,0.025847,0.059688,-0.004796
esp32-c3-004,11,94,28504,-1.101333,-2.454057,-9.416395,0.008527,0.078606,-0.005329
esp32-c3-004,11,95,28524,-1.046266,-2.432509,-9.502586,0.023182,0.059688,-0.006662
esp32-c3-004,11,96,28544,-1.024718,-2.449268,-9.440337,0.037571,0.043167,-0.006662
esp32-c3-004,11,97,28565,-0.991199,-2.456451,-9.485827,0.02558,0.060487,-0.002931
esp32-c3-004,11,98,28584,-0.972046,-2.420538,-9.502586,0.019452,0.067415,-0.000799
esp32-c3-004,11,99,28604,-1.024718,-2.41575,-9.526528,0.040502,0.039436,-0.001066
esp32-c3-004,12,0,42982,-1.072602,-2.485181,-9.425972,0.040236,0.040769,-0.006662
esp32-c3-004,12,1,43001,-1.063026,-2.47321,-9.44752,0.019718,0.066882,-0.00373
esp32-c3-004,12,2,43022,-1.046266,-2.454057,-9.485827,0.017054,0.068214,-0.002931
esp32-c3-004,12,3,43041,-1.053449,-2.454057,-9.485827,0.038904,0.041568,-0.005063
esp32-c3-004,12,4,43061,-1.058237,-2.480393,-9.44752,0.037038,0.042634,-0.00453
esp32-c3-004,12,5,43081,-1.063026,-2.463634,-9.43076,0.019452,0.066349,-0.002398
esp32-c3-004,12,6,43101,-1.041478,-2.427721,-9.49301,0.023715,0.060487,-0.003198
esp32-c3-004,12,7,43121,-1.053449,-2.456451,-9.469068,0.039436,0.040769,-0.00453
esp32-c3-004,12,8,43141,-1.041478,-2.485181,-9.473856,0.032508,0.050361,-0.003464
esp32-c3-004,12,9,43161,-1.051055,-2.454057,-9.461885,0.017853,0.068747,-0.003464
esp32-c3-004,12,10,43181,-1.058237,-2.434903,-9.473856,0.029311,0.054358,-0.00453
esp32-c3-004,12,11,43202,-1.043872,-2.44448,-9.454702,0.040769,0.040236,-0.005063
esp32-c3-004,12,12,43221,-1.046266,-2.482787,-9.435549,0.027179,0.056757,-0.003464
esp32-c3-004,12,13,43241,-1.058237,-2.449268,-9.478644,0.024248,0.061286,-0.003198
esp32-c3-004,12,14,43261,-1.077391,-2.456451,-9.449914,0.038371,0.043433,-0.005596
esp32-c3-004,12,15,43281,-1.06542,-2.482787,-9.440337,0.031709,0.051427,-0.003997
esp32-c3-004,12,16,43301,-1.058237,-2.466028,-9.469068,0.016787,0.069813,-0.002931
esp32-c3-004,12,17,43321,-1.039083,-2.422932,-9.481039,0.029311,0.053559,-0.00453
esp32-c3-004,12,18,43341,-1.055843,-2.456451,-9.445126,0.043433,0.038104,-0.005329
esp32-c3-004,12,19,43361,-1.051055,-2.487576,-9.440337,0.025847,0.057556,-0.003997
esp32-c3-004,12,20,43381,-1.04866,-2.475605,-9.490616,0.017853,0.068214,-0.002132
esp32-c3-004,12,21,43402,-1.039083,-2.456451,-9.49301,0.037038,0.046098,-0.004796
esp32-c3-004,12,22,43421,-1.072602,-2.475605,-9.44752,0.043167,0.037838,-0.00453
esp32-c3-004,12,23,43441,-1.077391,-2.463634,-9.445126,0.022649,0.062352,-0.002931
esp32-c3-004,12,24,43461,-1.053449,-2.439692,-9.483433,0.019452,0.066616,-0.003464
esp32-c3-004,12,25,43481,-1.04866,-2.446874,-9.500193,0.03544,0.045565,-0.00453
esp32-c3-004,12,26,43501,-1.034295,-2.487576,-9.457097,0.034907,0.047164,-0.00373
esp32-c3-004,12,27,43521,-1.04866,-2.454057,-9.481039,0.023715,0.060753,-0.002931
esp32-c3-004,12,28,43541,-1.041478,-2.44448,-9.497798,0.029577,0.053559,-0.002931
esp32-c3-004,12,29,43561,-1.070208,-2.456451,-9.449914,0.037038,0.043433,-0.003997
esp32-c3-004,12,30,43581,-1.086968,-2.487576,-9.464279,0.027979,0.055691,-0.003464
esp32-c3-004,12,31,43601,-1.060631,-2.466028,-9.452309,0.021051,0.064484,-0.003997
esp32-c3-004,12,32,43621,-1.04866,-2.504335,-9.516952,0.032775,0.045565,-0.005063
esp32-c3-004,12,33,43641,-1.077391,-2.408567,-9.536105,0.038637,0.038371,0.000533
esp32-c3-004,12,34,43661,-1.053449,-2.552219,-9.469068,0.028511,0.054625,0
esp32-c3-004,12,35,43681,-1.072602,-2.413355,-9.481039,0.018386,0.064484,-0.001332
esp32-c3-004,12,36,43701,-1.06542,-2.442086,-9.469068,0.026646,0.055424,-0.001599
esp32-c3-004,12,37,43721,-1.089362,-2.477999,-9.43076,0.037038,0.043966,-0.005862
esp32-c3-004,12,38,43741,-1.06542,-2.468422,-9.433155,0.029044,0.055957,-0.003997
esp32-c3-004,12,39,43761,-1.046266,-2.451663,-9.459491,0.020784,0.066083,-0.002931
esp32-c3-004,12,40,43781,-1.027112,-2.437297,-9.464279,0.03091,0.051694,-0.003464
esp32-c3-004,12,41,43801,-1.063026,-2.468422,-9.452309,0.038637,0.041035,-0.005329
esp32-c3-004,12,42,43821,-1.101333,-2.482787,-9.440337,0.028778,0.055691,-0.004263
esp32-c3-004,12,43,43841,-1.060631,-2.47321,-9.452309,0.019718,0.06555,-0.002665
esp32-c3-004,12,44,43861,-1.043872,-2.461239,-9.464279,0.026646,0.05649,-0.00373
esp32-c3-004,12,45,43881,-1.024718,-2.463634,-9.483433,0.034374,0.048496,-0.005596
esp32-c3-004,12,46,43901,-1.029507,-2.477999,-9.454702,0.027712,0.058355,-0.00373
esp32-c3-004,12,47,43921,-1.046266,-2.449268,-9.452309,0.02558,0.06102,-0.003464
esp32-c3-004,12,48,43941,-1.058237,-2.44448,-9.452309,0.034374,0.051161,-0.003997
esp32-c3-004,12,49,43961,-1.070208,-2.44448,-9.435549,0.036239,0.046631,-0.004263
esp32-c3-004,12,50,43981,-1.084573,-2.468422,-9.449914,0.03011,0.055424,-0.003997
esp32-c3-004,12,51,44001,-1.082179,-2.466028,-9.471462,0.026113,0.060487,-0.003997
esp32-c3-004,12,52,44021,-1.063026,-2.477999,-9.44752,0.029844,0.057289,-0.005862
esp32-c3-004,12,53,44041,-1.043872,-2.454057,-9.478644,0.028778,0.058622,-0.003997
esp32-c3-004,12,54,44061,-1.012747,-2.446874,-9.485827,0.024781,0.061553,-0.00373
esp32-c3-004,12,55,44081,-1.024718,-2.468422,-9.459491,0.031176,0.054092,-0.00373
esp32-c3-004,12,56,44101,-1.046266,-2.454057,-9.485827,0.037038,0.045832,-0.003997
esp32-c3-004,12,57,44121,-1.077391,-2.475605,-9.476251,0.031443,0.051161,-0.002132
esp32-c3-004,12,58,44141,-1.077391,-2.454057,-9.457097,0.024515,0.059155,-0.002931
esp32-c3-004,12,59,44161,-1.053449,-2.44448,-9.466674,0.023449,0.061819,-0.003198
esp32-c3-004,12,60,44181,-1.046266,-2.458845,-9.476251,0.034374,0.048763,-0.00373
esp32-c3-004,12,61,44201,-1.063026,-2.470816,-9.476251,0.038637,0.042101,-0.00373
esp32-c3-004,12,62,44221,-1.070208,-2.504335,-9.469068,0.025314,0.058355,-0.00373
esp32-c3-004,12,63,44241,-1.046266,-2.439692,-9.478644,0.019718,0.065816,-0.003464
esp32-c3-004,12,64,44261,-1.046266,-2.432509,-9.469068,0.033841,0.04743,-0.003198
esp32-c3-004,12,65,44281,-1.053449,-2.461239,-9.466674,0.03917,0.042368,-0.004796
esp32-c3-004,12,66,44301,-1.067814,-2.47321,-9.452309,0.02558,0.060487,-0.004263
esp32-c3-004,12,67,44321,-1.041478,-2.463634,-9.476251,0.019185,0.066616,-0.002931
esp32-c3-004,12,68,44342,-1.041478,-2.449268,-9.476251,0.034907,0.046897,-0.004263
esp32-c3-004,12,69,44361,-1.058237,-2.461239,-9.445126,0.038104,0.0429,-0.004796
esp32-c3-004,12,70,44381,-1.043872,-2.470816,-9.428367,0.025847,0.058622,-0.003464
esp32-c3-004,12,71,44401,-1.036689,-2.458845,-9.488221,0.022916,0.062086,-0.00373
esp32-c3-004,12,72,44421,-1.04866,-2.449268,-9.488221,0.033841,0.048496,-0.004263
esp32-c3-004,12,73,44441,-1.070208,-2.468422,-9.457097,0.033841,0.047697,-0.003997
esp32-c3-004,12,74,44461,-1.046266,-2.487576,-9.416395,0.024248,0.060753,-0.002665
esp32-c3-004,12,75,44481,-1.041478,-2.461239,-9.461885,0.027446,0.057289,-0.00373
esp32-c3-004,12,76,44501,-1.046266,-2.451663,-9.473856,0.035972,0.045832,-0.00373
esp32-c3-004,12,77,44521,-1.039083,-2.477999,-9.43076,0.031975,0.050894,-0.002931
esp32-c3-004,12,78,44541,-1.055843,-2.454057,-9.476251,0.023982,0.06102,-0.002398
esp32-c3-004,12,79,44561,-1.04866,-2.468422,-9.449914,0.029577,0.053292,-0.003464
esp32-c3-004,12,80,44581,-1.055843,-2.446874,-9.435549,0.035706,0.046897,-0.004796
esp32-c3-004,12,81,44601,-1.039083,-2.477999,-9.435549,0.028511,0.054625,-0.003198
esp32-c3-004,12,82,44621,-1.024718,-2.468422,-9.457097,0.023982,0.06102,-0.003997
esp32-c3-004,12,83,44641,-1.058237,-2.458845,-9.485827,0.030643,0.052227,-0.003997
esp32-c3-004,12,84,44661,-1.074997,-2.475605,-9.452309,0.034107,0.049029,-0.005063
esp32-c3-004,12,85,44681,-1.058237,-2.47321,-9.457097,0.027446,0.056757,-0.00373
esp32-c3-004,12,86,44701,-1.039083,-2.439692,-9.478644,0.026646,0.057289,-0.00373
esp32-c3-004,12,87,44721,-1.036689,-2.461239,-9.485827,0.031975,0.050894,-0.004263
esp32-c3-004,12,88,44741,-1.06542,-2.477999,-9.454702,0.031709,0.051427,-0.00453
esp32-c3-004,12,89,44761,-1.051055,-2.485181,-9.457097,0.027446,0.055957,-0.003464
esp32-c3-004,12,90,44781,-1.053449,-2.461239,-9.476251,0.026646,0.057289,-0.003997
esp32-c3-004,12,91,44801,-0.110133,-1.103727,-8.195353,0.079939,0.175332,-0.150285
esp32-c3-004,12,92,44821,-0.732626,-2.451663,-10.807426,0.375179,-0.318156,-0.293109
esp32-c3-004,12,93,44841,0.143652,-2.628834,-8.590396,0.701063,-0.625387,-0.236619
esp32-c3-004,12,94,44861,-1.331176,-2.937685,-8.803479,0.033841,-0.076741,-0.496953
esp32-c3-004,12,95,44881,-3.722984,-3.70383,-10.465055,0.130034,-0.189188,-0.331213
esp32-c3-004,12,96,44901,-2.102109,-2.355895,-9.895236,0.102588,-0.41355,-0.073277
esp32-c3-004,12,97,44921,-1.771709,-2.011129,-9.734824,-0.096193,-0.664025,-0.941945
esp32-c3-004,12,98,44941,-0.105345,-1.719037,-10.941502,-0.537721,-0.446591,-1.311795
esp32-c3-004,12,99,44961,-1.764527,-4.5418,-10.977415,-0.913966,0.633914,-0.579289
esp32-c3-004,13,0,45086,-2.779668,-4.400543,-10.682928,-1.5231,0.054092,-0.078606
esp32-c3-004,13,1,45105,-1.759738,-3.49314,-9.464279,-1.216135,-0.090064,-0.022649
esp32-c3-004,13,2,45126,-0.703895,-1.640028,-9.667787,-1.144989,0.273923,-0.006928
esp32-c3-004,13,3,45145,-0.229843,-1.398214,-10.42196,-1.383207,0.132965,-0.402625
esp32-c3-004,13,4,45165,-0.677559,-2.075773,-10.84334,-1.632882,-0.111381,-0.690404
esp32-c3-004,13,5,45185,-1.247379,-2.525883,-10.754754,-1.858576,-0.33068,-0.641908
esp32-c3-004,13,6,45205,-1.39582,-1.982399,-10.321404,-1.773574,-0.899311,-0.719449
esp32-c3-004,13,7,45225,-2.059013,-1.513135,-9.775525,-1.577458,-1.396796,-0.815908
esp32-c3-004,13,8,45245,-3.078943,-1.683124,-9.160215,-1.398129,-1.289945,-0.580355
esp32-c3-004,13,9,45265,-3.004723,-1.175553,-8.42759,-1.117011,-0.610199,-0.178796
esp32-c3-004,13,10,45285,-0.749385,-0.280122,-7.94875,-1.283017,0.292576,0.413816
esp32-c3-004,13,11,45305,-1.802834,-0.153229,-10.117896,-0.792726,0.217433,0.23875
esp32-c3-004,13,12,45325,0.205901,1.606509,-12.607866,-0.83909,-1.151384,-0.610732
esp32-c3-004,13,13,45345,1.980005,0.770933,-10.18254,-0.926224,-2.169538,-1.619026
esp32-c3-004,13,14,45365,1.608904,0.464475,-7.319075,-0.752757,-2.293443,-2.356328
esp32-c3-004,13,15,45385,-1.932121,-0.56982,-6.397307,-0.418879,-2.401893,-3.034475
esp32-c3-004,13,16,45405,-8.789114,-3.280056,-7.642292,0.201179,-3.323853,-3.208475
esp32-c3-004,13,17,45425,-12.550406,-3.284845,-7.098808,0.907838,-4.300171,-2.945743
esp32-c3-004,13,18,45445,-10.673351,-1.532289,-6.538565,1.463678,-3.914334,-2.386438
esp32-c3-004,13,19,45466,-9.651027,-1.06542,-6.548141,0.579289,-1.76558,-1.46954
esp32-c3-004,13,20,45485,-14.698004,-4.223372,-6.390124,0.188389,-0.257669,-0.411951
esp32-c3-004,13,21,45505,-18.059464,-4.285621,-7.742848,0.796723,-1.182294,0.366386
esp32-c3-004,13,22,45525,-17.657238,-2.801216,-8.02297,1.146322,-2.473038,0.576358
esp32-c3-004,13,23,45545,-18.358738,-3.469198,-7.546524,1.35283,-2.583087,0.773807
esp32-c3-004,13,24,45565,-21.045033,-4.623203,-7.747637,1.53136,-1.806083,1.695767
esp32-c3-004,13,25,45585,-23.786394,-5.899313,-9.665392,1.468741,-1.702962,2.855945
esp32-c3-004,13,26,45605,-24.978706,-7.661446,-10.04607,1.339507,-2.357127,4.083538
esp32-c3-004,13,27,45625,-22.711397,-10.508151,-9.593566,1.59238,-2.97985,5.36309
esp32-c3-004,13,28,45645,-15.5671,-12.061988,-10.081984,2.20924,-2.077075,7.031145
esp32-c3-004,13,29,45665,-6.754043,-11.671733,-11.039664,1.851648,1.307265,8.731176
esp32-c3-004,13,30,45685,1.039083,-12.308591,-10.737994,0.40822,4.64071,8.731176
esp32-c3-004,13,31,45705,8.252813,-14.001291,-10.488997,-0.884389,5.829933,8.731176
esp32-c3-004,13,32,45725,20.226215,-10.247183,-13.019669,-2.086135,2.998769,8.731176
esp32-c3-004,13,33,45745,27.803864,-6.533776,-9.275137,-2.71925,-1.928123,6.18113
esp32-c3-004,13,34,45765,33.334469,-7.750031,-0.430956,-2.90977,-3.718217,3.121341
esp32-c3-004,13,35,45785,39.300819,-7.824251,9.272743,-1.953969,-2.758953,1.358159
esp32-c3-004,13,36,45805,42.683826,-1.953669,14.472949,-0.801253,-0.123905,-1.575859
esp32-c3-004,13,37,45825,38.685513,-4.522647,12.289437,0.787663,2.239351,-5.775042
esp32-c3-004,13,38,45845,27.478252,-15.040375,1.549049,2.184726,2.68834,-8.731442
esp32-c3-004,13,39,45865,13.910312,-23.4536,-13.508086,2.033109,0.877994,-8.731442
esp32-c3-004,13,40,45885,-2.296039,-21.353886,-20.424934,1.247577,-0.798588,-8.731442
esp32-c3-004,13,41,45905,-14.539987,-17.922995,-18.538303,-0.399427,-2.393366,-8.731442
esp32-c3-004,13,42,45925,-24.959553,-17.233463,-12.265495,-1.967825,-2.931886,-8.731442
esp32-c3-004,13,43,45945,-41.98951,-21.971588,-3.746926,-3.717951,-2.314227,-8.731442
esp32-c3-004,13,44,45966,-57.697868,-27.861324,9.952697,-3.89355,-0.569697,-7.737537
esp32-c3-004,13,45,45985,-67.085533,-27.344177,15.866375,-1.554276,1.725078,-2.135963
esp32-c3-004,13,46,46005,-53.692368,-22.687456,13.967772,-0.224095,0.450322,3.006763
esp32-c3-004,13,47,46025,-37.332787,-22.754494,8.532935,0.914233,0.345069,6.244814
esp32-c3-004,13,48,46045,-27.882874,-23.116018,1.046266,1.362156,-0.280585,8.398897
esp32-c3-004,13,49,46066,-17.245436,-24.377762,-2.647987,1.227593,0.974453,8.731176
esp32-c3-004,13,50,46085,-7.00304,-26.585217,-3.035848,0.260334,4.094995,8.731176
esp32-c3-004,13,51,46105,4.853047,-29.975405,0.656011,-1.390934,7.302404,8.731176
esp32-c3-004,13,52,46125,15.801731,-30.933086,7.668628,-3.308931,8.731176,8.731176
esp32-c3-004,13,53,46145,26.527756,-25.857378,13.543999,-4.137896,8.731176,8.731176
esp32-c3-004,13,54,46165,35.776554,-19.122488,16.45056,-3.31506,4.557042,8.731176
esp32-c3-004,13,55,46185,40.548199,-19.744982,24.109612,-2.038704,-0.35173,4.534925
esp32-c3-004,13,56,46205,44.64468,-21.207838,39.789238,0.834827,-0.313626,1.955302
esp32-c3-004,13,57,46225,50.582298,-17.743429,38.807617,5.745197,2.531926,-0.740499
esp32-c3-004,13,58,46245,44.63271,-29.486988,11.542446,8.731176,3.415783,-4.356129
esp32-c3-004,13,59,46265,26.259604,-38.800434,-20.578163,8.731176,-0.210505,-6.86887
esp32-c3-004,13,60,46285,19.419371,-32.17807,-17.554287,8.731176,-2.785599,-8.731442
esp32-c3-004,13,61,46305,17.652449,-31.466993,-16.266207,8.731176,-0.261133,-8.731442
esp32-c3-004,13,62,46325,6.722919,-34.873943,-33.585861,8.415685,0.592879,-8.731442
esp32-c3-004,13,63,46345,-10.848128,-35.642479,-46.311043,6.680747,-1.652334,-8.731442
esp32-c3-004,13,64,46365,-26.831818,-31.945833,-42.396523,3.829865,-3.857311,-8.731442
esp32-c3-004,13,65,46385,-47.723621,-30.17173,-29.93231,1.216401,-4.163476,-8.731442
esp32-c3-004,13,66,46405,-64.614716,-28.924351,-14.882358,-0.277121,-3.382741,-6.870469
esp32-c3-004,13,67,46425,-60.949192,-26.771963,-4.209007,-0.473237,-2.244147,-1.75732
esp32-c3-004,13,68,46445,-50.881573,-26.49663,-0.950498,0.128168,-1.092496,2.644907
esp32-c3-004,13,69,46465,-39.501934,-26.386497,-7.189788,1.083969,-1.376012,5.908805
esp32-c3-004,13,70,46485,-28.11511,-25.438393,-17.053898,1.77464,-2.823436,7.903543
esp32-c3-004,13,71,46505,-19.127277,-26.669012,-22.108059,1.664058,-2.70113,8.731176
esp32-c3-004,13,72,46525,-9.703699,-29.96104,-23.075315,0.889452,-1.178564,8.731176
esp32-c3-004,13,73,46545,1.376666,-34.277786,-21.231781,-0.441795,1.315259,8.731176
esp32-c3-004,13,74,46565,16.857574,-35.309689,-17.592594,-1.866037,3.572196,8.731176
esp32-c3-004,13,75,46586,30.818165,-28.404808,-14.405911,-2.60627,2.391234,8.731176
esp32-c3-004,13,76,46605,33.928234,-25.728092,-20.30283,-3.211672,-1.358426,8.731176
esp32-c3-004,13,77,46625,36.566643,-28.30904,-9.217676,-4.281785,-2.737369,7.821473
esp32-c3-004,13,78,46645,39.899372,-24.526203,9.646238,-3.266564,-0.854545,7.1769
esp32-c3-004,13,79,46665,46.509762,-11.942278,18.880674,-1.270493,1.423975,4.523467
esp32-c3-004,13,80,46685,47.098736,-3.948039,16.383522,1.377877,1.874031,-0.170536
esp32-c3-004,13,81,46705,36.712688,-8.3821,7.31668,2.708591,1.045599,-4.287381
esp32-c3-004,13,82,46725,25.428816,-15.866375,-1.795651,3.400594,-0.045299,-6.580557
esp32-c3-004,13,83,46745,19.467255,-18.557457,-6.258443,3.086968,-0.382107,-7.515841
esp32-c3-004,13,84,46765,18.116924,-18.382681,-7.580042,3.11841,0.358392,-7.873967
esp32-c3-004,13,85,46785,16.599001,-19.438524,-6.378153,3.25324,1.481265,-8.296309
esp32-c3-004,13,86,46805,15.085865,-20.887016,-8.341399,3.889286,2.291844,-8.665627
esp32-c3-004,13,87,46825,12.907142,-23.4536,-15.840038,4.192254,3.081372,-8.731442
esp32-c3-004,13,88,46845,6.246472,-27.231649,-22.742521,4.434202,3.574594,-8.731442
esp32-c3-004,13,89,46865,-3.529053,-26.408045,-29.111099,4.523733,2.565767,-8.731442
esp32-c3-004,13,90,46885,-13.472173,-25.996243,-31.304188,3.719017,1.63155,-8.731442
esp32-c3-004,13,91,46905,-29.027302,-27.341784,-31.90992,2.769078,1.742665,-8.731442
esp32-c3-004,13,92,46925,-41.548977,-22.86702,-30.461428,1.729608,0.591547,-6.16381
esp32-c3-004,13,93,46945,-47.25436,-17.374722,-26.360161,0.750625,-0.707458,-3.721148
esp32-c3-004,13,94,46965,-51.037197,-17.56147,-18.514362,0.05276,-1.588916,-1.037338
esp32-c3-004,13,95,46986,-45.53532,-19.665974,-12.179304,-0.071412,-1.762383,2.291577
esp32-c3-004,13,96,47005,-35.834019,-21.600489,-13.512875,0.091397,-1.49672,5.462214
esp32-c3-004,13,97,47025,-26.731262,-22.663513,-19.931728,0.123106,-2.35393,7.652802
esp32-c3-004,13,98,47045,-18.940529,-24.159889,-25.886108,-0.275789,-3.54555,8.731176
esp32-c3-004,13,99,47065,-9.533711,-27.78471,-26.633101,-0.933684,-3.683044,8.731176
esp32-c3-004,14,0,47167,23.357832,-26.975471,-15.981297,-4.496554,-1.024815,8.731176
esp32-c3-004,14,1,47186,33.796551,-25.804707,-0.790087,-3.480799,-0.968325,8.013326
esp32-c3-004,14,2,47207,43.287167,-14.331692,11.32218,-1.314193,0.038104,6.132101
esp32-c3-004,14,3,47226,47.072399,-2.336741,11.247959,0.253672,2.354196,2.663826
esp32-c3-004,14,4,47246,40.624813,-1.668759,5.410896,1.294475,3.316658,-1.205743
esp32-c3-004,14,5,47266,29.214048,-7.098808,-3.986346,2.087467,1.743198,-4.661228
esp32-c3-004,14,6,47286,19.476831,-12.445061,-10.096349,2.146888,-0.573694,-7.041271
esp32-c3-004,14,7,47306,14.95179,-15.150508,-9.050082,1.890285,-1.069047,-7.696503
esp32-c3-004,14,8,47326,13.27106,-15.169662,-7.841011,1.571862,-0.031709,-7.245115
esp32-c3-004,14,9,47346,14.537593,-14.511256,-7.094019,1.443427,1.849783,-6.751626
esp32-c3-004,14,10,47366,15.648502,-15.184027,-7.419631,1.78743,3.817342,-6.635982
esp32-c3-004,14,11,47386,15.330073,-16.745047,-8.980651,2.718983,4.597277,-7.205678
esp32-c3-004,14,12,47406,13.029245,-19.826384,-13.026852,3.669988,3.906873,-8.327485
esp32-c3-004,14,13,47426,7.496245,-22.110453,-20.831949,3.86717,2.149286,-8.731442
esp32-c3-004,14,14,47446,-2.82037,-23.597252,-28.100746,3.408322,-0.184925,-8.731442
esp32-c3-004,14,15,47466,-17.970879,-25.407269,-28.095957,1.950239,-1.530827,-8.731442
esp32-c3-004,14,16,47486,-28.244398,-24.890121,-22.378603,0.337075,0.641642,-8.142827
esp32-c3-004,14,17,47506,-32.170887,-21.200657,-19.527109,0.110049,3.729142,-5.117678
esp32-c3-004,14,18,47526,-36.662411,-18.55267,-20.451271,0.54758,3.477335,-3.384873
esp32-c3-004,14,19,47546,-40.720581,-16.76899,-20.424934,0.50015,0.848417,-1.669121
esp32-c3-004,14,20,47566,-38.25695,-16.251841,-16.460136,-0.36985,-1.288613,0.410086
esp32-c3-004,14,21,47586,-30.933086,-17.52795,-11.128249,-0.47004,-1.735736,2.557507
esp32-c3-004,14,22,47606,-23.398533,-18.274942,-10.184934,0.27419,-1.881758,4.44113
esp32-c3-004,14,23,47626,-20.520702,-18.02355,-15.71554,0.742098,-2.169005,6.012726
esp32-c3-004,14,24,47646,-18.796877,-19.405005,-20.582952,0.438064,-2.625188,7.472141
esp32-c3-004,14,25,47666,-14.719552,-21.866243,-23.867796,-0.245412,-2.969991,8.731176
esp32-c3-004,14,26,47686,-8.173804,-24.669855,-25.594017,-1.142058,-2.688607,8.731176
esp32-c3-004,14,27,47706,-0.457293,-28.596346,-23.245304,-2.280119,-1.320055,8.731176
esp32-c3-004,14,28,47727,8.269572,-33.202789,-18.148048,-3.433902,1.397596,8.731176
esp32-c3-004,14,29,47746,16.970102,-33.458969,-13.606248,-4.350266,3.758453,8.731176
esp32-c3-004,14,30,47766,23.75527,-28.984205,-8.808268,-4.950873,3.082705,8.731176
esp32-c3-004,14,31,47786,27.832594,-22.572535,-6.756437,-4.866671,0.213436,8.72105
esp32-c3-004,14,32,47807,28.699295,-19.239805,-2.839523,-4.120576,-2.984646,5.138196
esp32-c3-004,14,33,47826,29.678524,-19.529503,1.946486,-2.853014,-3.337976,3.768312
esp32-c3-004,14,34,47846,33.849224,-15.840038,8.257602,-1.702695,-1.712288,3.519436
esp32-c3-004,14,35,47866,39.29364,-5.346252,12.631808,-0.386903,1.087167,2.00513
esp32-c3-004,14,36,47886,36.241032,-1.163582,7.541735,1.377877,2.429605,-1.800487
esp32-c3-004,14,37,47906,26.041733,-6.471527,-2.777274,2.522067,1.351498,-5.193088
esp32-c3-004,14,38,47926,16.879122,-12.34211,-10.864887,2.549779,-1.271825,-7.185428
esp32-c3-004,14,39,47946,13.951014,-12.361263,-10.441113,1.858576,-2.354729,-7.61683
esp32-c3-004,14,40,47966,17.673998,-11.250354,-6.064513,0.994438,-0.717317,-7.48653
esp32-c3-004,14,41,47986,19.907787,-12.215217,-4.010288,1.18336,1.713354,-7.703431
esp32-c3-004,14,42,48006,18.174385,-14.784196,-6.746861,1.928123,3.090165,-8.310699
esp32-c3-004,14,43,48026,14.482526,-17.104177,-13.057976,2.503149,3.103488,-8.731442
esp32-c3-004,14,44,48046,11.173739,-18.521544,-18.701109,2.477568,2.207908,-8.731442
esp32-c3-004,14,45,48066,8.724471,-19.701885,-21.890186,2.061087,2.300371,-8.731442
esp32-c3-004,14,46,48086,1.752556,-22.40015,-25.129541,1.624089,2.546582,-8.731442
esp32-c3-004,14,47,48106,-16.754623,-28.311436,-28.04089,1.308064,1.446092,-8.731442
esp32-c3-004,14,48,48126,-29.633034,-26.149471,-23.537397,0.309096,1.356028,-8.704796
esp32-c3-004,14,49,48146,-27.26038,-22.634783,-18.361134,-0.417014,3.321188,-5.835528
esp32-c3-004,14,50,48166,-32.237926,-20.63802,-17.626112,0.135363,3.053127,-4.250876
esp32-c3-004,14,51,48186,-35.807682,-19.304449,-15.600618,0.531326,0.301369,-2.70113
esp32-c3-004,14,52,48206,-35.276169,-18.885464,-14.075512,0.368251,-0.620858,-0.40449
esp32-c3-004,14,53,48226,-31.749508,-18.751389,-12.272678,0.218499,-0.576358,2.00513
esp32-c3-004,14,54,48246,-25.531767,-19.141644,-11.535264,0.623789,-1.297406,3.851182
esp32-c3-004,14,55,48266,-21.732168,-19.598934,-14.638149,1.466876,-2.438398,5.092364
esp32-c3-004,14,56,48286,-20.681114,-21.341913,-20.39381,2.020052,-3.759786,6.360459
esp32-c3-004,14,57,48306,-17.286137,-22.969971,-24.442406,1.613697,-4.543452,8.026382
esp32-c3-004,14,58,48326,-9.713276,-26.139894,-23.312342,0.996836,-3.70676,8.731176
esp32-c3-004,14,59,48346,-1.855506,-28.900408,-21.612459,0.348266,-1.857244,8.731176
esp32-c3-004,14,60,48366,9.557653,-31.43108,-17.7554,-0.763948,0.677614,8.731176
esp32-c3-004,14,61,48386,20.151997,-29.640217,-18.918982,-1.768245,0.955534,8.731176
esp32-c3-004,14,62,48406,25.158272,-24.923639,-17.887081,-2.457317,-1.74,8.731176
esp32-c3-004,14,63,48426,28.186937,-21.507114,-12.203246,-1.932119,-2.777072,8.731176
esp32-c3-004,14,64,48446,29.549238,-16.481684,-5.638345,-1.270493,-1.637678,8.501219
esp32-c3-004,14,65,48466,30.068779,-13.165715,-0.316035,-0.538787,-0.145489,7.351966
esp32-c3-004,14,66,48486,33.717541,-8.429984,0.749385,0.110582,0.492156,5.930122
esp32-c3-004,14,67,48506,37.332787,0.110133,0.126893,0.679213,0.425008,2.560172
esp32-c3-004,14,68,48527,32.965763,2.947262,-4.084508,1.3046,-0.37438,-1.746928
esp32-c3-004,14,69,48546,23.187843,-1.704672,-9.26556,1.205476,-1.18256,-4.871733
esp32-c3-004,14,70,48566,14.96376,-6.969521,-10.907983,0.558239,-1.419446,-6.14569
esp32-c3-004,14,71,48586,11.547235,-9.289502,-9.28232,-0.151351,-0.33068,-5.954104
esp32-c3-004,14,72,48606,12.552799,-8.76996,-7.117962,-0.26513,1.268628,-5.316459
esp32-c3-004,14,73,48626,14.939818,-7.64708,-7.16824,0.111115,2.578291,-5.204012
esp32-c3-004,14,74,48646,16.318878,-7.726089,-7.57286,0.6086,2.860741,-5.806751
esp32-c3-004,14,75,48666,17.204733,-8.793902,-6.648698,1.159911,2.410953,-6.974123
esp32-c3-004,14,76,48686,16.699556,-11.437101,-8.60955,1.83566,2.254806,-8.118046
esp32-c3-004,14,77,48706,13.867216,-14.302961,-14.45619,1.937715,2.524466,-8.731442
esp32-c3-004,14,78,48727,9.610326,-16.898275,-19.845537,1.587583,2.689672,-8.731442
esp32-c3-004,14,79,48746,5.161899,-16.369158,-22.821531,1.1743,2.447191,-8.731442
esp32-c3-004,14,80,48766,-0.754174,-18.31325,-22.778435,0.734371,1.511908,-8.731442
esp32-c3-004,14,81,48786,-7.10599,-21.061792,-21.040245,0.031709,1.755188,-8.731442
esp32-c3-004,14,82,48806,-14.094666,-22.249317,-22.270864,-0.315758,3.306267,-8.159081
esp32-c3-004,14,83,48826,-23.879768,-21.296425,-23.365015,-0.111914,2.213237,-7.125473
esp32-c3-004,14,84,48847,-29.099127,-20.41057,-19.984402,-0.365587,-0.229691,-6.102257
esp32-c3-004,14,85,48866,-30.111876,-20.07538,-14.863204,-0.679746,-1.240116,-4.469642
esp32-c3-004,14,86,48886,-30.834923,-20.499155,-10.105926,-0.64404,-0.812178,-2.315559
esp32-c3-004,14,87,48906,-31.402349,-20.563799,-7.702147,-0.138028,-0.326683,0.495087
esp32-c3-004,14,88,48926,-25.124752,-18.624495,-8.444349,0.282184,-0.442328,2.988377
esp32-c3-004,14,89,48946,-18.86631,-18.210299,-9.543288,0.728242,-0.769011,4.65883
esp32-c3-004,14,90,48966,-16.182409,-17.920599,-12.401965,1.330714,-1.460481,5.801954
esp32-c3-004,14,91,48986,-14.121001,-18.171991,-17.204733,1.586251,-2.298772,6.971991
esp32-c3-004,14,92,49006,-12.897565,-18.873491,-22.052992,1.272625,-2.921495,8.204913
esp32-c3-004,14,93,49026,-10.512939,-20.86068,-23.405716,0.602738,-3.008095,8.731176
esp32-c3-004,14,94,49046,-4.158728,-23.918076,-22.431276,-0.10925,-2.683544,8.731176
esp32-c3-004,14,95,49066,4.750096,-27.243622,-20.614077,-0.949406,-0.333078,8.731176
esp32-c3-004,14,96,49086,12.734758,-29.879637,-16.364368,-2.402426,3.438965,8.731176
esp32-c3-004,14,97,49106,20.884621,-28.876467,-13.426683,-3.51917,3.112815,8.731176
esp32-c3-004,14,98,49126,30.36566,-22.507891,-12.239159,-3.447758,-3.17943,8.731176
esp32-c3-004,14,99,49146,34.02879,-15.684415,-10.079589,-3.338775,-4.812046,6.706861
esp32-c3-004,15,0,49246,36.332012,-2.825158,5.068525,0.839357,1.921194,-3.948441
esp32-c3-004,15,1,49265,26.649858,-9.873688,-2.097321,2.062953,0.662159,-7.429507
esp32-c3-004,15,2,49285,19.340361,-15.500062,-10.905589,2.171936,-1.0877,-8.731442
esp32-c3-004,15,3,49305,14.583082,-15.591042,-12.648567,1.337642,-1.190821,-8.731442
esp32-c3-004,15,4,49325,11.27669,-12.528857,-11.068395,0.795124,0.477767,-8.731442
esp32-c3-004,15,5,49345,4.139575,-11.446678,-17.523163,0.765014,-0.085801,-8.731442
esp32-c3-004,15,6,49365,-6.976704,-18.248606,-22.603659,-0.342671,-4.315893,-8.731442
esp32-c3-004,15,7,49385,-37.586571,-34.191593,-7.819463,-2.551112,-8.465246,-8.731442
esp32-c3-004,15,8,49405,-57.539848,-38.575378,21.825542,-2.228426,-6.172337,-8.731442
esp32-c3-004,15,9,49425,-50.649338,-27.28911,28.033709,-0.96113,1.443161,0.059155
esp32-c3-004,15,10,49445,-44.204147,-24.909275,16.967707,0.699198,4.500285,5.817942
esp32-c3-004,15,11,49465,-30.231585,-21.200657,-1.072602,1.952637,2.937216,8.731176
esp32-c3-004,15,12,49485,-16.876728,-19.448101,-12.227188,1.073311,2.372848,8.731176
esp32-c3-004,15,13,49505,-3.82354,-22.917299,-11.508927,-0.48283,4.274058,8.731176
esp32-c3-004,15,14,49525,11.789049,-28.541279,-5.959168,-1.847118,7.027681,8.731176
esp32-c3-004,15,15,49546,35.563473,-23.192633,1.458069,-1.865504,7.476671,8.731176
esp32-c3-004,15,16,49565,51.609413,-7.627927,8.336611,-0.725311,5.178965,8.731176
esp32-c3-004,15,17,49585,56.594139,-0.380678,15.674838,0.309896,0.611531,2.517804
esp32-c3-004,15,18,49605,49.509697,-5.628768,14.618996,2.48796,-1.994472,-4.386239
esp32-c3-004,15,19,49625,35.628117,-14.999674,6.555324,3.996138,-2.001133,-8.599544
esp32-c3-004,15,20,49645,21.799206,-22.553379,-2.992752,4.193586,-0.922493,-8.731442
esp32-c3-004,15,21,49665,8.542512,-22.740128,-10.939108,4.726511,-1.128735,-8.731442
esp32-c3-004,15,22,49685,-2.624045,-15.919047,-18.148048,4.369985,-2.355795,-8.731442
esp32-c3-004,15,23,49705,-19.249382,-16.376339,-20.937294,3.003565,-4.339608,-8.731442
esp32-c3-004,15,24,49725,-40.914513,-18.04031,-12.907142,1.203078,-4.604472,-8.731442
esp32-c3-004,15,25,49745,-63.448738,-20.441694,-1.383849,0.599541,-3.872499,-6.980251
esp32-c3-004,15,26,49765,-66.848503,-19.096153,4.378995,0.523332,-1.692303,1.249709
esp32-c3-004,15,27,49785,-44.163445,-19.371487,-2.755726,-0.083136,2.640377,8.731176
esp32-c3-004,15,28,49805,-21.775265,-20.812796,-10.759542,-1.068515,3.451755,8.731176
esp32-c3-004,15,29,49825,-2.533065,-25.232492,-12.291832,-2.267329,3.93645,8.731176
esp32-c3-004,15,30,49845,13.730747,-28.237215,-10.16578,-3.610567,5.136065,8.731176
esp32-c3-004,15,31,49865,30.236374,-26.580427,-4.630386,-4.241283,4.076077,8.731176
esp32-c3-004,15,32,49885,46.006981,-16.21114,3.272874,-3.36622,1.516438,8.731176
esp32-c3-004,15,33,49905,54.539913,-5.695806,16.816874,-1.089832,-1.873764,2.435201
esp32-c3-004,15,34,49925,50.907909,-5.791574,17.913418,1.52683,-2.364055,-3.256171
esp32-c3-004,15,35,49945,36.815639,-11.422736,6.023811,3.4371,-0.737568,-6.88539
esp32-c3-004,15,36,49966,23.24291,-18.081011,-7.424419,3.230058,0.154015,-8.641644
esp32-c3-004,15,37,49985,13.563152,-17.537527,-14.925453,4.324686,-0.850015,-8.731442
esp32-c3-004,15,38,50005,7.924808,-14.025233,-15.368381,3.754989,-1.924925,-8.731442
esp32-c3-004,15,39,50025,-2.451663,-16.563087,-16.75223,2.784533,-2.077874,-8.731442
esp32-c3-004,15,40,50045,-21.590912,-24.265234,-16.067488,2.175133,-1.569464,-8.731442
esp32-c3-004,15,41,50065,-41.381382,-24.643518,-12.79222,1.577724,-1.132466,-8.731442
esp32-c3-004,15,42,50085,-47.338158,-20.982784,-7.522582,2.147155,-3.424043,-7.636815
esp32-c3-004,15,43,50105,-52.198387,-19.661184,1.699883,1.575593,-6.09453,-3.276156
esp32-c3-004,15,44,50125,-41.197029,-23.039402,5.726931,0.909436,-0.959798,3.711822
esp32-c3-004,15,45,50145,-26.036943,-21.025879,-3.82354,0.595011,2.846619,8.731176
esp32-c3-004,15,46,50165,-13.359646,-20.161573,-15.296555,-0.075409,2.486894,8.731176
esp32-c3-004,15,47,50185,-2.243367,-21.538239,-17.604565,-1.977685,3.129602,8.731176
esp32-c3-004,15,48,50205,8.678981,-27.878084,-10.500969,-4.332147,6.365788,8.731176
esp32-c3-004,15,49,50225,22.335508,-31.466993,-1.249773,-5.683378,8.715454,8.731176
esp32-c3-004,15,50,50245,40.842686,-19.665974,7.788338,-3.913801,4.84562,8.731176
esp32-c3-004,15,51,50265,49.868828,-4.879383,12.107478,-2.903375,0.436466,6.565103
esp32-c3-004,15,52,50285,47.64222,-5.973533,14.374787,-1.424508,-0.604337,-0.061553
esp32-c3-004,15,53,50305,39.056614,-10.936713,15.95496,1.006162,-1.311262,-3.978818
esp32-c3-004,15,54,50325,31.225178,-12.375628,9.619903,3.100024,-0.819106,-6.185393
esp32-c3-004,15,55,50345,24.54775,-15.591042,-1.592144,3.909005,0.145755,-7.753259
esp32-c3-004,15,56,50365,17.911022,-17.805677,-11.145009,3.85811,-0.940346,-8.731442
esp32-c3-004,15,57,50385,12.957419,-16.251841,-14.094666,4.54505,-2.918297,-8.731442
esp32-c3-004,15,58,50405,6.119579,-19.7785,-17.377115,3.462946,-4.395832,-8.731442
esp32-c3-004,15,59,50425,-9.196129,-30.305805,-15.325285,1.710956,-5.781969,-8.731442
esp32-c3-004,15,60,50445,-35.419819,-38.022316,-3.952827,0.656031,-5.850983,-8.731442
esp32-c3-004,15,61,50465,-56.091358,-35.11097,8.841787,0.31336,-2.028046,-7.682913
esp32-c3-004,15,62,50485,-56.922146,-27.660212,9.366117,0.605936,1.839923,-0.274723
esp32-c3-004,15,63,50505,-46.993389,-24.938005,2.770091,1.283017,1.531626,5.312729
esp32-c3-004,15,64,50525,-27.89245,-21.373039,-9.92636,1.491124,0.448989,8.731176
esp32-c3-004,15,65,50545,-14.537593,-20.178331,-17.393875,0.248609,1.145256,8.731176
esp32-c3-004,15,66,50565,-3.636792,-23.376986,-15.6078,-1.472738,3.237252,8.731176
esp32-c3-004,15,67,50585,8.224083,-28.332983,-10.457873,-3.220466,5.375081,8.731176
esp32-c3-004,15,68,50605,23.42008,-26.932375,-6.409278,-4.035308,5.38041,8.731176
esp32-c3-004,15,69,50625,33.207577,-18.61013,-5.638345,-4.222098,2.739501,8.731176
esp32-c3-004,15,70,50645,38.692692,-12.243947,-2.087744,-4.122175,-0.319489,7.697834
esp32-c3-004,15,71,50665,39.662346,-10.651803,8.532935,-2.722447,-1.762116,2.957734
esp32-c3-004,15,72,50685,37.991192,-7.40766,16.326061,0.031709,-1.838858,-0.31256
esp32-c3-004,15,73,50705,35.23307,-6.167464,12.696451,1.925458,-0.232622,-2.891651
esp32-c3-004,15,74,50725,29.712044,-7.991845,2.310405,3.62389,1.423709,-5.325786
esp32-c3-004,15,75,50745,22.639572,-13.90313,-12.291832,3.378211,0.954735,-7.563271
esp32-c3-004,15,76,50765,15.057135,-14.791378,-16.632519,4.33268,-0.928089,-8.731442
esp32-c3-004,15,77,50785,11.36767,-15.282189,-13.280637,3.574861,-0.946208,-8.731442
esp32-c3-004,15,78,50805,7.78355,-15.981297,-14.156915,3.127203,0.663492,-8.731442
esp32-c3-004,15,79,50825,0.500388,-19.931728,-19.244593,2.805051,0.680545,-8.731442
esp32-c3-004,15,80,50845,-15.488091,-25.385721,-22.989124,2.429871,-1.841789,-8.731442
esp32-c3-004,15,81,50865,-29.398403,-24.911669,-15.059528,1.735204,-4.932487,-8.731442
esp32-c3-004,15,82,50885,-34.186806,-22.618023,-2.920926,0.346668,-4.971124,-8.731442
esp32-c3-004,15,83,50905,-38.446091,-23.860615,3.689465,-0.629651,-0.175599,-4.125905
esp32-c3-004,15,84,50925,-39.734173,-23.247698,2.214637,0.014655,1.854579,0.623522
esp32-c3-004,15,85,50945,-34.064701,-20.997149,-4.156334,1.304067,0.171868,4.07208
esp32-c3-004,15,86,50965,-24.823084,-17.606958,-10.477027,1.500983,-0.778603,6.596013
esp32-c3-004,15,87,50985,-17.542316,-16.871939,-13.146562,1.029611,-0.252073,8.731176
esp32-c3-004,15,88,51005,-10.596737,-17.973272,-14.5759,0.384239,0.578757,8.731176
esp32-c3-004,15,89,51025,-2.466028,-20.738575,-16.493656,-0.663758,1.710956,8.731176
esp32-c3-004,15,90,51045,5.959168,-23.891739,-15.588647,-2.477568,3.672919,8.731176
esp32-c3-004,15,91,51065,15.643714,-26.549303,-10.168175,-3.994273,5.059323,8.731176
esp32-c3-004,15,92,51085,26.910828,-22.038626,-2.442086,-3.826401,2.904441,8.731176
esp32-c3-004,15,93,51106,32.824505,-12.749125,0.931344,-2.461314,-0.536922,8.731176
esp32-c3-004,15,94,51125,33.559525,-5.463568,-0.177171,-1.879093,-0.642441,5.233856
esp32-c3-004,15,95,51145,29.589939,-6.555324,-1.187524,-1.715752,0.398894,2.26653
esp32-c3-004,15,96,51165,27.301083,-8.250419,1.989582,-0.848683,-0.359991,-0.196116
esp32-c3-004,15,97,51185,27.32263,-6.694188,6.157887,0.644306,-0.990708,-2.380842
esp32-c3-004,15,98,51205,25.175032,-6.035782,4.570531,2.23109,0.344003,-4.335877
esp32-c3-004,15,99,51225,20.594923,-8.813056,-2.090138,3.119743,1.478867,-5.648205
esp32-c3-004,16,0,51317,7.046135,-13.232753,-12.559982,3.313195,1.01309,-8.731442
esp32-c3-004,16,1,51336,-1.448492,-15.868769,-19.965248,3.088034,0.792726,-8.731442
esp32-c3-004,16,2,51356,-15.200787,-16.414646,-21.559786,2.625455,-1.815942,-8.731442
esp32-c3-004,16,3,51376,-23.113623,-15.636531,-14.839262,1.519103,-3.026214,-8.731442
esp32-c3-004,16,4,51396,-23.427263,-14.111424,-10.702082,0.789795,-2.372848,-7.453755
esp32-c3-004,16,5,51416,-26.281153,-14.449007,-9.366117,-0.066083,-1.441296,-5.568266
esp32-c3-004,16,6,51436,-32.491711,-17.266983,-7.340622,-0.585685,0.618726,-2.643308
esp32-c3-004,16,7,51456,-33.935413,-16.766594,-7.565677,0.221697,0.259534,0.723979
esp32-c3-004,16,8,51476,-28.335377,-14.994885,-9.797073,0.79619,-1.39653,3.035541
esp32-c3-004,16,9,51496,-22.345085,-14.262259,-12.212823,0.929688,-1.480199,5.053194
esp32-c3-004,16,10,51516,-16.481684,-14.075512,-13.934254,0.717051,-0.902775,7.057259
esp32-c3-004,16,11,51536,-10.098742,-14.211981,-14.96376,0.370649,-0.618193,8.731176
esp32-c3-004,16,12,51556,-4.369418,-15.176845,-16.74744,-0.223029,-0.332545,8.731176
esp32-c3-004,16,13,51576,1.460463,-16.297331,-16.601395,-1.104221,0.308031,8.731176
esp32-c3-004,16,14,51596,8.516175,-18.121712,-12.425907,-2.11358,1.586518,8.731176
esp32-c3-004,16,15,51616,14.870387,-17.410635,-7.503428,-2.679014,2.672619,8.731176
esp32-c3-004,16,16,51636,19.694704,-14.891934,-5.963956,-2.592946,2.611332,8.731176
esp32-c3-004,16,17,51656,25.82386,-8.633492,-8.451532,-2.072545,-0.211571,8.105522
esp32-c3-004,16,18,51676,27.078421,-3.852271,-8.588001,-2.041902,-2.80585,4.191721
esp32-c3-004,16,19,51696,25.354595,-4.283227,-3.244143,-2.10985,-2.303035,1.644073
esp32-c3-004,16,20,51716,22.258894,-5.106832,1.637634,-1.277421,-0.91823,0.320554
esp32-c3-004,16,21,51736,19.577387,-4.477157,1.194707,-0.060487,0.244613,-0.468441
esp32-c3-004,16,22,51756,17.654844,-4.314352,-1.900996,0.650968,1.152184,-1.122606
esp32-c3-004,16,23,51776,15.749059,-4.326323,-3.924097,1.127669,1.610499,-1.86577
esp32-c3-004,16,24,51796,14.805743,-4.225766,-4.630386,1.516971,1.28355,-2.885522
esp32-c3-004,16,25,51816,15.241488,-4.91769,-5.348647,1.951305,1.000567,-3.873299
esp32-c3-004,16,26,51836,15.152903,-6.023811,-6.308722,2.234021,1.122074,-4.802986
esp32-c3-004,16,27,51856,14.449007,-7.065289,-6.80911,2.562037,1.34004,-5.745997
esp32-c3-004,16,28,51876,13.275848,-8.688558,-7.448361,3.007296,1.605969,-6.708726
esp32-c3-004,16,29,51896,11.279084,-10.771513,-10.04607,3.421378,1.703495,-7.608836
esp32-c3-004,16,30,51916,8.987833,-11.334151,-13.462596,3.621758,1.360557,-8.557709
esp32-c3-004,16,31,51936,5.808333,-11.540052,-19.704281,3.415783,0.851614,-8.731442
esp32-c3-004,16,32,51956,-0.138864,-12.794614,-25.19179,2.488227,-1.075709,-8.731442
esp32-c3-004,16,33,51976,-11.212047,-17.044321,-22.354662,0.952337,-3.057124,-8.731442
esp32-c3-004,16,34,51996,-28.249186,-21.739351,-12.239159,0.095926,-1.620358,-8.731442
esp32-c3-004,16,35,52016,-31.627405,-17.087418,-9.873688,-0.099923,2.21377,-3.784034
esp32-c3-004,16,36,52036,-25.012226,-13.522451,-12.346898,-0.276855,3.159979,-1.193485
esp32-c3-004,16,37,52056,-24.789564,-13.405135,-13.618219,0.15215,1.37095,-0.553443
esp32-c3-004,16,38,52076,-26.623524,-13.096283,-13.668497,0.395697,-1.299804,0.024248
esp32-c3-004,16,39,52096,-24.44001,-14.15452,-11.724405,0.407688,-2.138894,1.432236
esp32-c3-004,16,40,52116,-21.890186,-15.126566,-12.816162,0.558239,-1.789562,3.45362
esp32-c3-004,16,41,52136,-20.424934,-15.804126,-15.222335,0.751691,-1.828199,5.409987
esp32-c3-004,16,42,52156,-16.122555,-16.055517,-17.604565,0.723979,-2.513807,7.322389
esp32-c3-004,16,43,52176,-9.016563,-16.871939,-18.902222,0.308297,-2.395231,8.731176
esp32-c3-004,16,44,52196,-2.240973,-18.423382,-18.811243,-0.525464,-1.052793,8.731176
esp32-c3-004,16,45,52217,4.39336,-21.803995,-20.175938,-2.037905,0.405822,8.731176
esp32-c3-004,16,46,52236,12.840104,-23.989901,-18.497602,-3.461081,0.854812,8.731176
esp32-c3-004,16,47,52256,22.373816,-21.329943,-13.543999,-3.839724,0.179063,8.731176
esp32-c3-004,16,48,52276,28.06962,-13.491326,-9.112331,-2.88339,-2.369917,8.731176
esp32-c3-004,16,49,52296,28.531702,-8.724471,-6.648698,-1.809014,-4.068882,6.067084
esp32-c3-004,16,50,52317,27.281929,-6.952762,-4.606444,-1.279286,-3.105087,4.121642
esp32-c3-004,16,51,52336,25.529373,-5.434838,-2.276886,-0.981914,-0.743697,2.903375
esp32-c3-004,16,52,52356,23.084892,-4.742914,-1.434127,-0.679213,1.395997,1.840989
esp32-c3-004,16,53,52376,21.011515,-3.878607,-1.941698,-0.057023,2.254806,0.406622
esp32-c3-004,16,54,52396,19.61809,-3.756502,-2.296039,0.541985,1.996337,-1.285948
esp32-c3-004,16,55,52416,18.404228,-4.711789,-2.296039,1.082371,1.213737,-3.093896
esp32-c3-004,16,56,52436,17.413029,-6.564901,-2.600103,1.69257,0.913966,-4.541053
esp32-c3-004,16,57,52456,16.333244,-8.355764,-4.218584,2.238018,1.239317,-5.510977
esp32-c3-004,16,58,52476,14.379576,-9.832987,-6.591237,2.529795,1.458349,-6.25574
esp32-c3-004,16,59,52496,13.268666,-10.905589,-6.703765,2.904175,1.004564,-7.19955
esp32-c3-004,16,60,52516,12.433089,-11.530476,-7.228095,3.300404,0.658695,-8.171605
esp32-c3-004,16,61,52536,10.457873,-11.575965,-10.721235,3.437366,1.001632,-8.731442
esp32-c3-004,16,62,52556,5.348647,-13.496115,-17.650055,2.775739,0.802052,-8.731442
esp32-c3-004,16,63,52576,-4.551377,-15.713146,-21.818359,2.115978,0.063152,-8.731442
esp32-c3-004,16,64,52596,-10.172963,-14.276625,-20.144814,1.428239,-0.328815,-8.731442
esp32-c3-004,16,65,52616,-9.303867,-11.496957,-17.542316,0.718916,-0.318956,-8.245682
esp32-c3-004,16,66,52636,-10.733206,-11.372458,-16.883911,-0.164141,0.628585,-7.602441
esp32-c3-004,16,67,52656,-13.208811,-13.333309,-16.728287,-0.920628,1.335776,-6.870735
esp32-c3-004,16,68,52676,-17.314867,-14.896723,-14.257471,-1.033608,0.947807,-5.832065
esp32-c3-004,16,69,52696,-19.136854,-14.489709,-10.163386,-0.225694,-0.504147,-4.951139
esp32-c3-004,16,70,52716,-19.58457,-13.354857,-7.565677,0.350665,-1.385338,-3.490392
esp32-c3-004,16,71,52736,-20.355503,-12.923901,-8.662222,0.125504,-0.670153,-1.48766
esp32-c3-004,16,72,52756,-20.846313,-12.571953,-8.90643,-0.262732,0.6523,0.900643
esp32-c3-004,16,73,52776,-18.746599,-11.207258,-9.121908,-0.275522,1.097026,2.994772
esp32-c3-004,16,74,52796,-14.978126,-9.382876,-10.709264,-0.048496,0.611531,4.104588
esp32-c3-004,16,75,52816,-12.083536,-7.304709,-14.408306,-0.011458,0.155881,5.128603
esp32-c3-004,16,76,52836,-10.311827,-6.155493,-17.731459,-0.762083,0.689605,6.578692
esp32-c3-004,16,77,52856,-7.271191,-6.131551,-19.194315,-2.278787,2.623323,8.509746
esp32-c3-004,16,78,52876,-2.877831,-7.173028,-18.399441,-4.290312,4.999902,8.731176
esp32-c3-004,16,79,52896,2.528277,-9.112331,-15.784972,-6.829433,7.566468,8.731176
esp32-c3-004,16,80,52916,7.225701,-11.602302,-9.65821,-8.731442,8.731176,8.731176
esp32-c3-004,16,81,52936,9.169792,-14.642938,0.804452,-8.731442,8.731176,8.731176
esp32-c3-004,16,82,52956,12.095507,-14.760254,9.258378,-8.731442,8.731176,8.419148
esp32-c3-004,16,83,52976,16.270994,-10.378864,16.201563,-6.771611,7.86011,5.358294
esp32-c3-004,16,84,52996,17.81286,-8.880095,14.346057,-4.941813,6.04177,2.27932
esp32-c3-004,16,85,53016,14.978126,-8.961497,12.734758,-2.381642,3.55381,-0.589681
esp32-c3-004,16,86,53036,9.344569,-10.419566,10.955867,-0.24781,0.675749,-2.36592
esp32-c3-004,16,87,53056,4.850653,-11.006145,9.55047,1.033608,-0.985911,-2.592147
esp32-c3-004,16,88,53076,3.531447,-9.639056,8.492233,1.677381,-1.474337,-1.787963
esp32-c3-004,16,89,53096,4.276044,-7.587225,7.606379,2.128769,-1.802885,-1.005097
esp32-c3-004,16,90,53116,5.688623,-5.93762,6.754043,2.773341,-2.626521,-0.822303
esp32-c3-004,16,91,53137,7.247249,-4.551377,4.912902,3.512775,-3.934319,-1.30913
esp32-c3-004,16,92,53156,7.187394,-3.646369,3.53863,4.121908,-5.03774,-2.045899
esp32-c3-004,16,93,53176,6.488286,-3.028665,2.734178,4.800854,-6.013792,-2.752291
esp32-c3-004,16,94,53196,6.045359,-2.92332,1.975216,5.295409,-6.782536,-3.624156
esp32-c3-004,16,95,53216,6.177041,-3.129222,0.414197,5.688974,-6.533393,-4.109118
esp32-c3-004,16,96,53236,6.241684,-2.674323,-2.679112,5.436101,-5.453688,-4.179464
esp32-c3-004,16,97,53256,5.482722,-2.047042,-5.200206,5.075578,-4.266064,-4.221565
esp32-c3-004,16,98,53276,4.058172,-2.236184,-6.220136,5.098759,-3.74593,-4.53226
esp32-c3-004,16,99,53296,2.674323,-2.885013,-6.749255,4.765948,-3.230058,-4.347069
